consulta,id,titulo,precio,tachado,dto_%,vendidos,estrellas,envio_etiquetas,sale_desde,precio_nuevo_usuario,url
quilted car basket,3256812301798937,Quilted Fabric Storage Basket Large Capacity Car Interior Storage Baskets Foldable Cotton Storage Pouch Daily ,7.66,,,3 sold,5,,CN,si,https://www.aliexpress.us/item/3256812301798937.html
quilted car basket,3256812833819732,Quilted Camping Bus Travel Trailer Storage Basket Large Capacity Laundry Hamper with Handles Clothes Storage B,15.72,20.96,25,,,,CN,si,https://www.aliexpress.us/item/3256812833819732.html
quilted car basket,3256811384035290,Airfriend Vintage Floral Organizers Basket With Handle Portable Home Room Quilted Foldable Storage Basket For ,1.09,19.58,94,700+ sold,4.8,"$1.04 each, ≥ 2 pieces | New shoppers save $18.49",CN,si,https://www.aliexpress.us/item/3256811384035290.html
quilted car basket,3256811744458808,ZG PU Large Capacity Quilted Leather Car Seat Back Organizer Hanging Storage Bag with Quick Release Buckle for,17.66,25.23,30,,,Free shipping | Extra 2% off with coins,CN,si,https://www.aliexpress.us/item/3256811744458808.html
quilted car basket,3256809606476934,Durable Extra Large Zippered Folding Storage Bag - Washable Organization for Clothes Quilts Toys Etc Suitable ,0.33,5.1,93,"1,000+ sold",4,Delivery: Oct 04 - 12,CN,si,https://www.aliexpress.us/item/3256809606476934.html
quilted car basket,3256808460573434,Square Storage Basket Lace Flower Desktop Organizer Storage Basket Korean Quilted Storage Basket Cute Storage ,1.09,3.94,72,"1,000+ sold",4.7,New shoppers save $2.85 | Top selling on AliExpress,CN,si,https://www.aliexpress.us/item/3256808460573434.html
quilted car basket,3256812980219629,"Red Plaid Double Bow Quilted Storage Basket, Desktop Cosmetic Daily Organizer Two Colors",1.09,14.13,92,5 sold,,"New shoppers save $13.04 | Early bird deal, only 15 left",CN,si,https://www.aliexpress.us/item/3256812980219629.html
quilted car basket,3256811787214631,Car Seat Back Storage Bag Universal Auto Seat Back Hanging Organizer Bag Leather Quilted Car Interior Storage ,18.59,26.56,30,,,Free shipping | Extra 2% off with coins,CN,si,https://www.aliexpress.us/item/3256811787214631.html
quilted car basket,3256810384477693,Thicken Baby Stroller Seat Cushion Pad for Car Puchair Liner Mat Cotton Breathable Cart Mattress Infant Newbor,7.81,28.19,72,500+ sold,4.8,"$7.42 each, ≥ 2 pieces | New shoppers save $20.38",CN,si,https://www.aliexpress.us/item/3256810384477693.html
quilted car basket,3256811928800002,Square Storage Basket Lace Flower Desktop Organizer Basket Korean Quilted Storage Basket Cute Storage Frame Ho,1.09,14.3,92,24 sold,5,"$1.04 each, ≥ 2 pieces | New shoppers save $13.21",CN,si,https://www.aliexpress.us/item/3256811928800002.html
quilted car basket,3256812082623100,Cute Quilting Cotton Cloth Storage Basket Pink Dots Lace Desktop Storage Basket Foldable Oval Storage Box Home,1.09,9.71,88,15 sold,5,"$1.02 each, ≥ 2 pieces | New shoppers save $8.62",CN,si,https://www.aliexpress.us/item/3256812082623100.html
quilted car basket,3256811829863868,Car Accessories Car Garbage with Lid Can Trash  Home Room House Automobiles Interior Case Holder Bin Car Baske,2.7,7.7,64,2 sold,,New shoppers save $5,CN,si,https://www.aliexpress.us/item/3256811829863868.html
quilted car basket,3256806810776010,Dog Car Seat Cover Foldable Hammock Pet Harness Cat Bag Basket Stable and Foldable Travel Pet Dog and Cat Safe,6.32,23.59,73,"1,000+ sold",4.9,New shoppers save $17.27 | Lowest price in 90 days,CN,si,https://www.aliexpress.us/item/3256806810776010.html
quilted car basket,3256812622482381,1PC Vintage French Blue Floral Quilted Storage Basket Portable Cosmetic Bag Soft Padded Desk Organizer for Bed,5.62,22.6,75,3 sold,,"$5.34 each, ≥ 2 pieces | New shoppers save $16.98",CN,si,https://www.aliexpress.us/item/3256812622482381.html
quilted car basket,3256809733540803,"1-Pack Car Trunk Organizer: Foldable, Multi-Compartment with Ergonomic Handle, for SUVs/Sedans/Trucks, Durable",1.09,14.33,92,"1,000+ sold",4.4,"$1.04 each, ≥ 2 pieces | New shoppers save $13.24",CN,si,https://www.aliexpress.us/item/3256809733540803.html
quilted car basket,3256811737939295,INS Square Stripe Storage Basket Desktop Organizer Basket Korean Quilted Storage Basket Cute Frame Home Decora,1.16,6.16,81,142 sold,4.8,New shoppers save $5 | Lowest price in 90 days,CN,si,https://www.aliexpress.us/item/3256811737939295.html
quilted car basket,3256809130362621,Dog Car Seat Cover Pet Travel Carrier Mattress Waterproof Dog Car Seat Protector With Middle Seat Armrest For ,14.19,32.26,56,"4,000+ sold",4.7,Top selling on AliExpress | Delivery: Oct 04 - 12,CN,si,https://www.aliexpress.us/item/3256809130362621.html
quilted car basket,3256811864173768,Dirty clothes storage basket Square box Folding toy storage basket Household storage box Household fabric quil,1.09,10.49,89,5 sold,5,"$1.02 each, ≥ 2 pieces | New shoppers save $9.4",CN,si,https://www.aliexpress.us/item/3256811864173768.html
quilted car basket,3256812749482216,Soft Breathable Stroller Seat Pad Wear-Resistant Universal Stroller Cushion Anti-Slip Stroller Basket Liner Su,3.64,9.64,62,2 sold,,New shoppers save $6,CN,si,https://www.aliexpress.us/item/3256812749482216.html
quilted car basket,3256811895074539,"Korean Floral Quilted Diaper Storage & Cosmetic Bag, Portable Travel Makeup Pouch for Mom & Baby, Multi-functi",1.09,10.91,89,4 sold,5,New shoppers save $9.82 | Delivery: Oct 04 - 12,CN,si,https://www.aliexpress.us/item/3256811895074539.html
quilted car basket,3256806989619488,Hand-Held Travel Quilt Waterproof Bag Moisture-Proof Dustproof Woven Mobile Packaging Bag for Easy Storage And,1.09,3.59,69,164 sold,3.4,New shoppers save $2.5 | Lowest price in 90 days,CN,si,https://www.aliexpress.us/item/3256806989619488.html
quilted car basket,3256810157064575,"1Pc Car Bed Extender – Ideal for Camping, Road Trips & Overnight Travel, Folding Extension Mattress.",25.39,64.05,60,461 sold,4.8,"$24.12 each, ≥ 2 pieces | New shoppers save $38.66",CN,si,https://www.aliexpress.us/item/3256810157064575.html
quilted car basket,3256812018254584,"Expandable Car Storage Organizer, Portable Collapsible Cargo Container for SUV, Truck, Van",12.84,36.41,64,90 sold,4.7,New shoppers save $23.57 | Delivery: Oct 04 - 12,CN,si,https://www.aliexpress.us/item/3256812018254584.html
quilted car basket,3256812960346459,"1pcs  Adorable quilted storage basket, desktop organizer, cosmetic, snack, and small item sorting bag, shelf s",2.13,18.77,88,1 sold,,"New shoppers save $16.64 | Early bird deal, only 4 left",CN,si,https://www.aliexpress.us/item/3256812960346459.html
quilted car basket,3256812960149151,"1pcs Cute Quilted Storage Basket for Desk Organization - Perfect for Cosmetics, Snacks, and Small Items",5.33,18.38,71,,,"Early bird deal, only 1 left | Delivery: Oct 04 - 12",CN,si,https://www.aliexpress.us/item/3256812960149151.html
quilted car basket,3256812896434070,Cotton Small Quilted Storage Basket Square Space Saving Floral Bow Storage Basket Folding with Partition,16.55,35.22,53,,,Delivery: Oct 04 - 12 | Extra 1% off with coins,CN,si,https://www.aliexpress.us/item/3256812896434070.html
quilted car basket,3256812160486040,Square Storage Basket Lace Flower Desktop Organizer Storage Basket Korean Quilted Storage Basket Cute Storage ,1.09,11.45,90,1 sold,4,"$1.03 each, ≥ 2 pieces | New shoppers save $10.36",CN,si,https://www.aliexpress.us/item/3256812160486040.html
quilted car basket,3256812986424601,Ins Multi-function Storage Basket Foldable Large Capacity Home Decorate Cosmetic Sundry Fresh Lattice Quilted ,1.09,13.04,91,1 sold,,"New shoppers save $11.95 | Early bird deal, only 3 left",CN,si,https://www.aliexpress.us/item/3256812986424601.html
quilted car basket,3256811904237839,Dog Car Seat Cover Foldable Hammock Pet Harness Cat Bag Basket Stable And Foldable Travel Pets Dog And Cat Saf,5.72,21.88,73,7 sold,3.5,New shoppers save $16.16 | Lowest price in 90 days,CN,si,https://www.aliexpress.us/item/3256811904237839.html
quilted car basket,3256812244355817,Fabric Storage Box Foldable Organizer Basket Bin with Handle for Clothes Quilt Toys Household Closet Desktop O,1.09,6.07,81,8 sold,,"$1.03 each, ≥ 2 pieces | New shoppers save $4.98",CN,si,https://www.aliexpress.us/item/3256812244355817.html
quilted car basket,3256812924687688,"YT Floral Quilted Storage Basket, Soft and Large Capacity, Portable Makeup Bag, Desktop Cosmetic Organizer for",6.69,13.38,50,351 sold,4.9,Delivery: Oct 04 - 12 | Extra 2% off with coins,CN,si,https://www.aliexpress.us/item/3256812924687688.html
quilted car basket,3256812317375244,Airfriend Large Capacity Vintage Bow Kont Organizers Basket With Handle Home Quilted Storage Basket For Pet To,1.09,12.82,91,13 sold,4,"$1.03 each, ≥ 2 pieces | New shoppers save $11.73",CN,si,https://www.aliexpress.us/item/3256812317375244.html
quilted car basket,3256812190116857,"YT Floral Quilted Storage Basket, Soft and Large Capacity, Portable Makeup Bag, Desktop Cosmetic Organizer for",2.15,15.55,86,13 sold,,"$2.04 each, ≥ 2 pieces | New shoppers save $13.4",CN,si,https://www.aliexpress.us/item/3256812190116857.html
quilted car basket,3256812345988663,"YT Large Flower Garden Series Quilted Storage Basket, Desktop Snack and Miscellaneous Items Organizer, Large C",1.71,23.28,92,5 sold,4.3,"$1.62 each, ≥ 2 pieces | New shoppers save $21.57",CN,si,https://www.aliexpress.us/item/3256812345988663.html
quilted car basket,3256812513537229,Quilted Quilted Storage Basket Dual Handles Open Top Foldable Fabric Basket Floral Print Rectangular Small Sto,1.09,8.27,86,1 sold,,New shoppers save $7.18,CN,si,https://www.aliexpress.us/item/3256812513537229.html
quilted car basket,3256811594150641,Quilted Table Basket Cute Bow Desk Accessories Organizers Container for Office Home Stationery Snack Toys,5.28,10.28,48,3 sold,5,New shoppers save $5 | Extra 2% off with coins,CN,si,https://www.aliexpress.us/item/3256811594150641.html
quilted car basket,3256808858908852,For Tesla Model Y Juniper Trunk Organizer Side Storage Box Boot Organizer Flocked TPE Mat Anti-dirty 2025 Car ,21.65,57.6,62,"5,000+ sold",4.9,New shoppers save $35.95 | Extra 2% off with coins,CN,si,https://www.aliexpress.us/item/3256808858908852.html
quilted car basket,3256811865860061,Reusable Portable Stroller Nappy Bag Quilted Embroidery Baby Diaper Caddy Large Capacity Versatile Baby Diaper,1.09,5.27,79,7 sold,,New shoppers save $4.18 | Lowest price in 90 days,CN,si,https://www.aliexpress.us/item/3256811865860061.html
quilted car basket,3256812780056930,Portable Stroller Nappy Bag Quilted Baby Diaper Caddy Organizer Embroidered Mommy Bags Babies Accessories Chan,3.97,19.94,80,1 sold,,New shoppers save $15.97 | Delivery: Oct 04 - 12,CN,si,https://www.aliexpress.us/item/3256812780056930.html
quilted car basket,3256812298011485,"YT New Bowknot Polka Dot Desktop Organizer Storage Box, Miscellaneous Item Storage Basket, Large Polka Dot Qui",1.35,13.8,90,5 sold,,"$1.28 each, ≥ 2 pieces | New shoppers save $12.45",CN,si,https://www.aliexpress.us/item/3256812298011485.html
quilted car basket,3256808223376632,Portable Stroller Nappy Bag Quilted Baby Diaper Caddy Organizer Embroidered Mommy Bags Babies Accessories Chan,1.09,5.49,80,2 sold,,New shoppers save $4.4,CN,si,https://www.aliexpress.us/item/3256808223376632.html
quilted car basket,3256807154422076,Portable Stroller Nappy Bag Quilted Baby Diaper Caddy Organizer Embroidered Mommy Bags Babies Accessories Chan,1.09,2.87,61,8 sold,1,New shoppers save $1.78 | Lowest price in 90 days,CN,si,https://www.aliexpress.us/item/3256807154422076.html
quilted car basket,3256812860753604,Sturdy Fabric Dog Car Seat Pet Travel Carrier Adjustable Safety Strap Comfy Cushion For Long Road Trip Reliabl,19.74,52.52,62,1 sold,,New shoppers save $32.78 | Delivery: Oct 04 - 12,CN,si,https://www.aliexpress.us/item/3256812860753604.html
quilted car basket,3256806909107099,Car High Capacity Multifunction Seat Storage Bag For Back Seat Portable Reusable Storage Bag Shopping Basket C,5.23,21.31,75,15 sold,4,New shoppers save $16.08 | Lowest price in 90 days,CN,si,https://www.aliexpress.us/item/3256806909107099.html
quilted car basket,3256809896047671,GO PEAK MOUNTAINHIKER 36L Khak Pulley Warm Box Outdoor Incubator Portable Warm Box BBQ Car Refrigerator Box wi,95.45,209.27,54,600+ sold,4.8,New shoppers save $113.82 | Top selling on AliExpress,CN,si,https://www.aliexpress.us/item/3256809896047671.html
quilted car basket,3256812453344223,Large Capacity Floral Storage Basket Collapsible Cotton Quilted Storage Basket with Handle Flower Pattern Stor,2,7,71,3 sold,,New shoppers save $5,CN,si,https://www.aliexpress.us/item/3256812453344223.html
quilted car basket,3256812845385740,1Pcs Waterproof Car Backseat Organizer with Insulated Cooler Pocket Mesh Storage for Long Drive Family Travel,6.76,13.8,51,,,Delivery: Oct 04 - 12 | Extra 1% off with coins,CN,si,https://www.aliexpress.us/item/3256812845385740.html
quilted car basket,3256812912422379,Quilted Quilted Storage Basket Dual Handles Fabric Foldable Fabric Basket Open Top Floral Print Small Storage ,1.44,6.44,77,1 sold,,New shoppers save $5,CN,si,https://www.aliexpress.us/item/3256812912422379.html
quilted car basket,3256812368301192,Airfriend Grid Organizers Basket With Handle Portable Home Room Small Storage Basket For Snack Clothes Toys St,2.05,15.33,86,5 sold,,"$1.95 each, ≥ 2 pieces | New shoppers save $13.28",CN,si,https://www.aliexpress.us/item/3256812368301192.html
quilted car basket,3256810619579719,1PC 24/66/100L Large capacity clothes basket Steel frame foldable clothes storage box Cotton quilt hat scarf  ,10.83,35.06,69,20 sold,5,"$10.72 each, ≥ 2 pieces | New shoppers save $24.23",CN,si,https://www.aliexpress.us/item/3256810619579719.html
quilted car basket,3256812747165400,1pc Foldable Car Trunk Storage Box Multifunctional Auto Sundries Organizer Basket for Vehicle Daily Travel Sup,3.22,17.12,81,1 sold,,New shoppers save $13.9 | Delivery: Oct 04 - 12,CN,si,https://www.aliexpress.us/item/3256812747165400.html
quilted car basket,3256812299967467,Collapsible Black Car Trash Can Pack Trash Bag Rubbish Waste Bin for Little Leak Proof Car Cooler Bag Garbage ,1.09,7.55,85,1 sold,,New shoppers save $6.46 | Delivery: Oct 04 - 12,CN,si,https://www.aliexpress.us/item/3256812299967467.html
quilted car basket,3256811707107399,Airfriend Vintage Floral Organizers Basket With Handle Portable Home Room Quilted Foldable Storage Basket For ,5.42,20.84,73,14 sold,4.7,"$5.15 each, ≥ 2 pieces | New shoppers save $15.42",CN,si,https://www.aliexpress.us/item/3256811707107399.html
quilted car basket,3256810367704079,INS Square Storage Basket Lace Flower Desktop Organizer Basket Korean Quilted Storage Basket Cute Frame Home D,1.09,5.48,80,309 sold,4.6,New shoppers save $4.39 | Lowest price in 90 days,CN,si,https://www.aliexpress.us/item/3256810367704079.html
quilted car basket,3256812627806010,Storage Basket Lace Flower Desktop Organizer Storage Basket Korean Quilted Storage Basket Cute Storage Frame H,2.01,16.34,87,15 sold,,"$1.91 each, ≥ 2 pieces | New shoppers save $14.33",CN,si,https://www.aliexpress.us/item/3256812627806010.html
quilted car basket,3256812952564949,"Gentle Small Red Plaid Storage Basket,Quilted Craft,Double Bow Design,Organizer for Desktop,Maternity,Daily Co",16.46,40.15,59,,,"Early bird deal, only 1 left | Delivery: Oct 04 - 12",CN,si,https://www.aliexpress.us/item/3256812952564949.html
quilted car basket,3256811834542644,Ins Fresh Plaid Fabric Storage Basket Cosmetics Sundry Storage Basket Quilted Desktop Organization and Storage,1.09,11.53,90,9 sold,,"$1.04 each, ≥ 2 pieces | New shoppers save $10.44",CN,si,https://www.aliexpress.us/item/3256811834542644.html
quilted car basket,3256812448859273,Polka Dot Ruffled Storage Foldable Quilting Cotton Cloth Storage Basket Oval Lace Storage Box Pink Dots Deskto,1.94,14.77,86,1 sold,,New shoppers save $12.83 | Delivery: Oct 04 - 12,CN,si,https://www.aliexpress.us/item/3256812448859273.html
quilted car basket,3256812874971165,1Pc Car Felt Storage Box Enlarged Thickened Storage Bag Dual‑Use for Car Household Organizer Accessory,8.73,17.46,50,,,Delivery: Oct 04 - 12 | Extra 1% off with coins,CN,si,https://www.aliexpress.us/item/3256812874971165.html
quilted car basket,3256806989289622,Foldable Non Woven Zippered Storage Bag Portable Quilt Storage Basket Large Capacity Wardrobe Sorting Storage ,1.09,2.88,62,16 sold,1,New shoppers save $1.79 | Lowest price in 90 days,CN,si,https://www.aliexpress.us/item/3256806989289622.html
quilted car basket,3256809268464648,1-Pack Extra Long Shoe Horn - Father's Day Gift for Elderly & Back Pain Sufferers,2.6,5.98,56,121 sold,4.7,Delivery: Oct 02 - 08 | Free shipping,US,si,https://www.aliexpress.us/item/3256809268464648.html
quilted car basket,3256812809976253,"Foldable Baby Cradle Swing with Music & Timer, 5 Speed Electric Stand Crib Auto Rocking Chair Bed, Portable In",23.57,89.26,73,34 sold,4,New shoppers save $65.69 | Lowest price in 30 days,US,si,https://www.aliexpress.us/item/3256812809976253.html
quilted car basket,3256812656394977,"55Lbs Airtight Pet Food Storage Container with Wheels, Large Capacity Sealed Dog Cat Food Bin with Measuring C",11.34,35.44,68,12 sold,3.2,Free shipping,US,si,https://www.aliexpress.us/item/3256812656394977.html
quilted car basket,3256812281482086,"Car Trunk Organizer For SUV, Black Gray 35.4x13.8x11.8, With Lid & Handle, Foldable 3 Section Non-Slip Storage",20.02,66.7,69,4 sold,5,"New shoppers save $46.68 | Early bird deal, only 1 left",US,si,https://www.aliexpress.us/item/3256812281482086.html
quilted car basket,3256812772097454,Garvee 55L Foldable Plastic Milk Storage Crate Heavy Duty Stackable Plastic Crates Folding Storage Baskets for,22.07,108.29,79,3 sold,,"New shoppers save $86.22 | Early bird deal, only 3 left",US,si,https://www.aliexpress.us/item/3256812772097454.html
quilted car basket,3256812894508709,Beautiful Storage Basket Set Of 5 - Sturdy Rope Baskets for Shelves Are Perfect for Organizing Your Home - Qua,14.59,68.67,78,4 sold,,"Early bird deal, only 3 left | Free shipping",US,si,https://www.aliexpress.us/item/3256812894508709.html
quilted car basket,3256813079768132,Magnetic Cable Clip Cable Holder Adhesive Wire Keeper Cord Cable Organizer for Home Office Under Desk Manageme,0.33,2.46,86,"50,000+ sold",4.9,Delivery: Oct 04 - 12,CN,si,https://www.aliexpress.us/item/3256813079768132.html
quilted car basket,3256809459565280,Cable Clips Organizer Drop Wire Holder Cord Management Self-Adhesive Cable Manager Fixed Clamp Wire Winder For,,,,"10,000+ sold",4.7,,,,https://www.aliexpress.us/item/3256809459565280.html
quilted car basket,3256813068954838,5/10/17L Portable Folding Bucket Multifunctional Thickened Silicone Bucket for Car Washing and Fishing Camping,1.33,9.25,85,"10,000+ sold",4.9,Delivery: Oct 04 - 12,CN,si,https://www.aliexpress.us/item/3256813068954838.html
quilted car basket,3256813069164521,Portable Mesh Pop Up Laundry Hamper Wide Opening Breathable Collapsible Space-Saving Laundry Basket Dorm Trave,1.33,8.32,83,"10,000+ sold",4.9,Delivery: Oct 04 - 12,CN,si,https://www.aliexpress.us/item/3256813069164521.html
quilted car basket,3256806026357056,Sink Draining Hanging Basket Adjustable Kitchen Accessories Rubber Sink Bag Soap Sponge Shelf Faucet Holder fo,0.33,7.97,95,"5,000+ sold",4.6,Top selling on AliExpress | Delivery: Oct 04 - 12,CN,si,https://www.aliexpress.us/item/3256806026357056.html
quilted car basket,3256806616731746,50Pcs Air Fryer Disposable Paper Non-Stick Airfryer Baking Papers Round Air-Fryer Paper Liners Paper Kitchen A,0.33,4.17,92,"50,000+ sold",4.6,Top selling on AliExpress | Delivery: Oct 04 - 12,CN,si,https://www.aliexpress.us/item/3256806616731746.html
quilted car basket,3256807619516272,10/50/100pcs Funny Dog Stickers Cartoon Cute Decals Toy Stationery Guitar Phone Bicycle Laptop Luggage Car Gra,0.65,1.34,52,"10,000+ sold",4.9,Delivery: Oct 04 - 12 | Extra 2% off with coins,CN,si,https://www.aliexpress.us/item/3256807619516272.html
quilted car basket,3256812336201565,SEAMETAL Under Seat Storage Box Universal Car Seat Bottom Organizer Box Removable Storage Box Gadget Case Univ,,,,"10,000+ sold",4.4,,,,https://www.aliexpress.us/item/3256812336201565.html
quilted car basket,3256806196171413,100Pcs Soft Silicone Rubber Anti Slip Bumpers Feet Pads Damper Buffer Cabinet Bumpers Silicone Furniture Pads ,,,,"10,000+ sold",4.8,,,,https://www.aliexpress.us/item/3256806196171413.html
quilted car basket,3256806658244326,Portable Bluetooth Selfie Stick Tripod Holder with Remote Shutter Fill Light Extendable Wireless Remote Retrac,4.39,15.51,71,"10,000+ sold",4.3,Delivery: Oct 04 - 12,CN,si,https://www.aliexpress.us/item/3256806658244326.html
quilted car basket,3256810253152282,Car Armrest Cushion Booster Pad Central Armrest Box Plush Pad Protection Cover Anti Scratch Universal Heighten,0.33,4.52,92,"10,000+ sold",4.9,Delivery: Oct 04 - 12,CN,si,https://www.aliexpress.us/item/3256810253152282.html
quilted car basket,3256808671233216,Foldable Minimalist Striped Laundry Basket Multi Use Collapsible Storage Organizer for Bathroom Bedroom Toy Cl,1.09,3.94,72,"2,000+ sold",4.2,New shoppers save $2.85 | Delivery: Oct 04 - 12,CN,si,https://www.aliexpress.us/item/3256808671233216.html
quilted car basket,3256810253039734,1/5pcs 360° Rotating Storage Hanger Hook Multi-Claw Bag Metal Belts Rack Wooden Organizer For Bras Ties Househ,0.33,4.79,93,"10,000+ sold",4.9,Delivery: Oct 04 - 12,CN,si,https://www.aliexpress.us/item/3256810253039734.html
quilted car basket,3256812511766077,New Fruit  NeeDoh Squishy Toy Simulated Strawberry Bananab Orange Fidget Sensory Toy Stress Relief Anti-Anxiet,1.09,10.63,89,"2,000+ sold",4.4,New shoppers save $9.54 | Extra 1% off with coins,CN,si,https://www.aliexpress.us/item/3256812511766077.html
quilted car basket,3256805668157435,100Pcs Self Adhesive Door Stopper Rubber Damper Buffer Cabinet Bumpers Silicone Furniture Pads Cushion Protect,,,,"50,000+ sold",4.7,,,,https://www.aliexpress.us/item/3256805668157435.html
quilted car basket,3256811990731790,10/50/100Pcs Envelope Bag Plastic Express Envelope Storage Bag Gray White Mailing Bag Self Adhesive Sealed Exp,0.33,7.14,95,"5,000+ sold",4.9,Delivery: Oct 04 - 12,CN,si,https://www.aliexpress.us/item/3256811990731790.html
quilted car basket,3256808930115782,Portable Magnetic Nail Art Organizer Tray Cat Eyes Design Storage Container for Nail Grinding Heads Tool Holde,1.33,5.62,76,"5,000+ sold",4.9,Delivery: Oct 04 - 12,CN,si,https://www.aliexpress.us/item/3256808930115782.html
quilted car basket,3256812858965802,Home Parasol Holder Solid Wood Square Umbrella Stand Hotel Lobby Umbrella Rack Stable Load-bearing Parasol Sta,23.58,79.38,70,1 sold,,"New shoppers save $55.8 | Early bird deal, only 4 left",US,si,https://www.aliexpress.us/item/3256812858965802.html
quilted car basket,3256808325127066,8PCS Suitcase Wheels Protection Cover Silent Rubber Luggage Roller Cover Trolley Box Casters Cover Travel Lugg,,,,"10,000+ sold",4.6,,,,https://www.aliexpress.us/item/3256808325127066.html
quilted car basket,3256806945145194,90 Degree USB Cable For iPhone 14 13 12 11 Pro Max X XR 6s 7 8 Plus 2m 3m Lead Mobile Phone Fast Charging Cord,,,,"10,000+ sold",4.7,,,,https://www.aliexpress.us/item/3256806945145194.html
quilted car basket,3256810099300280,Q Version The Apothecary Diaries Maomao Jinshi Mini Figure Anime Periphery Kawaii Sitting Toys Desktop Car Orn,0.33,5.88,94,"10,000+ sold",4.9,Delivery: Oct 04 - 12,CN,si,https://www.aliexpress.us/item/3256810099300280.html
quilted car basket,3256806336175842,NewAuto Car Cleaning Pad Glue Powder Cleaner Magic Cleaner Dust Remover Gel Home Computer Keyboard Clean Tool ,0.33,6.63,95,"10,000+ sold",4.3,Top selling on AliExpress,CN,si,https://www.aliexpress.us/item/3256806336175842.html
quilted car basket,3256807483543259,1-5PCS Kitchen Garbage Bag Storage Grocery Bag Holder Wall Mount Plastic Bag Holder Dispenser Hanging Storage ,,,,"4,000+ sold",4.5,,,,https://www.aliexpress.us/item/3256807483543259.html
quilted car basket,3256812724625750,"Cotton Laundry Shoe Bag 1/2PCS, Soft Fluffy Fibers for Easy Dirt Removal, Anti-Deformation Wash Organizer for ",1.09,11.69,90,"1,000+ sold",4.8,New shoppers save $10.6 | Top selling on AliExpress,CN,si,https://www.aliexpress.us/item/3256812724625750.html
quilted car basket,3256811348064326,PVC Transparent Waterproof Phone Pouch Luminous Touchscreen Dry Bag with Seal Lock for Swimming Diving Hot Spr,,,,"10,000+ sold",4.6,,,,https://www.aliexpress.us/item/3256811348064326.html
quilted car basket,3256805317971919,Large Capacity Clothes Storage Bag Organizer With Reinforced Handle Suitable For Blankets Bedding Foldable Wit,,,,"50,000+ sold",4.6,,,,https://www.aliexpress.us/item/3256805317971919.html
quilted car basket,3256806568032703,100pcs Kawaii Jiikawa Cartoon Stickers Decorative Desk Laptop Scrapbook Luggage Stationery Cute Graffiti Stick,,,,"10,000+ sold",4.8,,,,https://www.aliexpress.us/item/3256806568032703.html
quilted car basket,3256813079679455,"Car Seat Backrest Storage Rack with Cup Holder, Phone Holder, and Hooks, Saving Space, Automotive Parts",0.33,5.87,94,"3,000+ sold",4.9,Delivery: Oct 04 - 12,CN,si,https://www.aliexpress.us/item/3256813079679455.html
quilted car basket,3256806796431952,Silicone USB Cable Organizer USB Charging Cable Winder Desktop Tidy Management Clips Cable Holder For Mouse ea,0.92,1.83,50,"50,000+ sold",4.9,Delivery: Oct 04 - 12 | Extra 2% off with coins,CN,si,https://www.aliexpress.us/item/3256806796431952.html
quilted car basket,3256809276079133,Espresso Puck Screen Coffee Filter Reusable Stainless Steel Holder 0.2mm For 51/54/58mm Coffee Portafilter Bar,,,,"10,000+ sold",4.8,,,,https://www.aliexpress.us/item/3256809276079133.html
quilted car basket,3256812606193194,2026 Top Selling BTSkpop World Tour Concert Style Tank Top Printed Fan Essential Fashion Trend Concert Style,1.92,16.5,88,"1,000+ sold",4.9,New shoppers save $14.58 | Top selling on AliExpress,CN,si,https://www.aliexpress.us/item/3256812606193194.html
quilted car basket,3256808347151906,Stainless Steel Kitchen Sink Strainer Thickened Anti Clog Drain Filter Universal Leak Proof Mesh for Sink Bask,,,,"5,000+ sold",4.7,,,,https://www.aliexpress.us/item/3256808347151906.html
quilted car basket,3256807488118837,50/100pcs Disposable Air Fryer Paper Rectangle Kitchen Baking Airfryer Mat Oilproof Micro-wave Barbecue Baking,,,,"10,000+ sold",4.6,,,,https://www.aliexpress.us/item/3256807488118837.html
quilted car basket,3256813044378484,Cream Folding Laundry Basket with Wheels Large Capacity Breathable Hamper Portable Rolling Clothes Storage Bin,19.63,103.71,81,1 sold,1,"New shoppers save $84.08 | Early bird deal, only 4 left",US,si,https://www.aliexpress.us/item/3256813044378484.html
quilted car basket,3256809614111138,2Pcs Car Seat Gap Filler Seat Crevice Storage Box Bag Between Seats Console Organizer Decoration Interior Auto,,,,"50,000+ sold",4.4,,,,https://www.aliexpress.us/item/3256809614111138.html
quilted car basket,3256808050235541,1pcs White Waterproof Cars Wheel Tire Oily Mark Pen Auto Rubber Tyre Paint Pen Cd Metal Permanent Paint Marker,,,,"10,000+ sold",4.5,,,,https://www.aliexpress.us/item/3256808050235541.html
quilted car basket,3256812758329674,100PCS Black Thickened Plastic Vest Bags - Supermarket Shopping Bags for Takeaway Kitchen Garbage Storage Pack,2.24,17.16,86,"5,000+ sold",4.5,New shoppers save $14.92 | Top selling on AliExpress,CN,si,https://www.aliexpress.us/item/3256812758329674.html
quilted car basket,3256805005878655,Home Storage Drain Basket Kitchen Sink Holder Adjustable Soap Sponge Shlf Hanging Drain Basket Bag Kitchen Acc,,,,"1,000+ sold",4.7,,,,https://www.aliexpress.us/item/3256805005878655.html
quilted car basket,3256811786277203,Silicone Toilet Tank Tablet Holder Versatile Toilet Bowl Hanging Cleaner and Deodorizer Hanger,3.59,8.5,57,"5,000+ sold",4.8,Top selling on AliExpress | Delivery: Oct 04 - 12,CN,si,https://www.aliexpress.us/item/3256811786277203.html
quilted car basket,3256806776932703,"Car Trash Can (with Lid) Contains 60 (300) Garbage Bags, Small Car Trash Can, Leak-proof Mini Car Accessories",5.19,11.99,56,"10,000+ sold",4.5,Top selling on AliExpress | Delivery: Oct 04 - 12,CN,si,https://www.aliexpress.us/item/3256806776932703.html
quilted car basket,3256808473882862,6-Pocket Car Seat Back Storage Bag Wear-Resistant Car Backseat Organizer Tissue/Cup Holder Waterproof Anti-Kic,6.79,13.69,50,"2,000+ sold",4.9,Delivery: Oct 04 - 12,CN,si,https://www.aliexpress.us/item/3256808473882862.html
quilted car basket,3256811474042557,"UV Sun Protection Arm Sleeves for Men Women Youth Cover Arms, Compression Sun Sleeves Sports Outdoor Baseball ",,,,"1,000+ sold",4.4,,,,https://www.aliexpress.us/item/3256811474042557.html
quilted car basket,3256807368874940,Portable Toothpaste Toothbrush Protect Holder Case Travel Camping Storage Box Organizer Travel Toiletries Stor,,,,"5,000+ sold",4.3,,,,https://www.aliexpress.us/item/3256807368874940.html
quilted car basket,3256810253111452,Portable Rechargeable Contact Lens Cleaner Machine for Disposable Soft Color Lens RGP OK Lens,6.79,14.09,51,"3,000+ sold",4.9,Delivery: Oct 04 - 12,CN,si,https://www.aliexpress.us/item/3256810253111452.html
quilted car basket,3256812703012365,Water Waves Flow Simulation Desktop Luminous Ornaments Atmosphere Decoration On Bag Neck Pendant,7.33,15.96,54,700+ sold,4.8,Top selling on AliExpress | Delivery: Oct 04 - 12,CN,si,https://www.aliexpress.us/item/3256812703012365.html
quilted car basket,2255799980691297,New Bathroom Dish Plate Case Home Shower Travel Hiking Holder Container Soap Box Plastic Soap Box Dispenser So,,,,"5,000+ sold",4.5,,,,https://www.aliexpress.us/item/2255799980691297.html
quilted car basket,3256806687596766,Folding Dirty Laundry Sorting Basket Washing Frame Bathroom Cloth Mesh Storage Bag Frame Bucket Laundry Organi,,,,"1,000+ sold",4.5,,,,https://www.aliexpress.us/item/3256806687596766.html
quilted car basket,3256808524579327,"Durable Shoe Washing Machine Bag for All Shoe Types-Yellow with Blue Zipper,Ideal for Sneakers and Casual Shoe",,,,100K+ sold,4.8,,,,https://www.aliexpress.us/item/3256808524579327.html
quilted car basket,3256809231263517,Stainless Steel Fine Net Fishing Net - Retractable and Durable Aquarium and Fish Tank To Catch Small Fish Acce,,,,"5,000+ sold",4.8,,,,https://www.aliexpress.us/item/3256809231263517.html
quilted car basket,3256812791676804,Key Keeper Combination Lock Wall Mounted Waterproof 4 Digits Passwords 5 Keys Storage Box Easy to Fix Home Or ,1.33,7.11,81,"10,000+ sold",4.9,Delivery: Oct 04 - 12,CN,si,https://www.aliexpress.us/item/3256812791676804.html
quilted car basket,3256805445734162,2pcs Car Rear Side Window Sunshade UV Protect Shield Mesh Prevent Mosquito Sunshine Privacy Protection Foldabl,,,,"5,000+ sold",4.4,,,,https://www.aliexpress.us/item/3256805445734162.html
quilted car basket,3256807513884202,Waterproof Bike Cover Sun Protection Outdoor Bicycle Cover Multifunctional Electric Vehicle Cover for Bicycle ,2.33,9.97,76,"5,000+ sold",4.3,Top selling on AliExpress | Delivery: Oct 04 - 12,CN,si,https://www.aliexpress.us/item/3256807513884202.html
quilted car basket,3256812854050201,"Cute Cat Relax Button Keycap, Kawaii Cat 4-Key Keyboard Fidget Toy for Friends Gift, Portable Fidget Keychain ",2.99,6.25,52,"4,000+ sold",4.9,Delivery: Oct 04 - 12,CN,si,https://www.aliexpress.us/item/3256812854050201.html
quilted car basket,3256808499700414,7pcs Stainless Steel Bead Needles Magical Fine Bead DIY Jewelry Making Tools  Handicrafts Bead Accessories Stu,,,,"5,000+ sold",4.7,,,,https://www.aliexpress.us/item/3256808499700414.html
quilted storage basket handle,3256811384035290,Airfriend Vintage Floral Organizers Basket With Handle Portable Home Room Quilted Foldable Storage Basket For ,1.09,19.58,94,700+ sold,4.8,"$1.04 each, ≥ 2 pieces | New shoppers save $18.49",CN,si,https://www.aliexpress.us/item/3256811384035290.html
quilted storage basket handle,3256812376454087,Soft Floral Quilted Storage Basket Kawaii Handheld Cosmetic Organizer Large Capacity Desktop Bedroom Makeup St,1.09,10.12,89,21 sold,,New shoppers save $9.03 | Delivery: Oct 04 - 12,CN,si,https://www.aliexpress.us/item/3256812376454087.html
quilted storage basket handle,3256811999935364,Fabric Floral Pattern Storage Basket Large Capacity Quilted Design Fabric Laundry Basket Easy Carry Handles Co,6.96,11.96,41,9 sold,,New shoppers save $5,CN,si,https://www.aliexpress.us/item/3256811999935364.html
quilted storage basket handle,3256812224482810,Airfriend Large Capacity Flower Organizers Basket With Handle Home Room Quilted Storage Basket For Pet Toys Or,1.09,13.32,91,157 sold,4.6,"$1.04 each, ≥ 2 pieces | New shoppers save $12.23",CN,si,https://www.aliexpress.us/item/3256812224482810.html
quilted storage basket handle,3256812827021025,Large Capacity Vintage Flower Basket Organizers With Handle Home Room Quilted Foldable Storage Basket Pet Toys,6.71,24.91,73,2 sold,5,New shoppers save $18.2 | Delivery: Oct 04 - 12,CN,si,https://www.aliexpress.us/item/3256812827021025.html
quilted storage basket handle,3256812834439441,1PC SML Vintage Floral Storage Basket With Handle Home Room Quilted Organizer Basket For Makeup Toiletry Cloth,1.36,12.72,89,5 sold,,New shoppers save $11.36 | Delivery: Oct 04 - 12,CN,si,https://www.aliexpress.us/item/3256812834439441.html
quilted storage basket handle,3256811667933320,with Handle Quilted Laundry Basket Foldable Large Capcity Fabric Floral Storage Bag Foral Pattern Save Space,23.42,29.42,20,26 sold,5,New shoppers save $6,CN,si,https://www.aliexpress.us/item/3256811667933320.html
quilted storage basket handle,3256808741904497,Woven Vintage Storage Rack Basket Boho Pastoral Home Decor Covered Storage Box Desktop Miscellaneous Storage B,5.99,12.87,53,"1,000+ sold",4.5,Top selling on AliExpress | Delivery: Oct 04 - 12,CN,si,https://www.aliexpress.us/item/3256808741904497.html
quilted storage basket handle,3256813057740080,"Gingham Quilted Storage Basket with Handles, Portable Fabric Organizer Bag for Cosmetics, Desktop & Bathroom S",1.09,14.64,92,2 sold,,"New shoppers save $13.55 | Early bird deal, only 3 left",CN,si,https://www.aliexpress.us/item/3256813057740080.html
quilted storage basket handle,3256812189258721,Vintage Floral Organizers Basket With Handle Home Room Quilted Storage Basket For  Laundry Basket Snack Clothe,15.91,45.65,65,3 sold,,New shoppers save $29.74 | Delivery: Oct 04 - 12,CN,si,https://www.aliexpress.us/item/3256812189258721.html
quilted storage basket handle,3256811560774863,Boho Quilted Laundry Basket Floral Fabric with Handles Clothes Storage Bucket Soft 14×18in Storage Basket For ,13.17,20.58,36,21 sold,4.6,,CN,si,https://www.aliexpress.us/item/3256811560774863.html
quilted storage basket handle,3256811745413454,Large Capacity Laundry Storage Dirty Clothes Storage Basket with Handle Hamper Collapsible Laundry Basket Bath,1.09,15.76,93,445 sold,4.9,New shoppers save $14.67 | Top selling on AliExpress,CN,si,https://www.aliexpress.us/item/3256811745413454.html
quilted storage basket handle,3256812101086873,Boho Floral Quilted Laundry Basket Large Fabric Clothes Storage Bin With Handles Artistic Dust-Proof Home Orga,13.37,48.63,72,18 sold,5,New shoppers save $35.26 | Delivery: Oct 04 - 12,CN,si,https://www.aliexpress.us/item/3256812101086873.html
quilted storage basket handle,3256812513537229,Quilted Quilted Storage Basket Dual Handles Open Top Foldable Fabric Basket Floral Print Rectangular Small Sto,1.09,8.27,86,1 sold,,New shoppers save $7.18,CN,si,https://www.aliexpress.us/item/3256812513537229.html
quilted storage basket handle,3256811979750527,Fabric Floral Pattern Storage Basket Easy Carry Handles Large Capacity Fabric Laundry Basket Collapsible Desig,6.73,11.73,42,16 sold,5,New shoppers save $5,CN,si,https://www.aliexpress.us/item/3256811979750527.html
quilted storage basket handle,3256812919557471,Cotton rope woven storage basket Cross-border oval leather handle storage basket Tabletop storage basket Cosme,14.94,,,,,,CN,si,https://www.aliexpress.us/item/3256812919557471.html
quilted storage basket handle,3256812824472734,Highland Cow Floral Quilted Laundry Basket Clothes Foldable Storage Bin Home Organizer Hamper with Handles,16.19,21.59,25,2 sold,,,CN,si,https://www.aliexpress.us/item/3256812824472734.html
quilted storage basket handle,3256812050039363,Boho Quilted Laundry Basket 14×18in Floral Fabric Clothes Storage Bucket with Handles Soft Storage Basket For ,14,40.82,65,3 sold,,New shoppers save $26.82 | Delivery: Oct 04 - 12,CN,si,https://www.aliexpress.us/item/3256812050039363.html
quilted storage basket handle,3256811585934817,Fashion Boho Quilted Laundry Basket 14×18in Floral Fabric Clothes Storage Bucket Soft with Handles Storage Bas,16.51,22.93,28,17 sold,5,,CN,si,https://www.aliexpress.us/item/3256811585934817.html
quilted storage basket handle,3256813058636876,3-Tier Foldable Metal Fruit & Vegetable Storage Rack with Wooden Handle - Kitchen Countertop Organizer Basket ,9.11,82.48,88,,,"Early bird deal, only 1 left | Free shipping",US,si,https://www.aliexpress.us/item/3256813058636876.html
quilted storage basket handle,3256812907004588,New Boho Quilted Laundry Basket Large Capacity with Handles Laundry Hamper Soft Floral Fabric Storage Basket H,21.65,,,3 sold,,,CN,si,https://www.aliexpress.us/item/3256812907004588.html
quilted storage basket handle,3256812478922825,Airfriend Large Capacity Vintage Flower Organizers Basket With Handle Home Quilted Storage Basket For Pet Toys,8.93,30.28,70,10 sold,,"$8.48 each, ≥ 2 pieces | New shoppers save $21.35",CN,si,https://www.aliexpress.us/item/3256812478922825.html
quilted storage basket handle,3256811565764753,Boho Quilted Laundry Basket Floral Fabric 14×18in Clothes Storage Bucket with Handles Soft Storage Basket For ,16.34,23.01,29,11 sold,5,,CN,si,https://www.aliexpress.us/item/3256811565764753.html
quilted storage basket handle,3256808673262994,Large Waterproof Laundry Basket with Dual Handles Versatile Storage Solution for Bedroom Bathroom and Dorm for,18.8,23.8,21,33 sold,4.6,New shoppers save $5,CN,si,https://www.aliexpress.us/item/3256808673262994.html
quilted storage basket handle,3256812060663261,with Handle Quilted Laundry Basket Foldable Foral Pattern Fabric Floral Storage Bag Large Capcity Save Space,23.32,32.32,27,7 sold,4.5,New shoppers save $9,CN,si,https://www.aliexpress.us/item/3256812060663261.html
quilted storage basket handle,3256813075722551,Quilted Basket Cute Cat Design Foldable Organizer with Handles Large Laundry Basket for Bathroom Dorm College ,30.85,88.18,65,,,"Early bird deal, only 1 left | 4 × $7.71 with no interest",CN,si,https://www.aliexpress.us/item/3256813075722551.html
quilted storage basket handle,3256812996932885,Foldable Quilted Fabric Laundry Basket with Handle Large Capacity Floral Pattern Storage Bag Space Saving Home,16.77,27.95,40,,,Extra 5% off with coins,CN,si,https://www.aliexpress.us/item/3256812996932885.html
quilted storage basket handle,3256812449981572,Oval Metal Wire Storage Basket with Handle for Gathering Vegetables Multi Functional Mesh Basket for Kitchen B,11.99,23.98,50,1 sold,,,CN,si,https://www.aliexpress.us/item/3256812449981572.html
quilted storage basket handle,3256813041152005,Stylish Quilted Dirty Clothes Hamper With Convenient Handles Household Storage Bag For Bedroom Or Bathroom Org,16.15,32.3,50,,,,CN,si,https://www.aliexpress.us/item/3256813041152005.html
quilted storage basket handle,3256812999764682,Multi Color Pattern Quilted Laundry Basket Large Capacity Space Saving Dirty Clothes Storage Basket with Handl,12.94,23.53,45,,,,CN,si,https://www.aliexpress.us/item/3256812999764682.html
quilted storage basket handle,3256812656818618,Fabric Floral Laundry Basket Quilted Large Capacity Storage Bin with External Pockets Portable Handle Home,15.39,29.59,48,,,Free shipping,CN,si,https://www.aliexpress.us/item/3256812656818618.html
quilted storage basket handle,3256812987771487,"Small Basket Gift Basket, Foldable Cotton Linen Storage Box With Handle Waterproof Desktop Sundries Cosmetic O",1.09,3.31,67,1 sold,,New shoppers save $2.22,CN,si,https://www.aliexpress.us/item/3256812987771487.html
quilted storage basket handle,3256812858582755,Quilted Blue Artificial Hang Flower Storage Basket Large Laundry Hamper with Handles Clothes Storage Bin Home ,15.72,20.96,25,,,,CN,si,https://www.aliexpress.us/item/3256812858582755.html
quilted storage basket handle,3256813056350701,"Quilted Cotton Storage Basket with Ribbon Trim and Flower-Pattern Lining, Accessible Opening, and 2 Carry Hand",5.86,9.01,35,,,,CN,si,https://www.aliexpress.us/item/3256813056350701.html
quilted storage basket handle,3256813066280864,Personalized Quilted Floral Storage Basket with Handles Large Capacity Nursery Organizer Bag Portable Baby Toy,17.78,25.4,30,,,Free shipping,CN,si,https://www.aliexpress.us/item/3256813066280864.html
quilted storage basket handle,3256813077435630,"40L Plastic Laundry Hamper, 4-Pack Laundry Basket with Handle",39.76,249.41,84,,,"Early bird deal, only 1 left | Free shipping",US,si,https://www.aliexpress.us/item/3256813077435630.html
quilted storage basket handle,3256812930425996,Boho Quilted Laundry Basket Large Capacity with Handles Storage Hamper Soft Floral Fabric Dirty Clothes Basket,16.61,21.61,23,1 sold,,New shoppers save $5,CN,si,https://www.aliexpress.us/item/3256812930425996.html
quilted storage basket handle,3256812523748178,Women Floral Laundry Hampers Large Capacity Quilted Fabric Baskets with Handles for Home Decor Picnic Travel D,8.71,13.71,36,1 sold,,New shoppers save $5,CN,si,https://www.aliexpress.us/item/3256812523748178.html
quilted storage basket handle,3256812898265477,Quilted Quilted Storage Basket Open Top Dual Handles Fabric Organizer Bin Floral Print Soft Padded Laundry Bas,1.26,6.26,79,1 sold,,New shoppers save $5,CN,si,https://www.aliexpress.us/item/3256812898265477.html
quilted storage basket handle,3256813077983789,Handwoven Round Water Hyacinth Blankets Basket with Lid,36.31,227.9,84,,,"Early bird deal, only 1 left | Free shipping",US,si,https://www.aliexpress.us/item/3256813077983789.html
quilted storage basket handle,3256812912422379,Quilted Quilted Storage Basket Dual Handles Fabric Foldable Fabric Basket Open Top Floral Print Small Storage ,1.44,6.44,77,1 sold,,New shoppers save $5,CN,si,https://www.aliexpress.us/item/3256812912422379.html
quilted storage basket handle,3256812999450285,Vintage Floral Quilted Storage Basket With Handle Large Capacity Foldable Fabric Organizer Bin For Clothes Sun,4.37,28.31,84,2 sold,,"New shoppers save $23.94 | Early bird deal, only 3 left",CN,si,https://www.aliexpress.us/item/3256812999450285.html
quilted storage basket handle,3256812154814772,Vintage Cute Pink Flower Organizers Basket with Handle Home Room Quilted Foldable Storage Basket for Pet Toys ,2.58,7.58,65,2 sold,,New shoppers save $5,CN,si,https://www.aliexpress.us/item/3256812154814772.html
quilted storage basket handle,3256813066495026,"Efluky Laundry Basket with Lid, 100L Yellow",54.06,339.21,84,,,"Early bird deal, only 1 left | Free shipping",US,si,https://www.aliexpress.us/item/3256813066495026.html
quilted storage basket handle,3256811562138214,Boho Quilted Laundry Basket Floral Fabric 14×18in Clothes Storage Bucket Soft with Handles Storage Basket For ,11.09,14.04,21,10 sold,3.3,,CN,si,https://www.aliexpress.us/item/3256811562138214.html
quilted storage basket handle,3256813041205197,Vintage Floral Organizers Basket With Handle Portable Home Room Quilted Foldable Storage Basket For Snack Clot,8.65,31.73,72,,,"Early bird deal, only 1 left | Delivery: Oct 04 - 12",CN,si,https://www.aliexpress.us/item/3256813041205197.html
quilted storage basket handle,3256812793669829,Colorful Vintage Floral Organizers Basket With Handle Portable Home Quilted Foldable Storage Basket For Snack ,5.95,23.3,74,2 sold,,"$5.65 each, ≥ 2 pieces | New shoppers save $17.35",CN,si,https://www.aliexpress.us/item/3256812793669829.html
quilted storage basket handle,3256811926038313,Nordic Rectangular Storage Basket with Simple Handle for Living Room Bedroom Home Office Organization Multipur,136.56,195.09,30,,,4 × $34.14 with no interest,CN,si,https://www.aliexpress.us/item/3256811926038313.html
quilted storage basket handle,3256808460573434,Square Storage Basket Lace Flower Desktop Organizer Storage Basket Korean Quilted Storage Basket Cute Storage ,1.09,3.94,72,"1,000+ sold",4.7,New shoppers save $2.85 | Top selling on AliExpress,CN,si,https://www.aliexpress.us/item/3256808460573434.html
quilted storage basket handle,3256811684360719,Cute Love Heart Storage Box Quilting Cotton Bow Desktop Storage Basket Large-capacity Round Storage Frame Home,4.74,,,238 sold,4.4,,CN,si,https://www.aliexpress.us/item/3256811684360719.html
quilted storage basket handle,3256812980219629,"Red Plaid Double Bow Quilted Storage Basket, Desktop Cosmetic Daily Organizer Two Colors",1.09,14.13,92,5 sold,,"New shoppers save $13.04 | Early bird deal, only 15 left",CN,si,https://www.aliexpress.us/item/3256812980219629.html
quilted storage basket handle,3256813071173651,"4PCS 82L Foldable Laundry Basket with Handle,Recyclable Bottle Storage Bag,Collapsible Dirty Clothes Hamper fo",24.8,35.43,30,,,"Early bird deal, only 1 left",CN,si,https://www.aliexpress.us/item/3256813071173651.html
quilted storage basket handle,3256811928800002,Square Storage Basket Lace Flower Desktop Organizer Basket Korean Quilted Storage Basket Cute Storage Frame Ho,1.09,14.3,92,24 sold,5,"$1.04 each, ≥ 2 pieces | New shoppers save $13.21",CN,si,https://www.aliexpress.us/item/3256811928800002.html
quilted storage basket handle,3256812082623100,Cute Quilting Cotton Cloth Storage Basket Pink Dots Lace Desktop Storage Basket Foldable Oval Storage Box Home,1.09,9.71,88,15 sold,5,"$1.02 each, ≥ 2 pieces | New shoppers save $8.62",CN,si,https://www.aliexpress.us/item/3256812082623100.html
quilted storage basket handle,3256811669247303,Cute Love heart Storage Box Bow Round Desktop Storage Basket Quilting Cotton Large-capacity Organizer Box Home,1.09,5.01,78,8 sold,5,New shoppers save $3.92,CN,si,https://www.aliexpress.us/item/3256811669247303.html
quilted storage basket handle,3256808468050597,"Large Waterproof Laundry Basket Foldable, Contemporary Round Polyester Blend Hamper with Aluminum Handles for ",17.89,22.89,21,3 sold,,New shoppers save $5,CN,si,https://www.aliexpress.us/item/3256808468050597.html
quilted storage basket handle,3256812851776221,"1 Pc Quilted Fabric Christmas Handheld Basket, Vintage Country Style, Foldable Patchwork Embroidered Xmas Tree",15.15,41.97,63,2 sold,3,"$14.54 each, ≥ 2 pieces | New shoppers save $26.82",CN,si,https://www.aliexpress.us/item/3256812851776221.html
quilted storage basket handle,3256811737939295,INS Square Stripe Storage Basket Desktop Organizer Basket Korean Quilted Storage Basket Cute Frame Home Decora,1.16,6.16,81,142 sold,4.8,New shoppers save $5 | Lowest price in 90 days,CN,si,https://www.aliexpress.us/item/3256811737939295.html
quilted storage basket handle,3256812572675017,Floral Pattern Storage Basket Large Capacity Foldable Design Fabric Laundry Basket Quilted Fabric Comfortable ,1.78,6.78,73,1 sold,,New shoppers save $5,CN,si,https://www.aliexpress.us/item/3256812572675017.html
quilted storage basket handle,3256809780631122,Hand-woven Rattan Wicker Basket Storage Box Fruit Tea Snack Bread Basket Cosmetic Desktop Storage Box Househol,6.68,8.35,20,11 sold,5,Extra 3% off with coins,CN,si,https://www.aliexpress.us/item/3256809780631122.html
quilted storage basket handle,3256811415308413,New Quilting Cotton Storage Box Square High-capacity Organizer Box Bear Pattern Cartoon Desktop Storage Basket,1.09,,79,,,,CN,si,https://www.aliexpress.us/item/3256811415308413.html
quilted storage basket handle,3256812191182255,Sweet Bear Series Desktop Storage Basket Quilting Cotton Large Capacity Storage Box Cartoon Cylindrical Storag,5.26,,,,,,CN,si,https://www.aliexpress.us/item/3256812191182255.html
quilted storage basket handle,3256812242373411,New Square Stripe Storage Basket Cute Frame Polka Dot Desktop Organizer Basket Cloth Korean Quilted Storage Ba,5.67,,37,,,,CN,si,https://www.aliexpress.us/item/3256812242373411.html
quilted storage basket handle,3256809780631122,Storage Basket Wicker Hand-woven Rattan Wicker Basket Storage Box Fruit Tea Snack Bread Basket Cosmetic Deskto,6.68,,20,11 sold,5,,CN,si,https://www.aliexpress.us/item/3256809780631122.html
quilted storage basket handle,3256813014816529,Foldable Clothes Storage Bins Clothes Organizer with Durable Handle Quilt Storage Bag Large Capacity Waterproo,4.12,,50,,,,CN,si,https://www.aliexpress.us/item/3256813014816529.html
quilted storage basket handle,3256813016826224,with Handle Clothes Storage Bins Clothes Organizer Foldable Quilt Storage Bag Dust-Proof Large Capacity,2.57,,54,,,,CN,si,https://www.aliexpress.us/item/3256813016826224.html
quilted storage basket handle,3256812857805899,Semi-Finished Christmas Carry Basket Foldable Padded Patchwork Fabric Craft Basket Portable Handheld Quilted C,11.21,,50,,,,CN,si,https://www.aliexpress.us/item/3256812857805899.html
quilted storage basket handle,3256804571675881,Storage Basket Mesh Hanging 3140 Folding Laundry Basket Organizer for Dirty Clothes Bathroom Clothes Mesh Stor,1.09,,63,51 sold,5,,CN,si,https://www.aliexpress.us/item/3256804571675881.html
quilted storage basket handle,3256813029507947,"Large Flower Garden Series Quilted Storage Basket, Desktop Snack and Miscellaneous Item Organizer, Large Capac",11.14,,70,,,,CN,si,https://www.aliexpress.us/item/3256813029507947.html
quilted storage basket handle,3256813005530863,with Handle Clothes Storage Bins Foldable Large Capacity Quilt Storage Bag Clothes Organizer Dust-Proof,2.78,,50,,,,CN,si,https://www.aliexpress.us/item/3256813005530863.html
quilted storage basket handle,3256812520445314,With Handle Clothes Storage Bins Foldable Large Capacity Quilt Storage Bag Clothes Organizer Cherry Blossom Cl,4.3,,50,,,,CN,si,https://www.aliexpress.us/item/3256812520445314.html
quilted storage basket handle,3256809541413988,Quilt Storage Home Use Bag Thickened 120g Cloth Visual Storage Bag Large Capacity Clothes Quilt Home Use Packi,1.47,,80,715 sold,4.6,,CN,si,https://www.aliexpress.us/item/3256809541413988.html
quilted storage basket handle,3256808418794192,1PC Square Storage Basket Desktop Organizer Storage Basket Home Decoration Korean Quilted Storage Basket Cute ,1.09,,42,58 sold,5,,CN,si,https://www.aliexpress.us/item/3256808418794192.html
quilted storage basket handle,3256811902190052,Cute Love Heart Storage Box Quilting Cotton Bow Desktop Storage Basket Large-capacity Round Storage Frame Home,,,,17 sold,5,,,,https://www.aliexpress.us/item/3256811902190052.html
quilted storage basket handle,3256813012018896,INS Square Stripe Storage Basket Desktop Organizer Basket Korean Quilted Storage Basket Cute Frame Home Decora,1.09,,93,,,,CN,si,https://www.aliexpress.us/item/3256813012018896.html
quilted storage basket handle,3256810272124196,Storage Basket Laundry Bag Foldable Wall Mounted Laundry Basket Dirty Clothes Storage Basket Toy Dust Bucket H,1.09,,84,89 sold,4.7,,CN,si,https://www.aliexpress.us/item/3256810272124196.html
quilted storage basket handle,3256808800577780,"Quilted Storage Basket Desktop Good Item Storage Basket Storage Box Organize Cosmetics, Snacks, And Miscellane",1.09,,90,318 sold,4.8,,CN,si,https://www.aliexpress.us/item/3256808800577780.html
quilted storage basket handle,3256811834542644,Ins Fresh Plaid Fabric Storage Basket Cosmetics Sundry Storage Basket Quilted Desktop Organization and Storage,1.09,,90,,,,CN,si,https://www.aliexpress.us/item/3256811834542644.html
quilted storage basket handle,3256812625314829,"Red Plaid Double Bow Quilted Storage Basket, Desktop Cosmetic Daily Organizer Two Colors",1.09,,94,8 sold,5,,CN,si,https://www.aliexpress.us/item/3256812625314829.html
quilted storage basket handle,3256812746059625,"Storage basket Simple 1PCS Simple storage basket with hollowed out miscellaneous items, jewelry, and cosmetics",6.51,,,,,,CN,si,https://www.aliexpress.us/item/3256812746059625.html
quilted storage basket handle,3256812924687688,"YT Floral Quilted Storage Basket, Soft and Large Capacity, Portable Makeup Bag, Desktop Cosmetic Organizer for",6.69,,50,351 sold,4.9,,CN,si,https://www.aliexpress.us/item/3256812924687688.html
quilted storage basket handle,3256812869269267,Semi-Finished Christmas Carry Basket Padded Patchwork Portable Fabric Craft Basket Foldable Handheld Quilted C,9.6,,,,,,CN,si,https://www.aliexpress.us/item/3256812869269267.html
quilted storage basket handle,3256813016849754,Foldable Clothes Storage Bins with Durable Handle Clothes Organizer Quilt Storage Bag Multifunction Waterproof,3.3,,56,,,,CN,si,https://www.aliexpress.us/item/3256813016849754.html
quilted storage basket handle,3256812930011436,Quilt Storage Large-Capacity Under-bed Clothing Organizer Quilt Blanket Storage Bag Foldable Sorting Bag Bedro,2.14,,76,,,,CN,si,https://www.aliexpress.us/item/3256812930011436.html
quilted storage basket handle,3256812520129038,With Handle Clothes Storage Bins Clothes Organizer Large Capacity Quilt Storage Bag Foldable Cherry Blossom,3.03,,50,,,,CN,si,https://www.aliexpress.us/item/3256812520129038.html
quilted storage basket handle,3256812483703401,with Handle Clothes Storage Bins Clothes Organizer Large Capacity Quilt Storage Bag Foldable Dust-Proof,2.8,,50,,,,CN,si,https://www.aliexpress.us/item/3256812483703401.html
quilted storage basket handle,3256812747241802,"1pcs Storage Basket - Soft Quilted Home Organizing Box, Machine Washable Striped Fabric Storage Basket, Storag",1.09,,94,7 sold,5,,CN,si,https://www.aliexpress.us/item/3256812747241802.html
quilted storage basket handle,3256812928920387,"Storage 1PC Sponge rack storage drain basket, kitchen supplies, kitchenware storage pocket",5.49,,,,,,CN,si,https://www.aliexpress.us/item/3256812928920387.html
quilted storage basket handle,3256812602166672,1/2pc Ins Multi Function Storage Basket Foldable Large Capacity Home Decorate Cosmetic Sundry Fresh Lattice Qu,1.58,,88,,,,CN,si,https://www.aliexpress.us/item/3256812602166672.html
quilted storage basket handle,3256806080068711,"1pc Household Large Capacity Storage Bag Non-woven Material, Closet Wardrobe Organizer Can Be Used For Quilt C",1.09,,72,50K+ sold,4,,CN,si,https://www.aliexpress.us/item/3256806080068711.html
quilted storage basket handle,3256805317971919,Large Capacity Clothes Storage Bag Organizer With Reinforced Handle Suitable For Blankets Bedding Foldable Wit,,,,70K+ sold,4.6,,,,https://www.aliexpress.us/item/3256805317971919.html
quilted storage basket handle,3256812306119166,Storage Basket Foldable Laundry Cotton and Linen Laundry Basket Household Foldable Laundry Basket Waterproof C,4.62,,38,13 sold,5,,CN,si,https://www.aliexpress.us/item/3256812306119166.html
quilted storage basket handle,3256813079935388,Quilt Storage Box Dustproof Organizers Non-Woven Wardrobe Space Saving Bag House-Moving Bedding Box Storage Or,4.28,,50,2K+ sold,4.9,,CN,si,https://www.aliexpress.us/item/3256813079935388.html
quilted storage basket handle,3256809606476934,Durable Extra Large Zippered Folding Storage Bag - Washable Organization for Clothes Quilts Toys Etc Suitable ,1.09,,78,1K+ sold,4,,CN,si,https://www.aliexpress.us/item/3256809606476934.html
quilted storage basket handle,3256809259359827,"Quilt storage bag, clothing sorting bag, moving and organizing household bedding storage box, supplies",1.09,,90,10K+ sold,4.5,,CN,si,https://www.aliexpress.us/item/3256809259359827.html
quilted storage basket handle,3256811638746924,Storage Basket Household Folding 1Pc Large Capacity Laundry Basket Dirty Clothes Basket Fabric Laundry Basket ,6.93,,69,24 sold,5,,CN,si,https://www.aliexpress.us/item/3256811638746924.html
quilted storage basket handle,3256811522478243,Baby Diaper Caddy Organizer Corduroy Diaper Storage Basket with Handle Foldable Multi-pocket Newborn Nappy Sto,6.91,,74,1K+ sold,4.8,,CN,si,https://www.aliexpress.us/item/3256811522478243.html
quilted storage basket handle,3256812887534574,"Halloween Storage Basket, Large Capacity Foldable Toy Storage Box With Handle Multifunctional Canvas Clothes S",1.09,,92,10 sold,5,,CN,si,https://www.aliexpress.us/item/3256812887534574.html
quilted storage basket handle,3256812653790367,Expandable Metal Freezer Organizer Bins Stackable Wire Storage Boxes With Sturdy Foldable Handles Space Saving,24.05,,75,2 sold,5,,US,si,https://www.aliexpress.us/item/3256812653790367.html
quilted storage basket handle,3256810284285070,"Storage Handles Multi-use Basket 1pc Dark Grey Extra Large Foldable Felt Firewood Basket, Heavy Duty with Rein",8.67,,36,7 sold,5,,CN,si,https://www.aliexpress.us/item/3256810284285070.html
quilted storage basket handle,3256805343233651,Small Foldable Canvas Storage Basket With Handle Cotton And Linen Desktop Storage Box Small Fresh Waterproof S,,,,1K+ sold,4.6,,,,https://www.aliexpress.us/item/3256805343233651.html
quilted storage basket handle,3256813069022777,"Car Trunk Organizer Box, Large Capacity, Auto Multiuse Tools, Storage Bag, Stowing, Tidying, Leather, Folding ",15.52,,50,20K+ sold,4.9,,CN,si,https://www.aliexpress.us/item/3256813069022777.html
quilted storage basket handle,3256812562917687,2pcs Cotton And Linen Desktop Storage Box Small Foldable Canvas Storage Basket With Handle Small Fresh Waterpr,1.09,,86,27 sold,5,,CN,si,https://www.aliexpress.us/item/3256812562917687.html
quilted storage basket handle,3256811589619890,Storage Basket 4Tier Foldable Hanging Mesh Storage Basket Foldable 4Tier Hanging Teddy Storage Net Storage Hol,2.31,,68,24 sold,4,,CN,si,https://www.aliexpress.us/item/3256811589619890.html
quilted storage basket handle,3256812810506655,Extra-Large Waterproof Laundry Basket with Padded Handle Foldable Multi-Purpose Storage for Bathroom Laundry R,1.09,,92,44 sold,4.7,,CN,si,https://www.aliexpress.us/item/3256812810506655.html
quilted storage basket handle,3256812485805768,with Handle Clothes Storage Bins Foldable Large Capacity Quilt Storage Bag Dust-Proof Clothes Organizer Closet,1.09,,81,,,,CN,si,https://www.aliexpress.us/item/3256812485805768.html
quilted storage basket handle,3256810213874653,"Fabric Storage Baskets, Foldable Cloth Organizer Bin with Handles, Decorative Linen-style Baskets for Toy, Clo",3.62,,79,,,,CN,si,https://www.aliexpress.us/item/3256810213874653.html
quilted storage basket handle,3256808281505306,"Quilt Storage Dust-Proof Closet Box Large Capacity Quilt Storage Bag,Home Dust-Proof Stackable Organiser Box f",3.6,,58,41 sold,4.4,,CN,si,https://www.aliexpress.us/item/3256808281505306.html
quilted storage basket handle,3256809698616737,75L Large Collapsible Laundry Baskets with Handle Household Clothes Storage Basket Dirty Laundry Toys Storage ,1.09,,93,342 sold,4.7,,CN,si,https://www.aliexpress.us/item/3256809698616737.html
quilted storage basket handle,3256811816158912,"Foldable Houndstooth Laundry Hamper, Modern Fabric Storage Basket with Handle, Versatile for Bedroom, Bathroom",1.09,,88,25 sold,3.8,,CN,si,https://www.aliexpress.us/item/3256811816158912.html
quilted storage basket handle,3256812690354075,Large-capacity Halloween Storage Baskets Foldable Clothing Box Bat Storage Bin Rectangular with Handle Boo Bas,2.42,,71,,,,CN,si,https://www.aliexpress.us/item/3256812690354075.html
quilted storage basket handle,3256807459852704,Quilt Storage Dust-proof Bag Quilt Storage Bag Clothes Quilt Finishing Storage Moving Bag Large Capacity Non-w,1.09,,79,43 sold,3.5,,CN,si,https://www.aliexpress.us/item/3256807459852704.html
quilted storage basket handle,3256812782056276,"1pcs Retro Gothic Halloween Storage Basket with Zip Foldable Lid, Blanket Organizer for Living Room Closet, Ho",1.09,,92,2 sold,5,,CN,si,https://www.aliexpress.us/item/3256812782056276.html
quilted storage basket handle,3256811744084975,"Handwoven Storage Basket with Handles, Large Capacity Woven Laundry Hamper, Toy Organizer for Nursery, Home De",1.09,,94,117 sold,4.7,,CN,si,https://www.aliexpress.us/item/3256811744084975.html
quilted storage basket handle,3256805904971976,Zakka 3 Sizes The Beam Port Linen Multi-function Handle Stackable Storage Barrel Laundry Basket Toy Storage Bo,2.12,,93,375 sold,4.8,,CN,si,https://www.aliexpress.us/item/3256805904971976.html
quilted storage basket handle,3256812417692454,Storage Baskets Handles Versatile Mesh Laundry Extra-Large Mesh Laundry Hamper with Handles Foldable Versatile,10.51,,,25 sold,5,,CN,si,https://www.aliexpress.us/item/3256812417692454.html
quilted storage basket handle,3256809654864448,With Handle Clothes Storage Bins Clothes Organizer Foldable Wardrobe Sorting Storage Bucket Dust-Proof Large C,1.09,,79,53 sold,4.1,,CN,si,https://www.aliexpress.us/item/3256809654864448.html
quilted storage basket handle,3256810533182182,Portable Large Capacity Laundry Basket Linen With Handle Dirty Clothes Storage Basket Foldable Toys Storage Ba,3.94,,55,,,,CN,si,https://www.aliexpress.us/item/3256810533182182.html
quilted storage basket handle,3256806678150741,Folding Storage Basket Linen Storage Fabric Wardrobe Office Bedroom Closet Toys Laundry Basket With Handle Sto,5.4,,75,17 sold,5,,CN,si,https://www.aliexpress.us/item/3256806678150741.html
quilted storage basket handle,3256806757358220,Quilt Storage Bedroom Quilt Storage Bag Non-woven Large Capacity Quilt Organizer Storage Sundries Clothes Orga,1.43,,77,161 sold,4.6,,CN,si,https://www.aliexpress.us/item/3256806757358220.html
mouse repellent pouches,3256812191114570,"Pest Repellent Pouches, Pest Control Pouches, Rodent Repellent, Rat Deterrent,Mouse Repellent, Mice Repellent,",9.26,101.37,90,6 sold,5,"New shoppers save $92.11 | Early bird deal, only 2 left",US,si,https://www.aliexpress.us/item/3256812191114570.html
mouse repellent pouches,3256812562689579,"20 Pack Rodent Mouse Repellent Pouches Peppermint Oil to Repel Mice and Rats, Mouse Repeller Pest Repellent Po",25.34,101.37,75,3 sold,,"Early bird deal, only 2 left | Delivery: Oct 02 - 08",US,si,https://www.aliexpress.us/item/3256812562689579.html
mouse repellent pouches,3256812260921039,"Rodent Repellent, 10Pack-Mouse Repellent Pouches, Mice Repellent Indoor, Rat Repellent for House, Extra-Streng",16.59,63.81,74,9 sold,,"Early bird deal, only 1 left | Delivery: Oct 02 - 08",US,si,https://www.aliexpress.us/item/3256812260921039.html
mouse repellent pouches,3256812679445050,"48 PCS Natural Peppermint Oil Rat Repellent Balls – Effective Mouse Repellent for Home & Garden, Repels Rats, ",28.49,77.16,63,18 sold,,New shoppers save $48.67 | Delivery: Oct 02 - 08,US,si,https://www.aliexpress.us/item/3256812679445050.html
mouse repellent pouches,3256812191886080,"Pest Control Pouches, Mice Repellent Indoor, Rodent Repellent, Mouse Deterrents, Rat Repellent for House, Roac",16.05,64.19,75,8 sold,,"Early bird deal, only 3 left | Delivery: Oct 02 - 08",US,si,https://www.aliexpress.us/item/3256812191886080.html
mouse repellent pouches,3256812190584640,"Pest Control Pouches Mosquito Repellent Mice, Rats, Ants, Cockroaches, Moths, and Other pests Peppermint Oil M",19.26,101.37,81,2 sold,,"Early bird deal, only 4 left | Delivery: Oct 02 - 08",US,si,https://www.aliexpress.us/item/3256812190584640.html
mouse repellent pouches,3256806974626570,"Universal Stick-On Mouse Pouch, Mouse Holder for Wireless Mouse, Mouse Sleeve for Laptop, Reusable Adhesive, N",1.09,8.76,87,144 sold,3.9,New shoppers save $7.67 | Lowest price in 90 days,CN,si,https://www.aliexpress.us/item/3256806974626570.html
mouse repellent pouches,3256812408071561,"Mouse Rodent Repellent, 10 Pack Peppermint Lemon Mice Repellent for Squirrel Rats Spider Pests, Natural Deterr",5.01,38.44,86,29 sold,4.9,New shoppers save $33.43 | Lowest price in 90 days,US,si,https://www.aliexpress.us/item/3256812408071561.html
mouse repellent pouches,3256809778957315,1/2Pcs Wireless Mouse Storage Bag PU Leather Protective Sleeve Bag Anti-scratch Case Small Items Storage Pouch,,,,700+ sold,4.7,,,,https://www.aliexpress.us/item/3256809778957315.html
mouse repellent pouches,3256810246460422,1Pcs Wireless Mouse Storage Bag PU Leather Protective Sleeve Bag Anti-scratch Case Small Items Storage Pouch W,1.09,2.83,61,28 sold,5,New shoppers save $1.74,CN,si,https://www.aliexpress.us/item/3256810246460422.html
mouse repellent pouches,3256812591812980,★▲Sticker Wallet Pouch External Adhesive Laptop Back Mouse Sleeve Digital Hard Drive Carrying Case Storage Cov,1.09,9.67,88,10 sold,5,New shoppers save $8.58 | Delivery: Oct 04 - 12,CN,si,https://www.aliexpress.us/item/3256812591812980.html
mouse repellent pouches,3256812732035494,"Rodent Repellent Balls, 48 PCS Rodent Control, Natural Mouse Repellent Peppermint Oil for Mice, Rats, Squirrel",28.62,77.34,62,14 sold,5,New shoppers save $48.72 | Delivery: Oct 02 - 08,US,si,https://www.aliexpress.us/item/3256812732035494.html
mouse repellent pouches,3256812629810794,[NC]Universal Mouse Storage Bag Mouse Case Pouch Cover Waterproof Shockproof Box[NC],1.09,13.89,92,1 sold,,New shoppers save $12.8 | Delivery: Oct 04 - 12,CN,si,https://www.aliexpress.us/item/3256812629810794.html
mouse repellent pouches,3256809436383909,Portable Sleeve Pouch Mouse Holder for Laptop Tablet Wireless Mice Adhesive Elastic Case Slim Lycra Fabric Poc,3.62,7.38,51,4 sold,5,,CN,si,https://www.aliexpress.us/item/3256809436383909.html
mouse repellent pouches,3256807495824382,For Logitech MX Anywhere 2S/Anywhere 3 Gaming Mouse Storage Bag Portable Travel Case Waterproof Dustproof Mois,1.09,3.39,67,252 sold,4.7,New shoppers save $2.3,CN,si,https://www.aliexpress.us/item/3256807495824382.html
mouse repellent pouches,3256812724212490,"Pest Control Ball Repellent, Rodent Repellent, Mouse Repellents, Peppermint Oil to Repel Mice and Rats, Rat De",10.22,40.96,75,5 sold,,New shoppers save $30.74 | Delivery: Oct 02 - 08,US,si,https://www.aliexpress.us/item/3256812724212490.html
mouse repellent pouches,3256807336832601,Waterproof Keyboard Mouse Storage Bag Dustproof Anti-Shock Wireless Keyboard Sleeve Case Universal Mechanical ,20.45,,,7 sold,5,,CN,si,https://www.aliexpress.us/item/3256807336832601.html
mouse repellent pouches,3256807322643191,30 Bags Bird Repellent Drive Away Birds Rabbits Sheep Mice Protect Plant Prevent Animals From Biting Leave See,11.96,26.57,55,,,,CN,si,https://www.aliexpress.us/item/3256807322643191.html
mouse repellent pouches,3256812713858075,"20pcs Peppermint Oil Rodent Repellent Balls - Eco-Friendly Mice/Rat Deterrent for Car Engine, Garage & Home Pe",1.09,13.49,91,84 sold,4.4,New shoppers save $12.4 | Lowest price in 90 days,CN,si,https://www.aliexpress.us/item/3256812713858075.html
mouse repellent pouches,3256812477133318,Rodent Repellent Effectively Repel Rodent Prevent Biting Protecting Vehicle Furniture Long-Lasting Protection ,37.22,74.44,50,,,4 × $9.31 with no interest,CN,si,https://www.aliexpress.us/item/3256812477133318.html
mouse repellent pouches,3256812844091694,20pcs Rodent Repellent Indoor and Outdoor Gentle Rodent Repellent Convenient Rodent Repellent Pills to Keep Mi,5.56,13.55,59,37 sold,3,Extra 1% off with coins,CN,si,https://www.aliexpress.us/item/3256812844091694.html
mouse repellent pouches,3256812931413357,20pcs Peppermint Mouse Rodent Repellents for Home Kitchen Garden Long-Lasting Effective Rat Repellent Pellets ,1.09,13.18,91,15 sold,,New shoppers save $12.09 | Extra 1% off with coins,CN,si,https://www.aliexpress.us/item/3256812931413357.html
mouse repellent pouches,3256812921326612,20pcs Peppermint Mouse Rodent Repellents for Home Kitchen Garden Long-Lasting Effective Rat Repellent Pellets ,6.56,13.67,52,8 sold,,Extra 1% off with coins,CN,si,https://www.aliexpress.us/item/3256812921326612.html
mouse repellent pouches,3256812666306958,3PCS Powerful Ultrasonic Pest Repeller Safe Electronic Insect Control Effective Against Mosquitoes Rats Cockro,,,,50 sold,4.7,,,,https://www.aliexpress.us/item/3256812666306958.html
mouse repellent pouches,3256808650050826,【Hot Sale】Rat Repellent Cream for Killing Rats Household Rat Repellent Indoor and Car Rat Repellent Cream Rat ,4.58,24.14,80,230 sold,4.1,"$4.35 each, ≥ 2 pieces | New shoppers save $19.56",CN,si,https://www.aliexpress.us/item/3256808650050826.html
mouse repellent pouches,3256806104269160,Self Adhesive Laptop Rear Storage Bag for Mouse Digital Hard Drive Pen Pocket Pouch Laptop Accessories,,,,"2,000+ sold",4.8,,,,https://www.aliexpress.us/item/3256806104269160.html
mouse repellent pouches,3256812469365621,"24 PCS - Natural Rodent Repellent Balls. Effectively Repel Squirrels, Mice, Rats, Spiders, Cockroaches and Oth",13.88,52.92,73,27 sold,5,New shoppers save $39.04 | Lowest price in 90 days,US,si,https://www.aliexpress.us/item/3256812469365621.html
mouse repellent pouches,3256812198825219,RatDeterrent Ball RepelsRats Squirrel Natural Peppermint Oil Home & Pet Safety,1.09,21.13,94,600+ sold,4.9,"$1.03 each, ≥ 2 pieces | New shoppers save $20.04",CN,si,https://www.aliexpress.us/item/3256812198825219.html
mouse repellent pouches,3256807070550854,Carrying Bag Gaming Mouse Storage Box Case Pouch Shockproof Waterproof Accessories Travel for Logitech MX Mast,,,,"2,000+ sold",4.6,,,,https://www.aliexpress.us/item/3256807070550854.html
mouse repellent pouches,3256812931759455,20pcs Pest Rodent Repellent Peppermint Oil Mouse Trap for Rat Mice Roach Nature Insect Control Mouse Deterrent,1.09,13.64,92,3 sold,,"New shoppers save $12.55 | Early bird deal, only 2 left",CN,si,https://www.aliexpress.us/item/3256812931759455.html
mouse repellent pouches,3256812591696179,"Peppermint Oil Rodent Repellent Balls - Eco-Friendly Mice/Rat Deterrent for Car Engine, Garage & Home Pest Con",1.09,13.46,91,53 sold,5,New shoppers save $12.37 | Lowest price in 90 days,CN,si,https://www.aliexpress.us/item/3256812591696179.html
mouse repellent pouches,3256808473993719,For Logitech MX Master  3S 3 2S Wireless Mouse Hard EVA Case Portable Travel Storage Organizer Bag with Wrist ,1.33,9.28,85,"3,000+ sold",4.9,Delivery: Oct 04 - 12,CN,si,https://www.aliexpress.us/item/3256808473993719.html
mouse repellent pouches,3256808556568734,Portable Wireless Mouse Protective Bag Case Cover Mice Protector For Magic Mouse For Mouse For Macbook,1.09,2.63,58,359 sold,4.8,New shoppers save $1.54,CN,si,https://www.aliexpress.us/item/3256808556568734.html
mouse repellent pouches,3256809583781962,30/3M Stainless Steel Wire Mesh Roll Flexible Stretchy Mesh Fabric Anti-snail Mouse Repeller DIY Craft Garden ,1.09,4.67,76,70 sold,4.8,New shoppers save $3.58 | Lowest price in 90 days,CN,si,https://www.aliexpress.us/item/3256809583781962.html
mouse repellent pouches,3256812628445969,"Mosquito Repellent Sachets (10-Pack), Made with Natural Plant Essential Oils, for Indoor & Outdoor Use. Ideal ",3.69,36.4,89,18 sold,4.9,New shoppers save $32.71 | Lowest price in 90 days,US,si,https://www.aliexpress.us/item/3256812628445969.html
mouse repellent pouches,3256809743500926,1PC Wireless Mouse Storage Bag Suitable Mouse Protective Leather Sleeve Bag Anti-scratch Case Portable Simple ,1.09,5.57,80,322 sold,4.5,New shoppers save $4.48 | Lowest price in 90 days,CN,si,https://www.aliexpress.us/item/3256809743500926.html
mouse repellent pouches,3256811391578839,1Pc Electronic Pest Reject Ultrasound Mouse Cockroach Repeller Device Insect Rats Spiders Mosquito Killer Pest,1.09,5.55,80,29 sold,4,New shoppers save $4.46 | Delivery: Oct 04 - 12,CN,si,https://www.aliexpress.us/item/3256811391578839.html
mouse repellent pouches,3256807114030235,1/2/4/8 Solar Powered Ultrasonic Sonic  Mole Pest Rodent Repeller Repellent Yard Outdoor Lamp Backyard Farmlan,11.39,37.65,69,"1,000+ sold",4.6,Top selling on AliExpress | Delivery: Oct 04 - 12,CN,si,https://www.aliexpress.us/item/3256807114030235.html
mouse repellent pouches,3256809729846216,Hagibis Electronic Organizer Traveling Case Bag EVA Hardshell PU Portable Carrying Pouch for Mouse Charger Cab,12.39,26.99,54,"4,000+ sold",5,Delivery: Oct 04 - 12,CN,si,https://www.aliexpress.us/item/3256809729846216.html
mouse repellent pouches,3256810611319068,Protective Mouse Bag For Wireless Mouse Bag Shockproof Carrying Bag Mouse Storage Box Accessories Hard Storage,1.09,9.03,87,133 sold,4.8,"$1.04 each, ≥ 2 pieces | New shoppers save $7.94",CN,si,https://www.aliexpress.us/item/3256810611319068.html
mouse repellent pouches,3256810610524906,502035 3.7V 300mAh Rechargeable Li‑Polymer Battery for Mouse Repeller Mite Remover GPS MP3 MP4 Replacement,9.44,10.98,14,16 sold,5,Free shipping,CN,si,https://www.aliexpress.us/item/3256810610524906.html
mouse repellent pouches,3256810087162634,Portable Universal Laptop Mouse Holder Stick-On Durable Mouse Pouch Self-Adhesive Mouse Storage Bag,1.09,3.64,70,31 sold,4.2,New shoppers save $2.55,CN,si,https://www.aliexpress.us/item/3256810087162634.html
mouse repellent pouches,3256808936847807,Rodents Repellents Indoor 50ml Lizard Repellents Lavender Oil Gecko Spray Powerful Reptile Deterrening Pet Saf,4.61,9.21,50,500+ sold,4.9,Extra 2% off with coins,CN,si,https://www.aliexpress.us/item/3256808936847807.html
mouse repellent pouches,3256811598254964,4-in-1 Ultrasonic Rodent Repellent Electronic Rat Repeller 360 Degrees Effectively Repels Flies Cockroaches Mo,9.44,39.67,76,30 sold,1,"$8.97 each, ≥ 2 pieces | New shoppers save $30.23",CN,si,https://www.aliexpress.us/item/3256811598254964.html
mouse repellent pouches,3256811800267526,"1pc Self-adhesive Mouse Storage Bag Notebook Computer Back Sticker Storage Bag,3 Colors, Seamless Mouse Storag",1.09,8.55,87,62 sold,4.3,New shoppers save $7.46 | Delivery: Oct 04 - 12,CN,si,https://www.aliexpress.us/item/3256811800267526.html
mouse repellent pouches,3256811568307250,Powerful Rodent Repellent Beads 720 Days Long Lasting Mouse Repellent Pest Control Rat Deterrent Safe for Home,1.09,15.38,92,48 sold,4,"$1.04 each, ≥ 2 pieces | New shoppers save $14.29",CN,si,https://www.aliexpress.us/item/3256811568307250.html
mouse repellent pouches,3256812821287418,"Electronic Pest Repellent 2026 Enhanced, Ultrasonic, Plug-In, for Mice, Mosquitoes, Cockroaches, Spiders, Ants",1.09,11.29,90,5 sold,,New shoppers save $10.2 | Delivery: Oct 04 - 12,CN,si,https://www.aliexpress.us/item/3256812821287418.html
mouse repellent pouches,3256811726822672,Mouse Shockproof Storage Bag Wireless Mobile Mouse Travel Bag Portable Carrying Case for Logitech MX Anywhere ,1.09,10.19,89,4 sold,,New shoppers save $9.1 | Delivery: Oct 04 - 12,CN,si,https://www.aliexpress.us/item/3256811726822672.html
mouse repellent pouches,3256809926373073,HozoneX Peppermint Oil Home Rodent Repellent Plant Ingredients Indoor Mild Rodent Repellent Convenient Home Ro,1.09,13.72,92,165 sold,4.7,"$1.03 each, ≥ 2 pieces | New shoppers save $12.63",CN,si,https://www.aliexpress.us/item/3256809926373073.html
mouse repellent pouches,3256812569096205,Hot Sale 1pcs For Logitech M570 MX Ergo Mouse Accessories Portable Storage Bag Carrying Protective Case Cover ,1.09,13.5,91,3 sold,5,New shoppers save $12.41 | Delivery: Oct 04 - 12,CN,si,https://www.aliexpress.us/item/3256812569096205.html
mouse repellent pouches,3256807088536068,Mouse Carrying Bag for Logitech MX Anywhere 3/2/2S/1 Generation Gaming Mouse Mice Bag Waterproof Protective Ca,,,,118 sold,4.7,,,,https://www.aliexpress.us/item/3256807088536068.html
mouse repellent pouches,3256812003385567,EVA Carrying Bag Shockproof Travel Carrying Case  Portable Storage Bag Mouse Cover for Logitech Pebble M350 Mi,1.09,5.67,80,6 sold,5,New shoppers save $4.58,CN,si,https://www.aliexpress.us/item/3256812003385567.html
mouse repellent pouches,3256811930125397,"Mosquito repellent sachet, sachet, plant mosquito repellent sachet, herbal pendant, insect repellent, long-las",1.09,13.86,92,32 sold,4.3,"$1.04 each, ≥ 2 pieces | New shoppers save $12.77",CN,si,https://www.aliexpress.us/item/3256811930125397.html
mouse repellent pouches,3256807352761261,1PC Wireless Mouse Storage Bag Suitable For Magic Mouse2 Protective PU Leather Sleeve Bag Anti-scratch Case,1.09,13.22,91,21 sold,5,"$1.04 each, ≥ 2 pieces | New shoppers save $12.13",CN,si,https://www.aliexpress.us/item/3256807352761261.html
mouse repellent pouches,3256809437854769,Carrying Case for Logitech Gaming Mouse Portable Protective Shockproof Waterproof Storage Travelling Bag for G,13.69,43.1,68,19 sold,5,New shoppers save $29.41 | Delivery: Oct 04 - 12,CN,si,https://www.aliexpress.us/item/3256809437854769.html
mouse repellent pouches,3256810508076462,Portable EVA Hard Shell Mouse Storage Case Wireless Gaming Mouse Travel Zipper Bag Anti-slip Protective Pouch,1.09,14.81,92,7 sold,5,"$1.04 each, ≥ 2 pieces | New shoppers save $13.72",CN,si,https://www.aliexpress.us/item/3256810508076462.html
mouse repellent pouches,3256807795248413,for Logitech MX Vertical Gaming Mouse Storage Bag Portable Travel Carrying Bag EVA Protective Case Hard Zipper,,,,197 sold,4.8,,,,https://www.aliexpress.us/item/3256807795248413.html
mouse repellent pouches,3256811585233019,Sugar Glider Outdoor Bag Hamster Flower Branch Mouse Hedgehog Totoro Outdoor Bag,3.17,28.02,88,5 sold,,New shoppers save $24.85 | Delivery: Oct 04 - 12,CN,si,https://www.aliexpress.us/item/3256811585233019.html
mouse repellent pouches,3256812853435052,Travel Carrying Case for Razer Viper V4 Pro Gaming Mouse Protective Storage Bag Wireless Gaming Mouse EVA Hard,4.21,23.35,81,3 sold,,New shoppers save $19.14 | Delivery: Oct 04 - 12,CN,si,https://www.aliexpress.us/item/3256812853435052.html
mouse repellent pouches,3256812052312943,【Wq0】For MX Anywhere 3/3S Wireless Mouse Shell Storage Box Portable Hard EVA Case Wireless Office Mouse Storag,2.9,27.45,89,1 sold,,"$2.75 each, ≥ 2 pieces | New shoppers save $24.55",CN,si,https://www.aliexpress.us/item/3256812052312943.html
mouse repellent pouches,3256806782832917,Sticker Pouch Holder External Adhesive Laptop Back Mouse Sleeve Digital Hard Drive Carrying Case Storage Cover,,,,314 sold,4.7,,,,https://www.aliexpress.us/item/3256806782832917.html
mouse repellent pouches,3256809391481900,Ergonomic Mouse Storage Bag for Razer Pro Click V2 Portable Mouse Case Protective Shockproof Case(ONLY CASE),4.84,11.74,58,71 sold,4.1,New shoppers save $6.9 | Lowest price in 90 days,CN,si,https://www.aliexpress.us/item/3256809391481900.html
mouse repellent pouches,3256812659574214,Mice Control Ball with Mesh Bag 28Pcs/set Long Lasting Animal Control Balls for Kitchen Pantry Attic Garage Wa,1.51,13.03,88,5 sold,5,New shoppers save $11.52 | Extra 1% off with coins,CN,si,https://www.aliexpress.us/item/3256812659574214.html
mouse repellent pouches,3256805638849341,HAWEEL Electronics Organizer Storage Bag for Charger Power Bank Cables Mouse Earphones Smartphone and Others P,1.09,18.88,94,217 sold,4.5,"$1.04 each, ≥ 2 pieces | New shoppers save $17.79",CN,si,https://www.aliexpress.us/item/3256805638849341.html
mouse repellent pouches,3256807306104335,New Fashion Felt Storage Bag Grey Green Color Mini Pouch For Power Bank Mouse Travel organizer Electronic Gadg,1.09,2.05,46,15 sold,4.2,New shoppers save $0.96 | Lowest price in 90 days,CN,si,https://www.aliexpress.us/item/3256807306104335.html
mouse repellent pouches,3256805399596886,Hard EVA Case Mouse Pouch for Logitech G502 X Gaming Mouse Storage Bag with Inner Pockage,4.09,5.52,26,52 sold,4.5,,CN,si,https://www.aliexpress.us/item/3256805399596886.html
mouse repellent pouches,3256806565363783,EVA Carrying Bag Shockproof Mouse Cover Wireless Mouse Storage Box Case Pouch for Logitech MX M650L Mice Case,1.09,6.16,82,36 sold,4.3,New shoppers save $5.07 | Lowest price in 90 days,CN,si,https://www.aliexpress.us/item/3256806565363783.html
mouse repellent pouches,3256812137115676,"Mint-Flavored Mouse Repellent Spray Mouse Repellent for Outdoor Gardening, Preventing and Exterminating, Mouse",1.84,16.32,88,19 sold,,New shoppers save $14.48 | Lowest price in 90 days,CN,si,https://www.aliexpress.us/item/3256812137115676.html
mouse repellent pouches,3256812126637508,Wireless Mouse Storage Bag Shockproof Carrying Organizer for Logitech M720 M705 Game Mouse Carrying Case,1.09,6.06,81,8 sold,5,New shoppers save $4.97 | Extra 1% off with coins,CN,si,https://www.aliexpress.us/item/3256812126637508.html
mouse repellent pouches,3256806791155715,Multifunctional Digital Storage Bags Electronics Accessories Organizers Bag Charger HDD Mouse Earphone Protect,1.56,10.56,85,700+ sold,4.7,New shoppers save $9 | Extra 5% off with coins,CN,si,https://www.aliexpress.us/item/3256806791155715.html
mouse repellent pouches,3256805734006456,Geekria Keyboard Case for Logitech MX Keys Mini Advanced Wireless Illuminated Keyboard and Anywhere 3 Compact ,53.9,59.9,10,91 sold,4.9,New shoppers save $6 | 4 × $13.48 with no interest,CN,si,https://www.aliexpress.us/item/3256805734006456.html
mouse repellent pouches,3256812235396100,Gentle Rodent Repellent Convenient Rodent Repellent Pills to Keep Mice Away for Indoor Outdoor Home Garage Att,5.04,20.5,75,74 sold,4.6,New shoppers save $15.46 | Lowest price in 90 days,CN,si,https://www.aliexpress.us/item/3256812235396100.html
mouse repellent pouches,3256812732035494,"Rodent Repellent Balls, 48 PCS Rodent Control, Natural Mouse Repellent Peppermint Oil for Mice, Rats, Squirrel",29.62,77.34,61,14 sold,5,New shoppers save $47.72 | Delivery: Oct 02 - 08,US,si,https://www.aliexpress.us/item/3256812732035494.html
mouse repellent pouches,3256812591710083,10 insect and mouse repellent pills Mice Repeller Pills Mice Activity Discourager Tools Animal Control Discour,1.09,12.38,91,9 sold,,New shoppers save $11.29 | Extra 1% off with coins,CN,si,https://www.aliexpress.us/item/3256812591710083.html
mouse repellent pouches,3256808473993719,For Logitech MX Master  3S 3 2S Wireless Mouse Hard EVA Case Portable Travel Storage Organizer Bag with Wrist ,1.33,9.28,85,"3,000+ sold",4.9,Delivery: Oct 04 - 12,CN,si,https://www.aliexpress.us/item/3256808473993719.html
mouse repellent pouches,3256812902224651,20 Peppermint Oil Mint Balls 10pcs Powerful Long Lasting Natural Rodent & Insect Repellent for Mice Spider Roa,1.09,13.41,91,5 sold,,New shoppers save $12.32 | Extra 1% off with coins,CN,si,https://www.aliexpress.us/item/3256812902224651.html
mouse repellent pouches,3256812931511467,"20pcs Mint and Rodent Repellents for Home, Kitchen and Food, Long-Term and Effective Rat Repellent Pellets, De",1.84,13.67,86,2 sold,,New shoppers save $11.83 | Extra 1% off with coins,CN,si,https://www.aliexpress.us/item/3256812931511467.html
mouse repellent pouches,3256807077115437,Carrying Bag Gaming Mouse Storage Box Case Pouch Shockproof Waterproof Accessories Travel for Logitech MX Mast,,,,"2,000+ sold",4.7,,,,https://www.aliexpress.us/item/3256807077115437.html
mouse repellent pouches,3256812844700239,20 Peppermint Oil Mint Balls 10pcs Powerful Long Lasting Natural Rodent & Insect Repellent for Mice Spider Roa,1.09,13.57,91,8 sold,,New shoppers save $12.48 | Extra 1% off with coins,CN,si,https://www.aliexpress.us/item/3256812844700239.html
mouse repellent pouches,3256812454474423,Indoor Repel Repeller Reptile Deterrents Pet Safe Lizard Repellents Rodents Repellents Powerful For Spiders An,1.09,9.97,89,18 sold,,New shoppers save $8.88 | Extra 1% off with coins,CN,si,https://www.aliexpress.us/item/3256812454474423.html
mouse repellent pouches,3256812291219953,1/2Pcs Wireless Mouse Storage Bag PU Leather Protective Sleeve Bag Anti-scratch Case Small Items Storage Pouch,1.09,12.81,91,1 sold,,New shoppers save $11.72 | Delivery: Oct 04 - 12,CN,si,https://www.aliexpress.us/item/3256812291219953.html
mouse repellent pouches,3256809271236613,Portable Wireless Mouse Protective Bag Case Cover Mice Protector For Magic Mouse For Logitech Mouse For Macboo,1.09,6.94,84,9 sold,5,New shoppers save $5.85 | Delivery: Oct 04 - 12,CN,si,https://www.aliexpress.us/item/3256809271236613.html
mouse repellent pouches,3256811596657867,Wireless Mouse Case Waterproof Shock Resistant Black Wireless Gaming Mouse EVA Travel Case for Razer Basilisk ,2.73,17.46,84,9 sold,5,New shoppers save $14.73 | Delivery: Oct 04 - 12,CN,si,https://www.aliexpress.us/item/3256811596657867.html
mouse repellent pouches,3256811821849968,Safe Ultrasonic Pest Repeller Electronic Mouse Cockroach Mosquito Insect Repellent Effective Pest Control Exte,3.59,8.14,55,279 sold,4.1,Delivery: Oct 04 - 12,CN,si,https://www.aliexpress.us/item/3256811821849968.html
mouse repellent pouches,3256808794824400,1PC Wireless Mouse Storage Bag Suitable For Magic Mouse2 Protective PU Leather Sleeve Bag Anti-scratch Case,1.09,3.18,65,14 sold,5,New shoppers save $2.09,CN,si,https://www.aliexpress.us/item/3256808794824400.html
mouse repellent pouches,3256801446969501,Portable Hard EVA Travel Case for Logitech MX Anywhere 3 Waterproof Dustproof Moistureproof Mice Bag for Logit,1.09,5.68,80,43 sold,4.7,New shoppers save $4.59 | Lowest price in 90 days,CN,si,https://www.aliexpress.us/item/3256801446969501.html
mouse repellent pouches,3256808949182056,Portable EVA Gaming Mouse Storage Case for Logitech/ Razer Series Wireless Mouse Storage Bag,5.28,11.28,53,129 sold,5,New shoppers save $6 | Lowest price in 90 days,CN,si,https://www.aliexpress.us/item/3256808949182056.html
mouse repellent pouches,3256812912253554,20 Peppermint Oil Mint Balls 10pcs Powerful Long Lasting Natural Rodent & Insect Repellent for Mice Spider Roa,6.51,13.56,52,12 sold,5,Delivery: Oct 04 - 12 | Extra 1% off with coins,CN,si,https://www.aliexpress.us/item/3256812912253554.html
mouse repellent pouches,3256812921382993,20pcs Mouse Repellent Tablets Pest Rodent Repellent Peppermint Oil Mouse Traps for Rat Mice Roach Indoor Outdo,1.16,13.69,91,5 sold,,"New shoppers save $12.53 | Early bird deal, only 15 left",CN,si,https://www.aliexpress.us/item/3256812921382993.html
mouse repellent pouches,3256812029870384,"4-Pack Solar Mole Repellent Spikes, Waterproof Lawn Garden Stakes, Effectively Repel Moles, Voles, Gophers, Ch",36.82,87.12,57,51 sold,4,New shoppers save $50.3 | Delivery: Oct 04 - 12,CN,si,https://www.aliexpress.us/item/3256812029870384.html
mouse repellent pouches,3256812255890837,Eva Carrying Cover Wireless Mice Accessories Travel Protection Bags Shockproof Mouse Carrying Case Portable Zi,17.62,,,10 sold,,Free shipping,CN,si,https://www.aliexpress.us/item/3256812255890837.html
mouse repellent pouches,3256810324274587,ZOPRORE Hard EVA Outdoor Travel Protect Case for Attack Shark R1 Mouse Carry Storage Bag Pouch for PixArt PAW3,2.73,7.73,64,12 sold,5,New shoppers save $5 | Extra 5% off with coins,CN,si,https://www.aliexpress.us/item/3256810324274587.html
mouse repellent pouches,3256812679445050,"48 PCS Natural Peppermint Oil Rat Repellent Balls – Effective Mouse Repellent for Home & Garden, Repels Rats, ",29.49,77.16,61,18 sold,,New shoppers save $47.67 | Delivery: Oct 02 - 08,US,si,https://www.aliexpress.us/item/3256812679445050.html
mouse repellent pouches,3256812205061525,New Universal Laptop Mouse Holder Self-Adhesive Durable Mouse Sleeve Portable Stick-On Mouse Storage Bag Mouse,1.09,8.37,86,18 sold,5,New shoppers save $7.28 | Delivery: Oct 04 - 12,CN,si,https://www.aliexpress.us/item/3256812205061525.html
mouse repellent pouches,3256810385324659,1PC Wireless Mouse Storage Bag Suitable Mouse Protective Leather Sleeve Bag Anti-scratch Case Portable Simple ,1.09,5.61,80,79 sold,5,New shoppers save $4.52 | Lowest price in 90 days,CN,si,https://www.aliexpress.us/item/3256810385324659.html
mouse repellent pouches,3256810224780600,Hard Case Replacement for Logitech Pebble M350 / M350s / M355 / i345 Wireless Bluetooth-compatible Mouse stora,3.23,9.23,65,5 sold,,New shoppers save $6 | Extra 3% off with coins,CN,si,https://www.aliexpress.us/item/3256810224780600.html
mouse repellent pouches,3256812967887929,1PC Portable EVA Hard Mouse Storage Case Travel Protective Carrying Bag Pouch Accessories Organizer Box Cover ,4.3,11.62,63,,,"Early bird deal, only 4 left | Delivery: Oct 04 - 12",CN,si,https://www.aliexpress.us/item/3256812967887929.html
mouse repellent pouches,3256812074343498,Sticker Wallet Pouch External Adhesive Laptop Back Mouse Sleeve Digital Hard Drive Carrying Case Storage Cover,1.09,8.88,87,31 sold,5,New shoppers save $7.79 | Delivery: Oct 04 - 12,CN,si,https://www.aliexpress.us/item/3256812074343498.html
mouse repellent pouches,3256811586795529,"External Adhesive Laptop Back Mouse Sleeve Storage Cover Bag Pocket, Digital Hard Drive Carrying Case, Sticker",,,,80 sold,5,,,,https://www.aliexpress.us/item/3256811586795529.html
mouse repellent pouches,3256812821275387,Enhanced Version Electronic Cat Ultrasonic Anti Mosquito Insect Repeller Rat Mouse Cockroach Pest Reject Repel,5.26,11.42,54,3 sold,,Delivery: Oct 04 - 12 | Extra 1% off with coins,CN,si,https://www.aliexpress.us/item/3256812821275387.html
mouse repellent pouches,3256811996583576,【C】Portable Wireless Mouse Protective Bag Case Cover Mice Protector For Magic Mouse For Mouse For Macbook,1.09,6.76,83,18 sold,5,New shoppers save $5.67 | Delivery: Oct 04 - 12,CN,si,https://www.aliexpress.us/item/3256811996583576.html
mouse repellent pouches,3256812424423433,For Logitech Pop Keys Keyboards & Mouse Combo Bag with Fixed Strap Shockproof Carrying Hard Shell Anti-Scratch,13.88,19.88,30,2 sold,5,New shoppers save $6,CN,si,https://www.aliexpress.us/item/3256812424423433.html
mouse repellent pouches,3256811623116679,Self-Adhesive Mouse Bag Notebook Computer Data Cable Hard Disk Storage Bag Cloth Storage Pouch,3.61,17.93,79,21 sold,,New shoppers save $14.32 | Delivery: Oct 04 - 12,CN,si,https://www.aliexpress.us/item/3256811623116679.html
mouse repellent pouches,3256812262006316,18Pcs Mosquito Repellent Pouch Keeps Mosquitoes Away Covers 120 Sq ft Safe for People and Pets Indoor Outdoor ,18.62,97.99,81,5 sold,1,"Early bird deal, only 1 left | Lowest price in 90 days",US,si,https://www.aliexpress.us/item/3256812262006316.html
mouse repellent pouches,3256808553696678,13 15 inch Laptop Sleeve with Stand PU Leather Tablet Case Shockproof Ultrabook Computer Bag with Mouse Pad fo,5.1,22.64,77,71 sold,4.7,New shoppers save $17.54 | Lowest price in 90 days,CN,si,https://www.aliexpress.us/item/3256808553696678.html
mouse repellent pouches,3256811996762417,Rodent Repellent Pills Everyday Anti-Rat Indoor Furniture Protection Safe harmless Emits easy to use Drive awa,5.3,10.61,50,51 sold,4,"$5.04 each, ≥ 2 pieces | Extra 1% off with coins",CN,si,https://www.aliexpress.us/item/3256811996762417.html
mouse repellent pouches,3256811837750704,Rodent Repellent Indoor and Outdoor Gentle Rodent Repellent Convenient Rodent Repellent Pills to Keep Mice Awa,3.18,17.05,81,58 sold,3.7,"$3.02 each, ≥ 2 pieces | New shoppers save $13.87",CN,si,https://www.aliexpress.us/item/3256811837750704.html
mouse repellent pouches,3256803069337973,"Transparent Soft Silicone Case Compatible with Magic Mouse 1 / 2 , Portable Protector Anti-Scratch Protective ",2.44,,,203 sold,4.5,,CN,si,https://www.aliexpress.us/item/3256803069337973.html
mouse repellent pouches,3256804806279896,Orange PU Leather Felt Mouse Pouch Travel Carry Case Dust Cover Mice Storage Bag For Apple Magic Mouse 2 Acces,1.09,4,72,12 sold,,New shoppers save $2.91,CN,si,https://www.aliexpress.us/item/3256804806279896.html
mouse repellent pouches,3256809145848670,"Mouse Storage Bag for Logitech MX Vertical, Travel Case Portable Storage Box Impact-resistant EVA Hard Case fo",1.09,11.35,90,482 sold,4.9,New shoppers save $10.26 | Lowest price in 90 days,CN,si,https://www.aliexpress.us/item/3256809145848670.html
mouse repellent pouches,3256812201627095,Stainless Steel Gardening Guard Net Baskets Plant Root Protection Mesh Bags Plant Flowers Insect Mouse Wire Pr,41.89,95.7,56,16 sold,5,New shoppers save $53.81 | Delivery: Oct 04 - 12,CN,si,https://www.aliexpress.us/item/3256812201627095.html
mouse repellent pouches,3256812094115820,1 Pcs Travel Carry Case For MX Anywhere 3S Wireless Mouse Portable Storage Bag Hard EVA Box For Anywhere 3 Mic,1.09,6.4,82,22 sold,5,New shoppers save $5.31,CN,si,https://www.aliexpress.us/item/3256812094115820.html
mouse repellent pouches,3256805823907278,HAWEEL Organizer Storage Bag For Charger Power Bank Cables Mouse Earphones Electronics Accessories Portable Tr,1.09,4.84,77,111 sold,4.5,New shoppers save $3.75 | Extra 5% off with coins,CN,si,https://www.aliexpress.us/item/3256805823907278.html
mouse repellent pouches,3256811743864854,Repeller Rodent For Home Ultrasonic Electronic Pest Control Rodent Rat Mouse Repeller Mice Mouse Repellent Ant,1.09,6.92,84,82 sold,4.4,"$1.04 each, ≥ 2 pieces | New shoppers save $5.83",CN,si,https://www.aliexpress.us/item/3256811743864854.html
mouse repellent pouches,3256812575584861,EVA Protective Case and Storage Bag for Logitech G502 G502X Wireless Gaming Mouse Compact and Portable Travel ,16.8,32.3,48,1 sold,,Free shipping,CN,si,https://www.aliexpress.us/item/3256812575584861.html
mouse repellent pouches,3256809944986368,Shockproof Waterproof Hard Shell Mouse Case EVA Oxford Storage Bag For Electronics Accessories,7.7,9.87,22,5 sold,,Free shipping,CN,si,https://www.aliexpress.us/item/3256809944986368.html
mouse repellent pouches,3256807438870951,Sugar Glider Tray Honey Bag Small Honey Bag Dense Bag Bundle Pocket Hamster  Flower Branch Mouse  Honey Bag We,1.09,9.47,88,6 sold,,New shoppers save $8.38 | Delivery: Oct 04 - 12,CN,si,https://www.aliexpress.us/item/3256807438870951.html
mouse repellent pouches,3256807023217229,Mouse Bag Sleeve Pouch for Logitech M510 M330 M720 M650 Mouse Practical Storage Bags Storage,1.09,5.75,81,59 sold,4.9,New shoppers save $4.66,CN,si,https://www.aliexpress.us/item/3256807023217229.html
mouse repellent pouches,3256805121202482,MIni Paper Pouch Chargers Storage Bags Sleeve cover for Accessories Mouse Data Line Power Spply Storage Bag Co,1.09,10.31,89,40 sold,5,New shoppers save $9.22 | Delivery: Oct 04 - 12,CN,si,https://www.aliexpress.us/item/3256805121202482.html
mouse repellent pouches,3256807928328132,External Hard Drive Travel Pouch for Laptop Reusable Holder for Mouse/Earphone Carrying Case Computer Accessor,1.09,4.6,76,35 sold,,New shoppers save $3.51 | Lowest price in 90 days,CN,si,https://www.aliexpress.us/item/3256807928328132.html
peppermint rodent repellent bag,3256812562689579,"20 Pack Rodent Mouse Repellent Pouches Peppermint Oil to Repel Mice and Rats, Mouse Repeller Pest Repellent Po",25.34,101.37,75,3 sold,,"Early bird deal, only 2 left | Free shipping",US,si,https://www.aliexpress.us/item/3256812562689579.html
peppermint rodent repellent bag,3256812190584640,"Pest Control Pouches Mosquito Repellent Mice, Rats, Ants, Cockroaches, Moths, and Other pests Peppermint Oil M",19.26,101.37,81,2 sold,,"Early bird deal, only 4 left | Free shipping",US,si,https://www.aliexpress.us/item/3256812190584640.html
peppermint rodent repellent bag,3256812713858075,"20pcs Peppermint Oil Rodent Repellent Balls - Eco-Friendly Mice/Rat Deterrent for Car Engine, Garage & Home Pe",0.99,13.49,92,84 sold,4.4,New shoppers save $12.5 | Extra 1% off with coins,CN,si,https://www.aliexpress.us/item/3256812713858075.html
peppermint rodent repellent bag,3256812679445050,"48 PCS Natural Peppermint Oil Rat Repellent Balls – Effective Mouse Repellent for Home & Garden, Repels Rats, ",25.63,77.16,66,18 sold,,New shoppers save $51.53 | Free shipping,US,si,https://www.aliexpress.us/item/3256812679445050.html
peppermint rodent repellent bag,3256812591696179,"Peppermint Oil Rodent Repellent Balls - Eco-Friendly Mice/Rat Deterrent for Car Engine, Garage & Home Pest Con",0.99,13.46,92,53 sold,5,New shoppers save $12.47 | Extra 1% off with coins,CN,si,https://www.aliexpress.us/item/3256812591696179.html
peppermint rodent repellent bag,3256812408071561,"Mouse Rodent Repellent, 10 Pack Peppermint Lemon Mice Repellent for Squirrel Rats Spider Pests, Natural Deterr",0.99,38.44,97,29 sold,4.9,New shoppers save $37.45 | Free shipping,US,si,https://www.aliexpress.us/item/3256812408071561.html
peppermint rodent repellent bag,3256812931413357,20pcs Peppermint Mouse Rodent Repellents for Home Kitchen Garden Long-Lasting Effective Rat Repellent Pellets ,0.99,13.18,92,15 sold,,New shoppers save $12.19 | Extra 1% off with coins,CN,si,https://www.aliexpress.us/item/3256812931413357.html
peppermint rodent repellent bag,3256812732035494,"Rodent Repellent Balls, 48 PCS Rodent Control, Natural Mouse Repellent Peppermint Oil for Mice, Rats, Squirrel",25.76,77.34,66,14 sold,5,New shoppers save $51.58 | Free shipping,US,si,https://www.aliexpress.us/item/3256812732035494.html
peppermint rodent repellent bag,3256812921326612,20pcs Peppermint Mouse Rodent Repellents for Home Kitchen Garden Long-Lasting Effective Rat Repellent Pellets ,6.56,13.67,52,8 sold,,Extra 1% off with coins,CN,si,https://www.aliexpress.us/item/3256812921326612.html
peppermint rodent repellent bag,3256812191114570,"Pest Repellent Pouches, Pest Control Pouches, Rodent Repellent, Rat Deterrent,Mouse Repellent, Mice Repellent,",4.94,101.37,95,6 sold,5,"New shoppers save $96.43 | Early bird deal, only 2 left",US,si,https://www.aliexpress.us/item/3256812191114570.html
peppermint rodent repellent bag,3256812931759455,20pcs Pest Rodent Repellent Peppermint Oil Mouse Trap for Rat Mice Roach Nature Insect Control Mouse Deterrent,0.99,13.64,92,3 sold,,"New shoppers save $12.65 | Early bird deal, only 2 left",CN,si,https://www.aliexpress.us/item/3256812931759455.html
peppermint rodent repellent bag,3256812724212490,"Pest Control Ball Repellent, Rodent Repellent, Mouse Repellents, Peppermint Oil to Repel Mice and Rats, Rat De",7.36,40.96,82,5 sold,,New shoppers save $33.6 | Free shipping,US,si,https://www.aliexpress.us/item/3256812724212490.html
peppermint rodent repellent bag,3256812931511467,"20pcs Mint and Rodent Repellents for Home, Kitchen and Food, Long-Term and Effective Rat Repellent Pellets, De",0.99,13.67,92,2 sold,,New shoppers save $12.68 | Extra 1% off with coins,CN,si,https://www.aliexpress.us/item/3256812931511467.html
peppermint rodent repellent bag,3256812912253554,20 Peppermint Oil Mint Balls 10pcs Powerful Long Lasting Natural Rodent & Insect Repellent for Mice Spider Roa,6.51,13.56,52,12 sold,5,Delivery: Oct 04 - 12 | Extra 1% off with coins,CN,si,https://www.aliexpress.us/item/3256812912253554.html
peppermint rodent repellent bag,3256811841926453,12 Pcs Cat Repellent Ball Natural Peppermint Oil Cat Kitten Deterrent Keep Cats Off Lawn Yard Garden Furniture,10.41,20.82,49,99 sold,4.8,"$9.89 each, ≥ 2 pieces | Extra 1% off with coins",CN,si,https://www.aliexpress.us/item/3256811841926453.html
peppermint rodent repellent bag,3256810514220089,12 Pack Cat Deterrent Mat Scat Mat Spikes Plants Indoor Furniture Outdoor Garden Fence Pet Repellent Barrier C,1.33,10.48,87,"1,000+ sold",4.4,Delivery: Oct 04 - 12,CN,si,https://www.aliexpress.us/item/3256810514220089.html
peppermint rodent repellent bag,3256812105371975,Mice Repellent Keep Rats Away Balls Long-Lasting Protection Safe Natural Peppermint Oil Formula Indoor & Outdo,0.99,20.12,95,9 sold,5,New shoppers save $19.13 | Extra 1% off with coins,CN,si,https://www.aliexpress.us/item/3256812105371975.html
peppermint rodent repellent bag,3256801393633548,Nylon Grow Fruit Protection Bags With Drawstring For Protecting Plant Flower Vegetable Reusable Mesh Protect B,0.99,14.5,93,245 sold,4.8,New shoppers save $13.51 | Free shipping,CN,si,https://www.aliexpress.us/item/3256801393633548.html
peppermint rodent repellent bag,3256809262875366,12 Pack Cat Deterrent Outdoor Indoor Natural Peppermint Oil Cat Repellent Keep Cats Off Yard Garden Lawn Plant,0.99,18.97,94,45 sold,4.7,"$0.94 each, ≥ 2 pieces | New shoppers save $17.98",CN,si,https://www.aliexpress.us/item/3256809262875366.html
peppermint rodent repellent bag,3256812471432366,12X Cat Repellent Balls Aroma Balls with Peppermint Oil Dog Repellent Ball Keep Cats Out of Garden for Furnitu,40.49,80.98,50,1 sold,,4 × $10.12 with no interest,CN,si,https://www.aliexpress.us/item/3256812471432366.html
peppermint rodent repellent bag,3256812912267782,20 Peppermint Oil Mint Balls 10pcs Powerful Long Lasting Natural Rodent & Insect Repellent for Mice Spider Roa,6.51,13.56,52,5 sold,4,Extra 1% off with coins,CN,si,https://www.aliexpress.us/item/3256812912267782.html
peppermint rodent repellent bag,3256812844700239,20 Peppermint Oil Mint Balls 10pcs Powerful Long Lasting Natural Rodent & Insect Repellent for Mice Spider Roa,0.99,13.57,92,8 sold,,New shoppers save $12.58 | Extra 1% off with coins,CN,si,https://www.aliexpress.us/item/3256812844700239.html
peppermint rodent repellent bag,3256812921382993,20pcs Mouse Repellent Tablets Pest Rodent Repellent Peppermint Oil Mouse Traps for Rat Mice Roach Indoor Outdo,0.99,13.69,92,5 sold,,"New shoppers save $12.7 | Early bird deal, only 15 left",CN,si,https://www.aliexpress.us/item/3256812921382993.html
peppermint rodent repellent bag,3256809754693124,Bird Spikes Repellent Supplies Scarecaper Pigeons Animal Repeller Deterrent Amazes Birds Anti Outdoor Pest Con,0.99,29.19,96,"1,000+ sold",4.9,"$0.95 each, ≥ 2 pieces | New shoppers save $28.2",CN,si,https://www.aliexpress.us/item/3256809754693124.html
peppermint rodent repellent bag,3256812921430257,"20pcs Mint and Rodent Repellents for Home, Kitchen and Food, Long-Term and Effective Rat Repellent Pellets, De",0.99,13.67,92,1 sold,,"New shoppers save $12.68 | Early bird deal, only 4 left",CN,si,https://www.aliexpress.us/item/3256812921430257.html
peppermint rodent repellent bag,3256812912205570,20 Peppermint Oil Mint Balls 10pcs Powerful Long Lasting Natural Rodent & Insect Repellent for Mice Spider Roa,6.55,13.64,52,4 sold,,Extra 1% off with coins,CN,si,https://www.aliexpress.us/item/3256812912205570.html
peppermint rodent repellent bag,3256812931777536,20pcs Pest Rodent Repellent Peppermint Oil Mouse Trap for Rat Mice Roach Nature Insect Control Mouse Deterrent,5.78,14.45,60,,,"Early bird deal, only 4 left | Extra 1% off with coins",CN,si,https://www.aliexpress.us/item/3256812931777536.html
peppermint rodent repellent bag,3256811396841266,Humane Rat Trap Cage Live Animal Pest Rodent Mice Mouse Control Bait Catch,24.12,30.15,20,,,,CN,si,https://www.aliexpress.us/item/3256811396841266.html
peppermint rodent repellent bag,3256812766896279,10pcsMint Smell Mouse Repelling Balls Keep Mice Out For House Peppermint Oil Mice Activity Discourager Tools,5.17,10.34,50,,,Extra 1% off with coins,CN,si,https://www.aliexpress.us/item/3256812766896279.html
peppermint rodent repellent bag,3256812921398729,20pcs Mouse Repellent Tablets Pest Rodent Repellent Peppermint Oil Mouse Traps for Rat Mice Roach Indoor Outdo,0.99,13.28,92,3 sold,,New shoppers save $12.29 | Extra 1% off with coins,CN,si,https://www.aliexpress.us/item/3256812921398729.html
peppermint rodent repellent bag,3256812835090309,"100pcs Peppermint Oil Rodent Repellent Balls - Eco-Friendly Mice/Rat Deterrent for Car Engine, Garage & Home P",27.37,63.66,57,,,"Early bird deal, only 4 left | Extra 1% off with coins",CN,si,https://www.aliexpress.us/item/3256812835090309.html
peppermint rodent repellent bag,3256811409251505,Gecko Repellent Spray Strong Househol Repellent Spray Longterm Effective Anti Gecko Products Indoor Potent Gec,35.59,71.18,50,4 sold,,4 × $8.9 with no interest,CN,si,https://www.aliexpress.us/item/3256811409251505.html
peppermint rodent repellent bag,3256812912165485,20 Peppermint Oil Mint Balls 10pcs Powerful Long Lasting Natural Rodent & Insect Repellent for Mice Spider Roa,6.55,13.64,52,3 sold,,Extra 1% off with coins,CN,si,https://www.aliexpress.us/item/3256812912165485.html
peppermint rodent repellent bag,3256812912235657,20 Peppermint Oil Mint Balls 10pcs Powerful Long Lasting Natural Rodent & Insect Repellent for Mice Spider Roa,6.48,13.5,52,9 sold,,Extra 1% off with coins,CN,si,https://www.aliexpress.us/item/3256812912235657.html
peppermint rodent repellent bag,3256812844091694,20pcs Rodent Repellent Indoor and Outdoor Gentle Rodent Repellent Convenient Rodent Repellent Pills to Keep Mi,5.56,13.55,59,37 sold,3,Extra 1% off with coins,CN,si,https://www.aliexpress.us/item/3256812844091694.html
peppermint rodent repellent bag,3256811827811314,USB Mosquito Repellent Heater Pest Bug Electronic Repeller Device Smokeless for Indoor Outdoor Car Traveling H,0.33,6.08,94,"4,000+ sold",4.9,Delivery: Oct 04 - 12,CN,si,https://www.aliexpress.us/item/3256811827811314.html
peppermint rodent repellent bag,3256809822105823,HozoneX 10pieces Deer and Rabbit Repellent Pills Home Outdoor Courtyard Plant Oil Odor Repellent Long Lasting ,0.99,14.07,92,82 sold,4.9,"$0.94 each, ≥ 2 pieces | New shoppers save $13.08",CN,si,https://www.aliexpress.us/item/3256809822105823.html
peppermint rodent repellent bag,3256812235396100,Gentle Rodent Repellent Convenient Rodent Repellent Pills to Keep Mice Away for Indoor Outdoor Home Garage Att,10.04,20.5,51,74 sold,4.6,Extra 1% off with coins,CN,si,https://www.aliexpress.us/item/3256812235396100.html
peppermint rodent repellent bag,3256809178385761,12X Cat Repellent Balls Aroma Balls with Peppermint Oil Dog Repellent Ball Keep Cats Out of Garden for Furnitu,0.99,22.65,95,293 sold,4.3,"$0.94 each, ≥ 2 pieces | New shoppers save $21.66",CN,si,https://www.aliexpress.us/item/3256809178385761.html
peppermint rodent repellent bag,3256808837405282,Mosquito Swatter Trap Mini USB UV Light Pest Control Electric Shock Mosquito Killer Lamp Portable Fly Bug Zapp,,,,"5,000+ sold",4.5,,,,https://www.aliexpress.us/item/3256808837405282.html
peppermint rodent repellent bag,3256801938150805,Dog Training Clicker Pet Cat Plastic New Dogs Click Trainer Aid Tools Adjustable Wrist Strap Sound Key Chain D,,,,"4,000+ sold",4.9,,,,https://www.aliexpress.us/item/3256801938150805.html
peppermint rodent repellent bag,3256812642137954,New Ultrasonic Electronic Mosquito Repellent Outdoor Camping Portable Repellent Intelligent  Automatic Mosquit,,,,600+ sold,4.5,,,,https://www.aliexpress.us/item/3256812642137954.html
peppermint rodent repellent bag,3256806633924752,1/2/4/8 Solar Powered Ultrasonic Sonic Mole Pest Rodent Repeller Repellent Yard Outdoor Lamp Backyard Farmland,24.99,73.66,66,"1,000+ sold",4.5,Delivery: Oct 04 - 12 | Free shipping,CN,si,https://www.aliexpress.us/item/3256806633924752.html
peppermint rodent repellent bag,3256812393085986,HOMEFISH Portable Insect Bite Itch Relief Pen for Kids Adults Outdoor Travel Camping,4.82,10.48,54,500+ sold,4,Delivery: Oct 04 - 12 | Extra 1% off with coins,CN,si,https://www.aliexpress.us/item/3256812393085986.html
peppermint rodent repellent bag,3256811391578839,1Pc Electronic Pest Reject Ultrasound Mouse Cockroach Repeller Device Insect Rats Spiders Mosquito Killer Pest,0.99,5.55,82,29 sold,4,New shoppers save $4.56 | Delivery: Oct 04 - 12,CN,si,https://www.aliexpress.us/item/3256811391578839.html
peppermint rodent repellent bag,3256808368184057,Rabbit Cat Harness and Leash Set Adjustable Pet Lead Leash for Small Animals Ferrets Piggies Hedgehogs Outdoor,0.33,7.34,95,900+ sold,4.9,Delivery: Oct 04 - 12,CN,si,https://www.aliexpress.us/item/3256808368184057.html
peppermint rodent repellent bag,3256808161287355,6Pcs Ultrasonic Pest Repeller Insect Bug Repeller Long Range Pest & Insect Deterrent Multi-Function for Roach ,0.99,12,91,377 sold,4.6,New shoppers save $11.01,CN,si,https://www.aliexpress.us/item/3256808161287355.html
peppermint rodent repellent bag,3256811753603103,12 Pack Cat Deterrent Mat Scat Mat Spikes Plants Indoor Furniture Outdoor Garden Fence Pet Repellent Barrier C,1.33,9.08,85,"1,000+ sold",4.9,Delivery: Oct 04 - 12,CN,si,https://www.aliexpress.us/item/3256811753603103.html
peppermint rodent repellent bag,3256808831783984,Nylon Plant Protection Netting Mesh Bag Cover for Fruit Vegetable Tree Strawberry Grapes Pest Control Anti-Bir,0.99,2.56,61,"5,000+ sold",4.8,New shoppers save $1.57 | Top selling on AliExpress,CN,si,https://www.aliexpress.us/item/3256808831783984.html
peppermint rodent repellent bag,3256806810971140,Polypropylene Cat Dog Spike Mat Animal Repellent Deterrent Anti Scat Tool Household Garden Protection,4.33,12.31,64,"3,000+ sold",4.9,Delivery: Oct 04 - 12,CN,si,https://www.aliexpress.us/item/3256806810971140.html
peppermint rodent repellent bag,3256807484468427,Hanging Fly Trap Bag with Fly Bait Disposable Flies Trap Non-Toxic Mosquito Trap Catcher Fly Wasp Insect Bug K,4.04,11.35,64,"1,000+ sold",4.4,"$3.84 each, ≥ 2 pieces | Extra 1% off with coins",CN,si,https://www.aliexpress.us/item/3256807484468427.html
peppermint rodent repellent bag,3256806001305146,Stainless Steel Dog Whistle To Stop Barking Bark Control For Dogs Training Deterrent Whistle Puppy Adjustable ,,,,"1,000+ sold",4.3,,,,https://www.aliexpress.us/item/3256806001305146.html
peppermint rodent repellent bag,3256806253217605,2pcs Animal Repellent  For Sonic Gadgets Car Bumper Grille Mount Animal Whistle Repeller Deer Compact Warn Dev,0.99,5.71,82,"1,000+ sold",4.7,New shoppers save $4.72 | Top selling on AliExpress,CN,si,https://www.aliexpress.us/item/3256806253217605.html
peppermint rodent repellent bag,3256812087289812,12Pcs Cat Repellent Ball Natural Peppermint Oil Cat Repellent Plant Based Anti Cat Scratch Ball for Keep Pet O,0.99,20.73,95,158 sold,4.1,"$0.94 each, ≥ 2 pieces | New shoppers save $19.74",CN,si,https://www.aliexpress.us/item/3256812087289812.html
peppermint rodent repellent bag,3256812845258451,New Model of Simulated Rat and Rat Cat and Dog Entertainment Spoof Plush Doll with Skeleton Concave Shape Pet ,0.33,4.3,92,429 sold,4.9,Delivery: Oct 04 - 12,CN,si,https://www.aliexpress.us/item/3256812845258451.html
peppermint rodent repellent bag,3256806718231728,"Suction Tool, Poison Remover - Bug Bites And Bee/Wasp Stings, Natural Insect Bite Relief, Chemical Free Single",1.33,4.69,71,"10,000+ sold",4.9,Delivery: Oct 04 - 12,CN,si,https://www.aliexpress.us/item/3256806718231728.html
peppermint rodent repellent bag,3256812292307678,"Extra Thick Garden Plant Protection Net with Zipper Drawstring, PE Insect Bird Netting Cover for Fruit Trees C",6.33,20,68,329 sold,4.2,Top selling on AliExpress | Delivery: Oct 04 - 12,CN,si,https://www.aliexpress.us/item/3256812292307678.html
peppermint rodent repellent bag,3256812100996455,"Plastic Mousetrap, Mouse Cage, Reusable Mouse Rodent Catcher, Pet Control Cage Home Garden",2.33,12.66,81,217 sold,4.9,Delivery: Oct 04 - 12,CN,si,https://www.aliexpress.us/item/3256812100996455.html
peppermint rodent repellent bag,3256812215659869,12 Pieces Mice Control Ball Long-Lasting Trap Animal Control Balls for Indoor Outdoor Home Garage Attic Car Ga,9.73,19.85,51,157 sold,4.9,Extra 1% off with coins,CN,si,https://www.aliexpress.us/item/3256812215659869.html
peppermint rodent repellent bag,3256806851907763,Pest Reject Control Repeller Automatic Flycatcher Indoor Outdoor Fly Trap Insect Pest Catcher Electric Pest Ki,10.23,20.45,50,500+ sold,4.9,Delivery: Oct 04 - 12 | Extra 2% off with coins,CN,si,https://www.aliexpress.us/item/3256806851907763.html
peppermint rodent repellent bag,3256811959285098,Snake Repellent Pill Repelling Snake with Scent Ensure Home Safety Plant Ingredients Snake Control Suitable fo,5.87,38.51,84,94 sold,4.1,"$5.58 each, ≥ 2 pieces | New shoppers save $32.64",CN,si,https://www.aliexpress.us/item/3256811959285098.html
peppermint rodent repellent bag,3256804875743876,7.5cm Cage Door Spring Hook Metal Cage Accessories Hooks Sturdy Tension Fixing Spring for Wire Rabbit/Bird/Ham,1.09,3.38,67,89 sold,4.8,New shoppers save $2.29 | Lowest price in 90 days,CN,si,https://www.aliexpress.us/item/3256804875743876.html
peppermint rodent repellent bag,3256812137115676,"Mint-Flavored Mouse Repellent Spray Mouse Repellent for Outdoor Gardening, Preventing and Exterminating, Mouse",1.09,16.32,93,19 sold,,New shoppers save $15.23 | Lowest price in 90 days,CN,si,https://www.aliexpress.us/item/3256812137115676.html
peppermint rodent repellent bag,3256809957197821,Mosquito Coils Holder Stainless Steel Mosquito Coil Box with Cover Round Mosquito Coil Tray Easy To Clean Anti,1.09,6.76,83,101 sold,5,"$1.04 each, ≥ 2 pieces | New shoppers save $5.67",CN,si,https://www.aliexpress.us/item/3256809957197821.html
peppermint rodent repellent bag,3256805445420668,4 Pcs / Lot Bird Feeder Waterer Drinker Pet Clip for Bird Feeder Agricultural Equipment (size:M),1.09,9.92,88,299 sold,4.5,"$1.04 each, ≥ 2 pieces | New shoppers save $8.83",CN,si,https://www.aliexpress.us/item/3256805445420668.html
peppermint rodent repellent bag,3256809866068186,"2 Rolls Bird Scare Tape, Double Sided Holographic Flash Reflective Bird Tape, Deterrent Visual Audible Bird Re",1.09,9.29,88,188 sold,4.8,"$1.04 each, ≥ 2 pieces | New shoppers save $8.2",CN,si,https://www.aliexpress.us/item/3256809866068186.html
peppermint rodent repellent bag,3256809758923347,"Outdoor Solar-Powered Rat Repellent IP66 Waterproof, Suitable for Courtyards, Gardens, and Farms",1.09,20.22,94,38 sold,5,"$1.04 each, ≥ 2 pieces | New shoppers save $19.13",CN,si,https://www.aliexpress.us/item/3256809758923347.html
peppermint rodent repellent bag,3256811455050692,High Quality Wooden Bird Cage Nesting Box Breeding Hatching Nest for Parakeet Budgies Cocktail Finch Lovebird ,1.09,6.26,82,137 sold,4.3,"$1.04 each, ≥ 2 pieces | New shoppers save $5.17",CN,si,https://www.aliexpress.us/item/3256811455050692.html
peppermint rodent repellent bag,3256806874254638,Dental Double Head T-Shape Mouth Opener Cheek Lip Retractor Intraoral Opener Spreader 2 Sizes Teeth Whitening ,1.09,2.77,60,92 sold,5,New shoppers save $1.68,CN,si,https://www.aliexpress.us/item/3256806874254638.html
peppermint rodent repellent bag,3256806511622200,Dog Training Whips Safety PU Pet Cat Dog Training Stick Dog Behavior Management Stick Deterrents Training Tool,1.09,7.77,85,49 sold,4.3,New shoppers save $6.68 | Lowest price in 90 days,CN,si,https://www.aliexpress.us/item/3256806511622200.html
peppermint rodent repellent bag,3256807983600482,EVA Durable Dog Toys 4 Pack  Flying Disc + Ball + Tug Rope for Puppy&Adult Dogs  Chew-Proof Teeth Cleaning Set,2.33,3.16,26,"5,000+ sold",4.8,Top selling on AliExpress | Free shipping,CN,si,https://www.aliexpress.us/item/3256807983600482.html
peppermint rodent repellent bag,3256812159515664,Smart Self-locking Mousetrap Safe Firm Iron Net Household Mouse Catcher Metal Reusable Humane Indoor Outdoor R,1.09,17.86,93,33 sold,4,New shoppers save $16.77 | Delivery: Oct 04 - 12,CN,si,https://www.aliexpress.us/item/3256812159515664.html
peppermint rodent repellent bag,3256811890281940,"1/3/8pcs Japanese Vortex Drain Hair Catcher: Rotating Filter for Bathroom Kitchen Sink, Anti-Bug Clog Prevente",,,,151 sold,3.9,,,,https://www.aliexpress.us/item/3256811890281940.html
peppermint rodent repellent bag,3256809143694664,"Garden net, heavy-duty bird proof net, deer and plant protection, polyester material, reusable, animal fence, ",1.09,9.06,87,445 sold,4.1,"$1.04 each, ≥ 2 pieces | New shoppers save $7.97",CN,si,https://www.aliexpress.us/item/3256809143694664.html
peppermint rodent repellent bag,3256806808871619,Pet Dog Whistle To Stop Barking Bark Control for Dogs Training Deterrent Whistle Puppy Adjustable Training Dog,0.33,2.75,88,78 sold,4.9,Delivery: Oct 04 - 12,CN,si,https://www.aliexpress.us/item/3256806808871619.html
peppermint rodent repellent bag,3256808444429133,New 4 Color Portable Butterfly Insect Habitat Cage with Carrying Handle Collapsible Breathable Mesh Caterpilla,1.09,15.76,93,184 sold,4.5,New shoppers save $14.67 | Delivery: Oct 04 - 12,CN,si,https://www.aliexpress.us/item/3256808444429133.html
peppermint rodent repellent bag,3256809974630208,Electric Mouse Control Device High Voltage Battery Operated Household Rat Catcher Controller Cordless Mice Rod,67.27,80.27,16,152 sold,4.8,New shoppers save $13 | 4 × $16.82 with no interest,CN,si,https://www.aliexpress.us/item/3256809974630208.html
peppermint rodent repellent bag,3256809338828918,3 Pack Bearded Dragon Harness and Leash Set  Adjustable Soft Leather Lizard Harness 3 Sizes for Bearded Dragon,1.09,17.49,93,37 sold,5,New shoppers save $16.4 | Lowest price in 90 days,CN,si,https://www.aliexpress.us/item/3256809338828918.html
peppermint rodent repellent bag,3256808810667029,10/20/30PCS Snake Pills Strong Mildew Health Pest Control Ball Moth Insect Camphor Bug Repellent Garden Natura,2.39,20.78,88,22 sold,,"$2.27 each, ≥ 2 pieces | New shoppers save $18.39",CN,si,https://www.aliexpress.us/item/3256808810667029.html
peppermint rodent repellent bag,3256812393552069,"Stainless Steel Anti Climb Spikes, Pipe Anti Snake Rat Squirrel Bird Repellent Spikes, Outdoor Security Anti I",1.09,15.04,92,43 sold,5,New shoppers save $13.95 | Lowest price in 90 days,CN,si,https://www.aliexpress.us/item/3256812393552069.html
peppermint rodent repellent bag,3256812478596319,Neem Oil Mint Plant Spray Natural Essential Oil Pest Control Promote Root Health Growth Flower Fertilizer Yard,1.09,9.44,88,64 sold,4.3,New shoppers save $8.35 | Extra 1% off with coins,CN,si,https://www.aliexpress.us/item/3256812478596319.html
peppermint rodent repellent bag,3256808624281328,Telescopic Stainless Steel Spraying Rod Brass End 0.5-1m For Electric Hand Sprayer Outdoor Garden Spraying Wat,1.09,10.04,89,900+ sold,4.7,"$1.04 each, ≥ 2 pieces | New shoppers save $8.95",CN,si,https://www.aliexpress.us/item/3256808624281328.html
peppermint rodent repellent bag,3256811878162778,"Durable Plastic Wasp Deterrent (1Pc), Realistic Hanging Wasp Repellent, Effective Outdoor Garden Pest Control,",,,,170 sold,4.6,,,,https://www.aliexpress.us/item/3256811878162778.html
peppermint rodent repellent bag,3256810138596652,3 Pieces Set Split Lizard Leash Breathable Reptile Harness for Chameleon Squirrel Outdoor Pet Walking Accessor,,,,360 sold,4.5,,,,https://www.aliexpress.us/item/3256810138596652.html
peppermint rodent repellent bag,3256812659574214,Mice Control Ball with Mesh Bag 28Pcs/set Long Lasting Animal Control Balls for Kitchen Pantry Attic Garage Wa,1.09,13.03,91,5 sold,5,New shoppers save $11.94 | Extra 1% off with coins,CN,si,https://www.aliexpress.us/item/3256812659574214.html
peppermint rodent repellent bag,3256812216346209,1pcs Pet Clicker Ring  for Dog Cat Horses Bird  Mini Finger Clickers Training Equipment Obedience Behavior Sci,1.09,6.9,84,98 sold,4.3,New shoppers save $5.81 | Delivery: Oct 04 - 12,CN,si,https://www.aliexpress.us/item/3256812216346209.html
peppermint rodent repellent bag,3256809815669710,Cockroach Traps Box Stainless Steel Roach Catcher Wear-resistant Lightweight Cockroach Repellent Good Sealing ,1.33,9.32,85,19 sold,3.5,Delivery: Oct 04 - 12,CN,si,https://www.aliexpress.us/item/3256809815669710.html
peppermint rodent repellent bag,3256812172996893,Cockroach Trap Six-Door Upgrade Safe Efficient Anti Cockroaches Killer Plus Large Repeller No Pollute Green Fo,1.09,16.87,93,125 sold,4.6,New shoppers save $15.78 | Delivery: Oct 04 - 12,CN,si,https://www.aliexpress.us/item/3256812172996893.html
peppermint rodent repellent bag,3256808937270638,Snail Trap Orchard Bug Catcher Insect Vegetable Garden Supplies Slug Repellent Accessories Gadgets Products Pe,1.09,6.6,83,800+ sold,4.8,"$1.04 each, ≥ 2 pieces | New shoppers save $5.51",CN,si,https://www.aliexpress.us/item/3256808937270638.html
peppermint rodent repellent bag,3256811618742274,{MX} Bird Repellent Spikes Stainless Steel Protection Device Anti Pigeon Anti-bird Squirrel Garden Fences Keep,1.09,14.65,92,25 sold,4.5,"$1.03 each, ≥ 2 pieces | New shoppers save $13.56",CN,si,https://www.aliexpress.us/item/3256811618742274.html
peppermint rodent repellent bag,3256809509348992,Reptile Food Bowl Anti-Escape Ceramic Feeder Dish Reptile Water Bowl for Hermit Crab Leopard Gecko Chameleon C,2.6,5.42,52,"2,000+ sold",4.9,Lowest price in 90 days | Delivery: Oct 04 - 12,CN,si,https://www.aliexpress.us/item/3256809509348992.html
peppermint rodent repellent bag,3256808758312484,Suction Tool Vacuum Venom Extractor Mosquito and Bee Bite Venom Extractor Pest Repeller Poison Extractor,,,,90 sold,4.2,,,,https://www.aliexpress.us/item/3256808758312484.html
peppermint rodent repellent bag,3256812278028558,Polypropylene Cat Dog Spike Mat Animal Repellent Deterrent Anti Scat Tool Household Garden Protection,3.33,14.88,77,600+ sold,4.6,Delivery: Oct 04 - 12,CN,si,https://www.aliexpress.us/item/3256812278028558.html
peppermint rodent repellent bag,3256812924733489,Intelligent Mouse Trap Automatic Reset Flip Cover Indoor Outdoor Mouse Catching Artifact Reusable Quick Effect,7.56,15.12,50,138 sold,4.9,Delivery: Oct 04 - 12 | Extra 2% off with coins,CN,si,https://www.aliexpress.us/item/3256812924733489.html
peppermint rodent repellent bag,3256807353677035,Bird Spikes Repellent Supplies Against Pigeons Crows Repeller Outdoor Defense Scare Birds Garden Scarecaper Ou,14.33,35.83,59,"4,000+ sold",4.9,Delivery: Oct 04 - 12,CN,si,https://www.aliexpress.us/item/3256807353677035.html
peppermint rodent repellent bag,3256806984554006,Double head T-Shape Cheek Mouth Lip Retractor Dental Intraoral Opener Mouth Expanders Orthodontic Materials Te,1.33,8.04,83,"10,000+ sold",4.9,Delivery: Oct 04 - 12,CN,si,https://www.aliexpress.us/item/3256806984554006.html
peppermint rodent repellent bag,3256807351194030,Hanging Fly Catcher Bag with Fly Bait Disposable Fly Trap Catcher Bag Non-Toxic Mosquito Trap Catcher for Outd,4.17,11.71,64,500+ sold,4.6,"$3.96 each, ≥ 2 pieces | Extra 1% off with coins",CN,si,https://www.aliexpress.us/item/3256807351194030.html
peppermint rodent repellent bag,3256808822376269,[High-Quality Snail Trap] Durable High-Quality Snail & Slug Trap - Safe Plastic Cage for Vegetables and Flower,1.09,6.72,83,"5,000+ sold",4.7,"$1.04 each, ≥ 2 pieces | New shoppers save $5.63",CN,si,https://www.aliexpress.us/item/3256808822376269.html
peppermint rodent repellent bag,3256809278089817,Realistic Fake Owl Decoy With Rotating Head For Garden Yard Outdoor Bird Deterrent Owl Sculpture Birds Repelle,1.66,29.93,94,105 sold,4.5,"$1.58 each, ≥ 2 pieces | New shoppers save $28.27",CN,si,https://www.aliexpress.us/item/3256809278089817.html
peppermint rodent repellent bag,3256809536125597,Mouses Bait Station Mice Stations Trap Bait Reusable Triangle Bait Station Bait Boxes for Mice Mouses Box for ,1.33,8.26,83,700+ sold,4.3,Delivery: Oct 04 - 12,CN,si,https://www.aliexpress.us/item/3256809536125597.html
peppermint rodent repellent bag,3256810247273116,"Foot Operated High-sensitivity Mouse Trap, Suitable for Outdoor and Indoor Household Automatic Mouse Traps",1.63,30.48,94,40 sold,5,"$1.55 each, ≥ 2 pieces | New shoppers save $28.85",CN,si,https://www.aliexpress.us/item/3256810247273116.html
peppermint rodent repellent bag,3256811993022223,Outdoor Snake Repellent Snake Deterrent Set Repelling Snakes Long-Lasting Protection Natural Smell Pet & Kid S,1.72,20.24,91,100 sold,4.7,"$1.63 each, ≥ 2 pieces | New shoppers save $18.52",CN,si,https://www.aliexpress.us/item/3256811993022223.html
peppermint rodent repellent bag,3256812109068595,Pet Tick Remover Tool Durable Family Pet Flea Control Waterproof Portable Rustproof Tick Removal Pen For Cat D,1.09,4.27,74,100 sold,5,New shoppers save $3.18 | Delivery: Oct 04 - 12,CN,si,https://www.aliexpress.us/item/3256812109068595.html
peppermint rodent repellent bag,3256810014720862,Plastic Divisible Plunger Tunnel Hole Tube Live Catch Mole Gopher Mouse Trap,1.09,19.51,94,109 sold,4.1,"$1.03 each, ≥ 2 pieces | New shoppers save $18.42",CN,si,https://www.aliexpress.us/item/3256810014720862.html
peppermint rodent repellent bag,3256805375679782,Cartoon Rabbit Harness and Leash Set Walking Adjustable Pet Harnesses for Small Animals Bunny Guinea Pig Masco,1.09,4.15,73,84 sold,4.7,New shoppers save $3.06 | Lowest price in 90 days,CN,si,https://www.aliexpress.us/item/3256805375679782.html
peppermint rodent repellent bag,3256812104130528,"Leg Gaiters Protection for Hikers and Hunters, Hunting, Protective Leg Covers for Hiking, Climbing & Fishing, ",5.57,39.52,85,83 sold,4.8,New shoppers save $33.95 | Delivery: Oct 04 - 12,CN,si,https://www.aliexpress.us/item/3256812104130528.html
peppermint rodent repellent bag,3256807972479312,2026 NEW Dog Mouth Cover Mesh Large Dog Breathable Mesh Anti-eating Barking Golden Retriever Mouth Cage Bite-p,3.99,11.41,65,"1,000+ sold",4.6,"$3.79 each, ≥ 2 pieces | Delivery: Oct 04 - 12",CN,si,https://www.aliexpress.us/item/3256807972479312.html
peppermint rodent repellent bag,3256812775007370,Upgraded Cockroach Trap Box Safe Non Toxic Reusable Cockroach Catcher Physical Pest Control Catcher For Home K,1.09,7.72,85,21 sold,1,New shoppers save $6.63 | Delivery: Oct 04 - 12,CN,si,https://www.aliexpress.us/item/3256812775007370.html
peppermint rodent repellent bag,3256809437835256,2Bags Camphor Balls Mothproof Insect Proof Camphor Balls Wooden Furniture Anti Mold Cleaning Home Wardrobes De,1.09,5.32,79,136 sold,2.8,New shoppers save $4.23 | Lowest price in 90 days,CN,si,https://www.aliexpress.us/item/3256809437835256.html
peppermint rodent repellent bag,3256812256851225,Dog Whistle Pet Training Whistle Stainless Steel Silver Portable Adjustable Ultrasonic Cat/Dog Behavior Traini,1.09,4.16,73,71 sold,4.7,New shoppers save $3.07 | Delivery: Oct 04 - 12,CN,si,https://www.aliexpress.us/item/3256812256851225.html
peppermint rodent repellent bag,3256809296877450,Safe and Durable Imitation Stone Bowl for Feeding Reptile Pets Ideal for Bearded Dragons and Other Small Repti,,,,187 sold,4.6,,,,https://www.aliexpress.us/item/3256809296877450.html
peppermint rodent repellent bag,3256809140282452,Stainless Steel Pigeon Spikes Squirrel Repeller Deterrent Nail Tools Control Pest Bird Spikes for Roof Fence B,1.09,7.01,84,800+ sold,4.7,"$1.04 each, ≥ 2 pieces | New shoppers save $5.92",CN,si,https://www.aliexpress.us/item/3256809140282452.html
peppermint rodent repellent bag,3256812529340647,Cat Chew Plush Toy Catnip Simulated Plush Caterpillar Interactive Kitten Toy Chew-resistant Dental Cleaning Ca,1.09,4.3,74,15 sold,5,New shoppers save $3.21 | Delivery: Oct 04 - 12,CN,si,https://www.aliexpress.us/item/3256812529340647.html
peppermint rodent repellent bag,3256812865836291,"High-quality Cockroach Trap with 3 Bait Packs, Effective for Catching Roaches in Kitchen, Bathroom and Hidden ",1.09,11.28,90,6 sold,5,New shoppers save $10.19 | Extra 1% off with coins,CN,si,https://www.aliexpress.us/item/3256812865836291.html
peppermint rodent repellent bag,3256810525278185,Stainless Steel Garden Guard Net Baskets Plant Root Protection Mesh Bags Plant Flowers Proof Gophers Moles Wir,1.09,2.73,60,69 sold,4.7,New shoppers save $1.64 | Lowest price in 90 days,CN,si,https://www.aliexpress.us/item/3256810525278185.html
peppermint rodent repellent bag,3256812192881317,"Yellow double-sided insect proof tape, outdoor garden insect traps in orchards, to prevent insects, ants and m",4.32,8.63,50,43 sold,4.3,"$4.1 each, ≥ 2 pieces | Delivery: Oct 04 - 12",CN,si,https://www.aliexpress.us/item/3256812192881317.html
peppermint rodent repellent bag,3256807112074636,Hanging Bird House Hand Woven Grass Bird Hut Eco-friendly Birds Straw Cages Cozy Birds Nest Shelter from Cold ,1.09,13.82,92,407 sold,4.6,"$1.03 each, ≥ 2 pieces | New shoppers save $12.73",CN,si,https://www.aliexpress.us/item/3256807112074636.html
peppermint rodent repellent bag,3256812321781397,2 Sets Of New Simulation Animal Mouse Models Tpr Soft Rubber Mouse Horror Toys Prank Blowing Music Big Mouse,1.09,15.36,92,64 sold,4.5,New shoppers save $14.27 | Lowest price in 90 days,CN,si,https://www.aliexpress.us/item/3256812321781397.html
peppermint rodent repellent bag,3256808281212954,10/100 PCS Mechanical Keyboard Mouse Hot Plug Socket For CORSAIR GATERON GTMX GATERON PCB Solder Microswitch S,1.09,2.44,55,800+ sold,4.8,New shoppers save $1.35 | Lowest price in 90 days,CN,si,https://www.aliexpress.us/item/3256808281212954.html
peppermint rodent repellent bag,3256808879926871,2pcs/1pc USB Rechargeable Ultrasonic Pest Reject Flea Tick Lice Repeller Collars Mountaineering Buckle Portabl,1.09,6.51,83,150 sold,4.5,New shoppers save $5.42 | Lowest price in 90 days,CN,si,https://www.aliexpress.us/item/3256808879926871.html
