consulta,id,titulo,precio,tachado,dto_%,vendidos,estrellas,envio_etiquetas,sale_desde,precio_nuevo_usuario,url,imagen
sheet holder straps,3256811467656461,4pcs Adjustable Bed Sheet Fasteners Straps Elastic Mattress Cover Corner Holder Clip Grippers Suspender Cord H,0.33,5.1,93,"2,000+ sold",4.9,Delivery: Oct 05 - 13,CN,si,https://www.aliexpress.us/item/3256811467656461.html,https://ae-pic-a1.aliexpress-media.com/kf/Sa77a795bab0642598980f001eeb5dd10X.jpg
sheet holder straps,3256806808685228,4 Pcs Triangle Bed Sheet Holders Fitted Sheet Clips Adjustable Sheet Suspenders Mattress Gripper Clips for Bed,1.33,7.06,81,"5,000+ sold",4.9,Delivery: Oct 05 - 13,CN,si,https://www.aliexpress.us/item/3256806808685228.html,https://ae-pic-a1.aliexpress-media.com/kf/S13b351878fec472ba3426195eb8a0e6ep.jpg
sheet holder straps,3256807619297779,4Pcs Adjustable Bed Sheet Fasteners Suspender Elastic Sheet Band Strap Clips Sofa Cushion Mattress Pad Cover G,4.07,8.48,52,"1,000+ sold",4.9,Delivery: Oct 05 - 13 | Extra 2% off with coins,CN,si,https://www.aliexpress.us/item/3256807619297779.html,https://ae-pic-a1.aliexpress-media.com/kf/Sa7b2019db2c44cecb65b0dcd237cffb4P.jpg
sheet holder straps,3256805868738780,Bed Sheet Holder Adjustable Elastic 12 Clips Fixed Holder Mattress Clip Fasteners Cover Blankets Grippers Fixi,,,,700+ sold,4.6,,,,https://www.aliexpress.us/item/3256805868738780.html,https://ae-pic-a1.aliexpress-media.com/kf/S8bac213c46134a379fd92eac84254c2dH.jpg
sheet holder straps,3256806824264358,12 Clips Adjustable Elastic Bed Sheet Holder Mattress Clip Fasteners Cover Blankets Non-Slip Fixing Strap Grip,1.09,9.72,88,700+ sold,4.9,New shoppers save $8.63 | Lowest price in 90 days,CN,si,https://www.aliexpress.us/item/3256806824264358.html,https://ae-pic-a1.aliexpress-media.com/kf/S2cdd85d9255f4ba3b8264b0a9d27df9cU.jpg
sheet holder straps,3256810259957546,8/4Pcs Bed Corner Sheet Grippers Straps Heavy Duty Bedsheet Corner Tightener Clips Durable and Reliable Bed Sh,2.99,6.2,51,"3,000+ sold",4.2,Delivery: Oct 05 - 13,CN,si,https://www.aliexpress.us/item/3256810259957546.html,https://ae-pic-a1.aliexpress-media.com/kf/Se260a4f670644bec9789ca2d358f5fe2p.jpg
sheet holder straps,3256807413556253,16/4Pcs/Set Adjustable Bed Sheet Grippers Belt Fastener Bed Sheet Clips Mattress Cover Blankets Quilt Holder O,1.09,5.24,79,"1,000+ sold",4.5,New shoppers save $4.15 | Lowest price in 90 days,CN,si,https://www.aliexpress.us/item/3256807413556253.html,https://ae-pic-a1.aliexpress-media.com/kf/S36d3697c93d4435d8f2559f2747d0386R.jpg
sheet holder straps,3256808398506821,4pcs High Quality Bedsheet Corner Tightener Holder Clips Grippers Straps Lock Fit All Mattress Size Keeping be,16.28,22.56,27,37 sold,5,New shoppers save $6.28 | Lowest price in 90 days,CN,si,https://www.aliexpress.us/item/3256808398506821.html,https://ae-pic-a1.aliexpress-media.com/kf/S90de63d0462d4d2da080d67ad2c2c262D.jpg
sheet holder straps,3256808624697250,Bed Sheet Suspenders Adjustable Bed Sheet Holder Straps Sheet Fasteners Heavy Duty Bed Sheet Grippers for Matt,,,,444 sold,4.5,,,,https://www.aliexpress.us/item/3256808624697250.html,https://ae-pic-a1.aliexpress-media.com/kf/S9024335793e94e38990a9ab40736fcb8o.jpg
sheet holder straps,3256809426041399,Universal Bedsheet Corner Tightener Clips Invisible Bedspread Secure Holder with Heavy-Duty Mattress Straps Sh,3.79,8.65,56,"3,000+ sold",4.3,Top selling on AliExpress | Delivery: Oct 05 - 13,CN,si,https://www.aliexpress.us/item/3256809426041399.html,https://ae-pic-a1.aliexpress-media.com/kf/Sd65fd7f496fb4153b533f34502321cfbn.jpg
sheet holder straps,3256812985911629,Universal Bed Sheet Fixed Holder High Elastic Adjustable Crisscross Fastener Straps Kits Non-Slip Sofa Cover C,4.08,13.59,70,,,"Early bird deal, only 1 left | Delivery: Oct 05 - 13",CN,si,https://www.aliexpress.us/item/3256812985911629.html,https://ae-pic-a1.aliexpress-media.com/kf/S6bbf872c13ff4c8a89bc954459fb3b8fJ.jpg
sheet holder straps,3256803384753898,Bed Sheet Holder Adjustable Elastic 12 Clips Fixed Holder Mattress Clip Fasteners Cover Blankets Grippers Fixi,1.09,4.61,76,51 sold,4.4,New shoppers save $3.52 | Lowest price in 90 days,CN,si,https://www.aliexpress.us/item/3256803384753898.html,https://ae-pic-a1.aliexpress-media.com/kf/S004b556c5ea54a098a0c89c1838c7876g.jpg
sheet holder straps,3256809834342839,4/12pcs Bed Sheet Fixing Clip Invisible Bed Cover Fastener Quilt Sheet Straps Holder Clip Non-slip Fixing Devi,3.02,8.02,62,600+ sold,4.2,New shoppers save $5 | Lowest price in 90 days,CN,si,https://www.aliexpress.us/item/3256809834342839.html,https://ae-pic-a1.aliexpress-media.com/kf/Sd6131069d1094882824b28e7e2fca4e9h.jpg
sheet holder straps,3256808864925590,"4Pcs Lock Sheet Holders Bed Sheet Straps, Heavy Duty Sheet Holders, Invisible Bed Cover Fastener Quilt Sheets ",3.26,8.26,60,155 sold,4.1,New shoppers save $5 | Lowest price in 90 days,CN,si,https://www.aliexpress.us/item/3256808864925590.html,https://ae-pic-a1.aliexpress-media.com/kf/S2d3c6fc53ec8449fa51294293621c8b10.jpg
sheet holder straps,3256810537776890,"NEW Bed Corner Sheet Grippers Straps Heavy Duty Mattress Straps for All Sheet Sizes, Non-Slip Sheet Holders Se",,,,"1,000+ sold",4.2,,,,https://www.aliexpress.us/item/3256810537776890.html,https://ae-pic-a1.aliexpress-media.com/kf/Sd6a8b326a4ee43879c51eef7b47d908cu.jpg
sheet holder straps,3256806595245893,12 Clips Bed Sheet Holder Adjustable Elastic  Fixed Holder Mattress Clip Fasteners Cover Blankets Grippers Fix,1.09,6.06,82,22 sold,5,New shoppers save $4.97 | Lowest price in 90 days,CN,si,https://www.aliexpress.us/item/3256806595245893.html,https://ae-pic-a1.aliexpress-media.com/kf/S9297875e6f20414992520e665495eb77y.jpg
sheet holder straps,3256812252903419,"Adjustable Bed Sheet & Quilt Holder Clips, Elastic Straps for Mattress Cover Organizer, Home Bedding Accessori",5.02,20.87,75,7 sold,,New shoppers save $15.85 | Delivery: Oct 05 - 13,CN,si,https://www.aliexpress.us/item/3256812252903419.html,https://ae-pic-a1.aliexpress-media.com/kf/S750129ed8a1c4959849a4da4c93dbee0A.jpg
sheet holder straps,3256810353298226,Universal Bedsheet Corner Tightener Clips Invisible Bedspread Secure Holder with Heavy-Duty Mattress Straps Sh,1.09,8.28,86,150 sold,4.8,"$1.05 each, ≥ 2 pieces | New shoppers save $7.19",CN,si,https://www.aliexpress.us/item/3256810353298226.html,https://ae-pic-a1.aliexpress-media.com/kf/S77bc8465d78f480198b738277f1a3b24r.jpg
sheet holder straps,3256807206809250,2Pcs Adjustable Elastic Bed Sheet Clip Mattress Cover Corner Holder Clip Fasteners Straps Grippers Elastic Hoo,1.09,9.06,87,29 sold,4.3,"$1.04 each, ≥ 2 pieces | New shoppers save $7.97",CN,si,https://www.aliexpress.us/item/3256807206809250.html,https://ae-pic-a1.aliexpress-media.com/kf/S456d08d954e54019901bb0c7355c553fb.jpg
sheet holder straps,3256804806264242,6 Clips Bed Sheet Holder Adjustable Elastic Belt Fastener Non-Slip Strap Clip Household Accessories Gadget  Bl,1.09,5.55,80,11 sold,5,New shoppers save $4.46 | Lowest price in 90 days,CN,si,https://www.aliexpress.us/item/3256804806264242.html,https://ae-pic-a1.aliexpress-media.com/kf/Saec127608a0b4b639bcd8cdf4c4c3d55m.jpg
sheet holder straps,3256811463451753,Bed Sheet Clips Adjustable Bed Sheet Holder Straps Applicable To Sofa Cushion Bedding Non Slip Invisible Organ,1.81,13.9,86,8 sold,5,New shoppers save $12.09 | Lowest price in 90 days,CN,si,https://www.aliexpress.us/item/3256811463451753.html,https://ae-pic-a1.aliexpress-media.com/kf/S09f7f345a4b747768328f8d733bdbd82g.jpg
sheet holder straps,3256806708217898,Bed Connector Mattress Strap Belt Sheet Baby Fixing Fasteners Holder Crib Bridge Ropes Straps Twin Connecting ,2.53,22.81,88,49 sold,5,New shoppers save $20.28 | Lowest price in 90 days,CN,si,https://www.aliexpress.us/item/3256806708217898.html,https://ae-pic-a1.aliexpress-media.com/kf/S6c8e9e8374a04508aa55a2dfb7da845cj.jpg
sheet holder straps,3256809019021142,4PCS Invisible Heavy Duty Bedsheet Corner Tightener Clips Mattress Straps for All Sheet Sizes Non-Slip Holders,1.09,7.83,86,"1,000+ sold",4.4,New shoppers save $6.74 | Top selling on AliExpress,CN,si,https://www.aliexpress.us/item/3256809019021142.html,https://ae-pic-a1.aliexpress-media.com/kf/S47aa7c10a6cd4888b88872ad63b8e6a3X.jpg
sheet holder straps,3256808285516313,12 Clips Elastic Bed Sheet Grippers Belt Fastener Non-Slip Strap Mattress Clip Fasteners Cover Blankets Grippe,4.39,,,900+ sold,4.4,,CN,si,https://www.aliexpress.us/item/3256808285516313.html,https://ae-pic-a1.aliexpress-media.com/kf/Sd29f7af824994e99b444370b01ba33f0O.jpg
sheet holder straps,3256807605643524,Bed Sheet Holder Straps Adjustable Elastic Band Fitted Bed Sheet Holder Fasteners Suspenders Clip Suit,4.59,9.56,52,"3,000+ sold",4.9,Lowest price in 90 days | Delivery: Oct 05 - 13,CN,si,https://www.aliexpress.us/item/3256807605643524.html,https://ae-pic-a1.aliexpress-media.com/kf/Sb5ac44683b1e498e8c94d1d9007ac661V.jpg
sheet holder straps,3256812505696619,4pcs Adjustable Bed Sheet Tensioners Bed Sheet Tensioners Elastic Bed Sheet Fasteners Straps White Sheet Tensi,1.09,6.33,82,98 sold,5,New shoppers save $5.24,CN,si,https://www.aliexpress.us/item/3256812505696619.html,https://ae-pic-a1.aliexpress-media.com/kf/Scf1084236e6143d7bd353ac0c5c378eeH.jpg
sheet holder straps,3256808371647843,12 Clips Adjustable Elastic Bed Sheet Holder Mattress Clip Fasteners Cover Blankets Non-Slip Fixing Strap Grip,2.33,9.84,76,"1,000+ sold",4.9,Delivery: Oct 05 - 13,CN,si,https://www.aliexpress.us/item/3256808371647843.html,https://ae-pic-a1.aliexpress-media.com/kf/Sd7ab7c4f192d4629a909826d95768700r.jpg
sheet holder straps,3256810021788431,Universal Bedsheet Corner Tightener Clips Invisible Bedspread Secure Holder with Heavy-Duty Mattress Straps Sh,1.09,8.51,87,440 sold,3.6,New shoppers save $7.42 | Lowest price in 90 days,CN,si,https://www.aliexpress.us/item/3256810021788431.html,https://ae-pic-a1.aliexpress-media.com/kf/S84593a19f6f444c3b94240b69fb9e2398.jpg
sheet holder straps,3256809322304811,4PCS Invisible Heavy Duty Bedsheet Corner Tightener Clips Mattress Straps for All Sheet Sizes Non-Slip Holders,1.09,7.85,86,269 sold,4.5,New shoppers save $6.76 | Lowest price in 90 days,CN,si,https://www.aliexpress.us/item/3256809322304811.html,https://ae-pic-a1.aliexpress-media.com/kf/Scae2ba95184746fa801d76442d5cefc5g.jpg
sheet holder straps,3256812491020816,Universal Bed Sheet Fixed Holder High Elastic Adjustable Crisscross Fastener Straps Kits Non-Slip Sofa Cover C,1.09,9.44,88,4 sold,5,New shoppers save $8.35 | Delivery: Oct 05 - 13,CN,si,https://www.aliexpress.us/item/3256812491020816.html,https://ae-pic-a1.aliexpress-media.com/kf/S440dfe8aaf8b4a5fa711aaf6ea3a6c99g.jpg
sheet holder straps,3256806811433255,Fastener Fixing Sheet Straps Adjustable Cross Elastic Straps Flat Fit Sheet Clips For Mattress Sofa Cushions T,3.23,6.74,52,238 sold,4.9,Delivery: Oct 05 - 13 | Extra 2% off with coins,CN,si,https://www.aliexpress.us/item/3256806811433255.html,https://ae-pic-a1.aliexpress-media.com/kf/Sdece8790f4d74a6fa4a7c0f0b51b76b7K.jpeg
sheet holder straps,3256811960910527,Universal Bedsheet Corner Tightener Clips Invisible Bedspread Secure Holder with Heavy-Duty Mattress Straps Sh,3.99,8.92,55,338 sold,4.3,Delivery: Oct 05 - 13,CN,si,https://www.aliexpress.us/item/3256811960910527.html,https://ae-pic-a1.aliexpress-media.com/kf/S203f65d18d704ea8970913876170def8A.jpg
sheet holder straps,3256807081663467,Bed Sheet Holder Adjustable Elastic 12 Clips Fixed Holder Mattress Clip Fasteners Cover Blankets Grippers Fixi,2.33,13.89,83,500+ sold,4.6,Delivery: Oct 05 - 13,CN,si,https://www.aliexpress.us/item/3256807081663467.html,https://ae-pic-a1.aliexpress-media.com/kf/S4189572992dd4d0180ebbaacee94481fy.jpg
sheet holder straps,3256808960286980,"4Pcs Lock Sheet Holders Bed Sheet Straps, Heavy Duty Sheet Holders, Invisible Bed Cover Fastener Quilt Sheets ",1.09,11.82,90,21 sold,4.5,New shoppers save $10.73 | Delivery: Oct 05 - 13,CN,si,https://www.aliexpress.us/item/3256808960286980.html,https://ae-pic-a1.aliexpress-media.com/kf/S783208f50955408094cb025b78734dd61.jpg
sheet holder straps,3256812488155201,Adjustable Elastic Bed Sheet Clips Anti-slip Fitted Fasteners for Sofa Cover Mattress Holder Straps for Home H,5.4,20.8,74,2 sold,5,New shoppers save $15.4 | Delivery: Oct 05 - 13,CN,si,https://www.aliexpress.us/item/3256812488155201.html,https://ae-pic-a1.aliexpress-media.com/kf/Sd869cd330138497fbc22f585e72394bcD.png
sheet holder straps,3256808876330553,"4Pcs Bed Corner Sheet Grippers Straps Heavy Duty Mattress Straps for All Sheet Sizes, Non-Slip Sheet Holders S",1.61,,,191 sold,3.9,Extra 5% off with coins,CN,si,https://www.aliexpress.us/item/3256808876330553.html,https://ae-pic-a1.aliexpress-media.com/kf/S73c4c8875a88439c82c36ba316e67102v.jpg
sheet holder straps,3256809093592365,8/1PCS Invisible Sheet Holders Set Heavy Duty Bedsheet Cover Fixed Clips Non-Slip Quilt Sheets Corners Fastene,1.09,3.54,69,22 sold,3,New shoppers save $2.45,CN,si,https://www.aliexpress.us/item/3256809093592365.html,https://ae-pic-a1.aliexpress-media.com/kf/S5566b24af4da4025967a8b604b45e15fN.jpg
sheet holder straps,3256805032017546,3 Clips Bed Corner Holder Bed Sheet Fasteners Mattress Cover Clips Heavy Duty Bedding Sheets Elastic Straps Ad,1.09,11.33,90,190 sold,4.7,"$1.04 each, ≥ 3 pieces | New shoppers save $10.24",CN,si,https://www.aliexpress.us/item/3256805032017546.html,https://ae-pic-a1.aliexpress-media.com/kf/Se06faac9262a454a96a598f9ce246262K.jpg
sheet holder straps,3256809710706067,Adjustable Bed Sheet Grippers Belt Fastener Bed Sheet Clips Mattress Cover Blankets Quilt Holder Organize Gadg,0.33,4.87,93,201 sold,4.8,Delivery: Oct 05 - 13,CN,si,https://www.aliexpress.us/item/3256809710706067.html,https://ae-pic-a1.aliexpress-media.com/kf/S815bb43af4824f43a75bd385d2917ff3V.jpg
sheet holder straps,3256812871461664,Universal Bedsheet Corner Tightener Clips Invisible Bedspread Secure Holder with Heavy-Duty Mattress Straps Sh,1.93,6.93,72,5 sold,,New shoppers save $5,CN,si,https://www.aliexpress.us/item/3256812871461664.html,https://ae-pic-a1.aliexpress-media.com/kf/S383577ef28db4a97a809df7ed1b3f318C.jpg
sheet holder straps,3256811731743648,"4 Pcs Bed Sheet Clip Set, Nylon Bed Sheet Grippers with Elastic Strap, Mattress Holder Clothes Pegs, Keep Neat",1.09,6.6,83,28 sold,3.8,New shoppers save $5.51 | Delivery: Oct 05 - 13,CN,si,https://www.aliexpress.us/item/3256811731743648.html,https://ae-pic-a1.aliexpress-media.com/kf/S2e8c0e1559eb467db10bf3b32bedaf85o.jpg
sheet holder straps,3256803963885507,Plush Rabbit Claw 4Pcs Sheet Cover Quilt Holder Straps Suspenders Mattress Cover Bed Sheet Anti-slip Duvet Fas,1.09,3.78,71,31 sold,4.8,New shoppers save $2.69 | Extra 5% off with coins,CN,si,https://www.aliexpress.us/item/3256803963885507.html,https://ae-pic-a1.aliexpress-media.com/kf/Sfe5a81aac1134092a03c2374feeda0d6A.jpg
sheet holder straps,3256806236430076,4Pcs Elastic Bedsheets Bands Bed Sheet Clothes Storage Organizer Sheet Closet Organization Labels Letter Sheet,,,,500+ sold,5,,,,https://www.aliexpress.us/item/3256806236430076.html,https://ae-pic-a1.aliexpress-media.com/kf/S3cbddad5563146998350031a6d73b905S.jpg
sheet holder straps,3256810250409569,10PCS Bedroom Bed Sheet Clips Quilt Holder Non-slip Quilt Blanket Clip Curtain Blankets Quilt Cover Clip Faste,1.09,5.22,79,276 sold,4.5,New shoppers save $4.13 | Lowest price in 90 days,CN,si,https://www.aliexpress.us/item/3256810250409569.html,https://ae-pic-a1.aliexpress-media.com/kf/S3b1f1ba942ae49cf9fa5732d5849b7f3b.jpg
sheet holder straps,3256809318014103,4pcs/lot White Bed Sheet Mattress Cover Blankets Grippers Clip Holder Bed Fasteners Elastic Straps Fixing Slip,1.09,3.86,71,2 sold,,"$1.04 each, ≥ 3 pieces | New shoppers save $2.77",CN,si,https://www.aliexpress.us/item/3256809318014103.html,https://ae-pic-a1.aliexpress-media.com/kf/S8eff16a0e9824b9490fb61d0f335271cB.jpeg
sheet holder straps,3256812543403631,4pcs Elastic Bed Sheet Grippers Double Head Clips Gripper Holder Suspender Bed Sheet Fasteners Home Textiles O,1.09,7.3,85,11 sold,5,New shoppers save $6.21 | Delivery: Oct 05 - 13,CN,si,https://www.aliexpress.us/item/3256812543403631.html,https://ae-pic-a1.aliexpress-media.com/kf/S7f3cf897e0e4472b8cc6d6b4887c8e75P.jpg
sheet holder straps,3256810160910788,4pcs Adjustable Bed Sheet Fasteners Straps Elastic Mattress Cover Corner Holder Clip Grippers Suspender Cord H,1.09,7.23,84,484 sold,4.7,"$1.04 each, ≥ 2 pieces | New shoppers save $6.14",CN,si,https://www.aliexpress.us/item/3256810160910788.html,https://ae-pic-a1.aliexpress-media.com/kf/Sb1ec3069d0a348c88a7f400e00fa60e5F.jpg
sheet holder straps,3256812652417489,"4PCS Adjustable Triangular Sheet Gripper, Anti-slip Bed Sheet Fastener, Durable Sheet Clip Holder for Fixing B",8.23,,,,,,CN,si,https://www.aliexpress.us/item/3256812652417489.html,https://ae-pic-a1.aliexpress-media.com/kf/S2be4398522f54d2f913a48866196c96cr.jpg
sheet holder straps,3256806294051114,Bed Sheet Clip Elastic Straps Adjustable Clip Bed Sheet Fasteners Holder Bed Sheet Holder Straps 12 Clips Matt,1.73,13.47,87,5 sold,,"$1.64 each, ≥ 2 pieces | New shoppers save $11.74",CN,si,https://www.aliexpress.us/item/3256806294051114.html,https://ae-pic-a1.aliexpress-media.com/kf/Sadb94b60173840b981865cc6e9c8e9b3Z.jpg
sheet holder straps,3256805863086277,4PCS Adjustable Bed Sheet Clip Grippers Suspender Cord Hook Loop Clasps Elastic Mattress Cover Sofa-Cover Shee,1.09,1.35,19,26 sold,3.4,New shoppers save $0.26 | Lowest price in 90 days,CN,si,https://www.aliexpress.us/item/3256805863086277.html,https://ae-pic-a1.aliexpress-media.com/kf/Sce2310051ee74ac49e8a64754ddb845f9.jpg
sheet holder straps,3256812761073707,Bedsheet Corner Tightener Clips ABS Nylon Straps Heavy Duty Invisible Bedspread Secure Holder Slot Locks Home ,1.09,16.29,93,41 sold,5,New shoppers save $15.2 | Delivery: Oct 05 - 13,CN,si,https://www.aliexpress.us/item/3256812761073707.html,https://ae-pic-a1.aliexpress-media.com/kf/Sdd039aad8c174fe4ae6e2d86c306306a6.jpg
sheet holder straps,3256803465678616,6pcs Duvet Pin Duvet Clips Non-Slip Comforter Clips Blanket Buckles Quilt Holder Fixator Bed Sheet Fastener fo,1.09,6.88,84,197 sold,4.7,New shoppers save $5.79,CN,si,https://www.aliexpress.us/item/3256803465678616.html,https://ae-pic-a1.aliexpress-media.com/kf/S1e2d0f9f91cf44fa974b4f034abb80bdq.jpg
sheet holder straps,3256809038330967,4pcs Triangle Sheet Holder Adjustable Elastic Sofa Sheet Holder Clip Tablecloth Holder Strap Non-Slip Buckle B,2.61,7.61,65,2 sold,,New shoppers save $5,CN,si,https://www.aliexpress.us/item/3256809038330967.html,https://ae-pic-a1.aliexpress-media.com/kf/S4f638ffabd294529af72e97e0b1c51fa4.jpg
sheet holder straps,3256808300706072,4Pcs Bed Sheet Straps Adjustable Elastic Length Bed Sheet Holders Mattress Clip Fasteners Cover Blankets Gripp,5.72,30.05,80,213 sold,4.9,"$5.43 each, ≥ 2 pieces | New shoppers save $24.33",CN,si,https://www.aliexpress.us/item/3256808300706072.html,https://ae-pic-a1.aliexpress-media.com/kf/S9f6231b29be44db58599719ba4b9a8e4O.jpg
sheet holder straps,3256807507754421,4/8 Clips Adjustable Elastic Bed Sheet Holder Mattress Clip Fasteners Cover Blankets Non-Slip Fixing Strap Gri,1.09,9.28,88,15 sold,5,"$1.04 each, ≥ 2 pieces | New shoppers save $8.19",CN,si,https://www.aliexpress.us/item/3256807507754421.html,https://ae-pic-a1.aliexpress-media.com/kf/Sec847f86b9e54bbbb837f2df5dcba0d49.jpg
sheet holder straps,3256808586649013,Quilt Fixing Clips Duvet Clips Bedding Holder Fasteners Heart Round Fixing Clips for Thin Thick Quilts Blanket,1.09,3.75,70,404 sold,4.9,New shoppers save $2.66 | Lowest price in 90 days,CN,si,https://www.aliexpress.us/item/3256808586649013.html,https://ae-pic-a1.aliexpress-media.com/kf/Sc9e3c20dc18a482c985ae0e0f623c03cQ.jpg
sheet holder straps,3256808002979667,Bed Sheet Fasteners Clip Adjustable Elastic Suspenders Gripper Holder Straps Clip For Bed Sheets Mattress Cove,1.09,12.95,91,161 sold,4.5,New shoppers save $11.86 | Lowest price in 90 days,CN,si,https://www.aliexpress.us/item/3256808002979667.html,https://ae-pic-a1.aliexpress-media.com/kf/S180bfe23305946d59736a09c2d3cf0fcn.jpg
sheet holder straps,3256811622766194,Bed Sheet Clips Adjustable Bed Sheet Holder Straps Set of 2/4/8pcs Elastic Fitted Bedding Clips Fasteners for ,1.36,12.98,89,9 sold,5,"$1.29 each, ≥ 2 pieces | New shoppers save $11.62",CN,si,https://www.aliexpress.us/item/3256811622766194.html,https://ae-pic-a1.aliexpress-media.com/kf/S3cb2682d890e44329ff47fdc007e64bcy.jpg
sheet holder straps,3256802902210144,4pcs Elastic Bed Sheet Grippers Double Head Clips Gripper Holder Suspender Bed Sheet Fasteners Home Textiles O,1.09,3.05,64,500+ sold,4.5,New shoppers save $1.96 | Lowest price in 90 days,CN,si,https://www.aliexpress.us/item/3256802902210144.html,https://ae-pic-a1.aliexpress-media.com/kf/H97a4b6b573cb4d0cbd847e49f1550881n.jpg
sheet holder straps,3256812612833389,"4PCS/set New anti displacement clip for bed sheet holder, safe and non slip, invisible household traceless fix",21.29,,,,,,CN,si,https://www.aliexpress.us/item/3256812612833389.html,https://ae-pic-a1.aliexpress-media.com/kf/Se81f3e8e0a24405381d3ac3c7ca59a2a2.jpg
wall hat rack,3256812961701295,10 Pack Adhesive Hat Hooks Hangers for Wall Hat Rack for Baseball Caps Minimalist Headphone Display Strong Hol,4,11.43,65,1 sold,,"Early bird deal, only 4 left | Delivery: Oct 05 - 13",CN,si,https://www.aliexpress.us/item/3256812961701295.html,https://ae-pic-a1.aliexpress-media.com/kf/Sc571a6b2246d420187d692821741a333m.jpg
wall hat rack,3256810146016926,2026 New Baseball Cap Rack Wall Mounted Hat Organizer Storage Hanger for Door Closet Multifunctional Cap Holde,0.33,6.95,95,"4,000+ sold",4.9,Delivery: Oct 05 - 13,CN,si,https://www.aliexpress.us/item/3256810146016926.html,https://ae-pic-a1.aliexpress-media.com/kf/Sd13e8c4113be4466bb247007fcf61aa13.jpg
wall hat rack,3256812955569017,Caps Organizer Support For Hats Wall Hats Holder Hanging Cap Hanger Household Storage Rack Macrame Hat Hanger ,5.18,,,,,,CN,si,https://www.aliexpress.us/item/3256812955569017.html,https://ae-pic-a1.aliexpress-media.com/kf/S7be372d983874421b5d875d329728349g.jpg
wall hat rack,3256811636566898,"Hat Racks for Baseball Caps, Versatile Adhesive or Wall-Drilled Mounting Hat Rack for Wall, MultiLayer Hat Sto",14.58,39.16,62,487 sold,4.9,New shoppers save $24.58 | Free shipping,US,si,https://www.aliexpress.us/item/3256811636566898.html,https://ae-pic-a1.aliexpress-media.com/kf/S9b026bce332a456c97b9dd0802931227R.jpg
wall hat rack,3256812379045217,Wall Mounted Baseball Cap Storage Organizer Waterproof Display Stand Rustproof Hat Organizer Towel Rack Closet,1.09,12.19,91,2 sold,,New shoppers save $11.1 | Delivery: Oct 05 - 13,CN,si,https://www.aliexpress.us/item/3256812379045217.html,https://ae-pic-a1.aliexpress-media.com/kf/Sf4fb5739543d4df0a85870827077c794C.jpg
wall hat rack,3256812379216568,"1pc New Hat Rack -Style Cap Organizer With Hanging Hooks, Fits 8 Tall Caps For Dorm Closet Wall Mounted Baseba",1.09,9,87,1 sold,,New shoppers save $7.91 | Delivery: Oct 05 - 13,CN,si,https://www.aliexpress.us/item/3256812379216568.html,https://ae-pic-a1.aliexpress-media.com/kf/S667f216407834ec5a1bc839769d455adJ.jpg
wall hat rack,3256811827500162,1/2Pc Stainless Steel Hat Rack with 8 Clips - Can Hold 16 Baseball Caps Storage Rack for Home and Wardrobe Org,0.33,6.79,95,"1,000+ sold",4.9,Delivery: Oct 05 - 13,CN,si,https://www.aliexpress.us/item/3256811827500162.html,https://ae-pic-a1.aliexpress-media.com/kf/Sd44cbf6de9e1481089d12a7a916cabc8Q.jpg
wall hat rack,3256809728547733,"10 Grids Baseball Cap Storage Rack Wall Mounted, No Drilling Required",2.33,11.49,79,700+ sold,4.3,Top selling on AliExpress | Delivery: Oct 05 - 13,CN,si,https://www.aliexpress.us/item/3256809728547733.html,https://ae-pic-a1.aliexpress-media.com/kf/S327295ce1d3946d39c605fd1ac60736aY.jpg
wall hat rack,3256812948557788,New Wooden Cowboy Hat Rack Adjustable Design Wall Mounted Hat Storage Holder Keep Original Shape Space Saving ,5.22,,,,,,CN,si,https://www.aliexpress.us/item/3256812948557788.html,https://ae-pic-a1.aliexpress-media.com/kf/S6d4ed50b16f04e05bf849218832b92423.jpg
wall hat rack,3256812031523222,New1/3/5Pcs Baseball Cap Hook Traceless Hat Hanger Wall Mount Cap Headset Necklace Organizer Display Rack Hat ,3.1,6.2,50,4 sold,5,"$2.95 each, ≥ 2 pieces | Delivery: Oct 05 - 13",CN,si,https://www.aliexpress.us/item/3256812031523222.html,https://ae-pic-a1.aliexpress-media.com/kf/Sf60584b17172415280aa1b441e2ecfa0u.jpg
wall hat rack,3256810108070185,1/4Pcs Space Saving Adhesive Hat Hooks for Wall Plastic Wall Mounted Hat Rack for Baseball Caps No Drilling,0.67,0.96,30,20 sold,5,,CN,si,https://www.aliexpress.us/item/3256810108070185.html,https://ae-pic-a1.aliexpress-media.com/kf/S7add5e05ec8c475aa52773b4d1702a34i.jpg
wall hat rack,3256811400384997,Hat Organizer for Baseball Caps Sturdy Hook Rope Hat Rack for Door Wardrobe Multilayer Storage Display Holder ,1.09,7.56,85,18 sold,5,New shoppers save $6.47,CN,si,https://www.aliexpress.us/item/3256811400384997.html,https://ae-pic-a1.aliexpress-media.com/kf/S0e46fba2f1e8443daa7161c0b430f686e.jpg
wall hat rack,3256812692371037,Cowboy Hat Holder Metal Wall Mounted Baseball Hats Rack Metal Hat scarf Holder Wall Mount Hats Rack Jacket Dis,7.11,14.23,50,,,Delivery: Oct 05 - 13 | Extra 1% off with coins,CN,si,https://www.aliexpress.us/item/3256812692371037.html,https://ae-pic-a1.aliexpress-media.com/kf/S0a1fc2ef9b35419ebdb8f4153c04e3een.jpg
wall hat rack,3256811726837645,Bohemian Cotton Rope Woven Hat Storage Rack Multi-layer Wall-mounted Storage Clip Hanging Hat Decoration,7.53,27.24,72,3 sold,,"$7.15 each, ≥ 2 pieces | New shoppers save $19.71",CN,si,https://www.aliexpress.us/item/3256811726837645.html,https://ae-pic-a1.aliexpress-media.com/kf/S003afffa10db4ebcb025b0896d442025s.jpg
wall hat rack,3256812654575444,(.) Baseball Hat Holder Hats Organizer For Wall Hat Rack Space Saving Holds L -Shaped Hat Hooks Wall Mount Cap,1.09,6.59,83,1 sold,,New shoppers save $5.5 | Delivery: Oct 05 - 13,CN,si,https://www.aliexpress.us/item/3256812654575444.html,https://ae-pic-a1.aliexpress-media.com/kf/Sf321f66613b3438b9ae143e40ef517f4N.jpg
wall hat rack,3256811400518874,8-Shelf Wardrobe Hat Rack Hanging Rope Hat Storage Clips Hat Organizer Display for Baseball Caps for Closet Do,1.09,7.36,85,141 sold,4.9,New shoppers save $6.27 | Lowest price in 90 days,CN,si,https://www.aliexpress.us/item/3256811400518874.html,https://ae-pic-a1.aliexpress-media.com/kf/S45c49dd14dfd4f228cb2428801c418c1z.jpg
wall hat rack,3256811965613146,Cap Storage Rack Wall Mounted Hat Display Holder Felt Hats Organizer Baseball Caps Hats Hanger,8.06,,,,,Extra 2% off with coins,CN,si,https://www.aliexpress.us/item/3256811965613146.html,https://ae-pic-a1.aliexpress-media.com/kf/S70d7325b813b47caab5e2beeb3fccc57I.jpg
wall hat rack,3256807030532250,2/4PCS No Punching Strong Paste Hook Shelf Hat Rack Adhesive Hook,,,,"50,000+ sold",4.6,,,,https://www.aliexpress.us/item/3256807030532250.html,https://ae-pic-a1.aliexpress-media.com/kf/Sb8c42402ed5c499b90908ed96c1d5b5em.jpg
wall hat rack,3256808860800140,1 Pcs Wall-mounted Helmet Holder Hook Metal Hat Holder Storage And Display Rack For Equestrian Motorcycle And ,4.42,20.03,77,2 sold,,"$4.2 each, ≥ 2 pieces | New shoppers save $15.61",CN,si,https://www.aliexpress.us/item/3256808860800140.html,https://ae-pic-a1.aliexpress-media.com/kf/S1cfc9232e7d846d8b33f39188071449aI.jpg
wall hat rack,3256811350855201,New Wall Mounted Weight Scale Storage Rack Universal Bracket Traceless Paste Space Saving Design Suitable For ,1.09,5.98,81,"2,000+ sold",4.8,"$1.04 each, ≥ 2 pieces | New shoppers save $4.89",CN,si,https://www.aliexpress.us/item/3256811350855201.html,https://ae-pic-a1.aliexpress-media.com/kf/Sc1c0d0246bad4ff6935407e61f73945am.jpg
wall hat rack,3256812968217286,"Hat Rack For Baseball Caps Cap Holder Organizer, Closet For Caps Wall Hats Holder Space Saving Storage Display",10.04,,,,,,CN,si,https://www.aliexpress.us/item/3256812968217286.html,https://ae-pic-a1.aliexpress-media.com/kf/Sb6fc4ff0ff7840838758be29927d38b24.jpg
wall hat rack,3256812748823852,"Boho Macrame Hat Rack with Metal Ring, Hand Woven Wall Hat Display Hanger, Decorative Hat Storage for Bedroom ",3.4,16.8,79,1 sold,,New shoppers save $13.4 | Delivery: Oct 05 - 13,CN,si,https://www.aliexpress.us/item/3256812748823852.html,https://ae-pic-a1.aliexpress-media.com/kf/Sc793e3269f52487db3ec3d3cd4721b6fm.jpg
wall hat rack,3256812751829373,New Wooden Cowboy Hat Rack Adjustable Design Keep Original Shape Hat Storage Holder Space Saving Wall Mounted ,1.09,10.04,89,1 sold,,New shoppers save $8.95 | Delivery: Oct 05 - 13,CN,si,https://www.aliexpress.us/item/3256812751829373.html,https://ae-pic-a1.aliexpress-media.com/kf/S73647964a5f648d598ebd9bb0eba6c46K.jpg
wall hat rack,3256809283259300,"2Pcs/Set Hat Washing Set, Baseball Duckbill Cap, Washing and Sun Drying Integrated, Non Deformed Machine Wash ",1.09,14.05,92,"2,000+ sold",4.7,"$1.03 each, ≥ 2 pieces | New shoppers save $12.96",CN,si,https://www.aliexpress.us/item/3256809283259300.html,https://ae-pic-a1.aliexpress-media.com/kf/S1caa1dfc26ce4b94829941a2ae0a160aX.jpg
wall hat rack,3256808784878146,3Pcs Hat Hooks for Wall Cowboy Hat Rack Strong Adhesive Cap Holder Baseball Caps Display Organizer for Closet ,1.09,7.09,84,133 sold,4.8,"$1.03 each, ≥ 2 pieces | New shoppers save $6",CN,si,https://www.aliexpress.us/item/3256808784878146.html,https://ae-pic-a1.aliexpress-media.com/kf/Sf0a9e0feeb2d4d0593ae30ea943b7dd8a.jpg
wall hat rack,3256811481214017,"Hat Racks for Baseball Caps, Versatile Adhesive or Wall-Drilled Mounting Hat Rack for Wall, MultiLayer Hat Sto",7.3,37.99,80,157 sold,4.9,New shoppers save $30.69 | Free shipping,US,si,https://www.aliexpress.us/item/3256811481214017.html,https://ae-pic-a1.aliexpress-media.com/kf/A87e49f893d204fd2a48eddf9336ee192z.jpg
wall hat rack,3256812246607463,Baseball Cap Hat Rack Organizer Stainless Steel Hat Hanger Hanging Cap Holder Non-Slip Wall Mount Hook Organiz,1.09,8.88,87,4 sold,,New shoppers save $7.79 | Delivery: Oct 05 - 13,CN,si,https://www.aliexpress.us/item/3256812246607463.html,https://ae-pic-a1.aliexpress-media.com/kf/S6b7dae14ec944ccd97b7bdb214867dfdr.jpg
wall hat rack,3256811846303717,1Pcs Closet Hat Rack Baseball Cap Organizer Plastic Space Saving for Door Storage Holder Caps Hats Home Closet,4.57,42.29,89,"3,000+ sold",4.9,New shoppers save $37.72 | Free shipping,US,si,https://www.aliexpress.us/item/3256811846303717.html,https://ae-pic-a1.aliexpress-media.com/kf/Sfc8919050e204ba0835b5ee6f6be61e3d.jpg
wall hat rack,3256812789786325,New Wooden Cowboy Hat Rack Wall Mounted Keep Original Shape Hat Storage Holder Space Saving Adjustable Design ,6.01,,,,,,CN,si,https://www.aliexpress.us/item/3256812789786325.html,https://ae-pic-a1.aliexpress-media.com/kf/Sa1b279696dc4428bac32c2f30e39c11dh.jpg
wall hat rack,3256812389511371,Length 160cm Cotton Woven Hat Rack Cotton Rope White Wall Hanging Hat Organizer Hat Storage Holder,3.41,8.41,59,1 sold,,New shoppers save $5,CN,si,https://www.aliexpress.us/item/3256812389511371.html,https://ae-pic-a1.aliexpress-media.com/kf/Se602e254a6a84f4c82515011450670c1h.jpg
wall hat rack,3256811718656358,1Pc Nordic Style Hand Woven Hat Storage Rack Creative Multi-layer Living Room Bedroom Wall Hanging Hat Tassel ,1.09,10.27,89,20 sold,5,"$1.03 each, ≥ 2 pieces | New shoppers save $9.18",CN,si,https://www.aliexpress.us/item/3256811718656358.html,https://ae-pic-a1.aliexpress-media.com/kf/S785aebed43fa490cae9a292f99c73870v.jpg
wall hat rack,3256812543143850,1/2/3/5pc No Punch Self Adhesive Retractabl Towel Rack Wall Mount Towel Holder Auto Rebound Design with Strong,2,23.41,91,387 sold,4.7,New shoppers save $21.41 | Top selling on AliExpress,CN,si,https://www.aliexpress.us/item/3256812543143850.html,https://ae-pic-a1.aliexpress-media.com/kf/Scc6529e12adf4f2dafab8a0d4d2b7690b.jpg
wall hat rack,3256805629302135,Bicycle Motorcycle Helmet Display Stand Wall Mount Holder Sports Cycling Hat Storage Rack For Cap Jacket Motor,1.09,4.47,75,58 sold,4.5,New shoppers save $3.38 | Lowest price in 90 days,CN,si,https://www.aliexpress.us/item/3256805629302135.html,https://ae-pic-a1.aliexpress-media.com/kf/Sb910ec72c3b74c979d145e3b2dcd75b1F.jpg
wall hat rack,3256812577702160,"2+1PCS Hat Organizer Holder, 2 Pack Adhesive Baseball Cap Rack + 1 Mesh Cap Washing Bag, Wall Mounted No Drill",15.97,63.9,75,1 sold,,"Early bird deal, only 4 left | Free shipping",US,si,https://www.aliexpress.us/item/3256812577702160.html,https://ae-pic-a1.aliexpress-media.com/kf/A24c8861e145a4c88a29fcf17f2224ac99.jpg
wall hat rack,3256812375300428,24 Deep Pockets Hat Organizer Racks for Baseball Caps Door Hanging Holder Hanger Storage Rack Hat Storage Hold,4.74,19.49,75,1 sold,,New shoppers save $14.75 | Delivery: Oct 05 - 13,CN,si,https://www.aliexpress.us/item/3256812375300428.html,https://ae-pic-a1.aliexpress-media.com/kf/S9a6ff5042d7d4588a2121029b5891188s.jpg
wall hat rack,3256810277033660,"Garage Paper Towel Holder, Wall Mount Shelf, One-Hand Tear, Garage Organization and Storage Rack Holds 50 lbs",20.72,34.53,40,46 sold,5,Extra 3% off with coins,CN,si,https://www.aliexpress.us/item/3256810277033660.html,https://ae-pic-a1.aliexpress-media.com/kf/S5366914a7e1546d591b6301699a0b247N.jpg
wall hat rack,3256809288478434,6 Hooks Hat Holder L Shaped Baseball Cap Storage Rack Wall Mount Hat Belt Organizer Hooks Multi-function Stora,1.09,7.55,85,99 sold,4.6,"$1.04 each, ≥ 2 pieces | New shoppers save $6.46",CN,si,https://www.aliexpress.us/item/3256809288478434.html,https://ae-pic-a1.aliexpress-media.com/kf/Sfcfe659a3fd447c79befd920f1c144c07.jpg
wall hat rack,3256812687498257,Small House Hat Storage Clip Wall-Mounted Household Bedroom Storage Artifact Hat Hook Fixing Rack,5.54,11.78,53,1 sold,,Delivery: Oct 05 - 13 | Extra 1% off with coins,CN,si,https://www.aliexpress.us/item/3256812687498257.html,https://ae-pic-a1.aliexpress-media.com/kf/Sfcf1a1d12a514287b442cfa3dbd68055Z.png
wall hat rack,3256812548177834,New Wooden Cowboy Hat Rack Wall Mounted Adjustable Design Hat Holder Keep Original Shape Space Saving Hat Hang,4.16,6.94,40,4 sold,,,CN,si,https://www.aliexpress.us/item/3256812548177834.html,https://ae-pic-a1.aliexpress-media.com/kf/S5d03826632b14d19850b6fb84f8e0eaam.jpg
wall hat rack,3256807011921527,2/4/8/10 Pieces Baseball Casual Hat Storage Box Without Drilling Portable Cap Holder Support Caps Accessories ,1.09,2.66,58,"2,000+ sold",4.8,New shoppers save $1.57 | Top selling on AliExpress,CN,si,https://www.aliexpress.us/item/3256807011921527.html,https://ae-pic-a1.aliexpress-media.com/kf/S815addb6eb9a498bad680720f3407d618.jpg
wall hat rack,3256810044781597,Multifunctional Hat Organizer for Baseball Caps Hat Rack for Wall with Strong Adhesive Hold up to 20 Hats Two ,8.33,24.71,66,71 sold,4.9,Delivery: Oct 05 - 13,CN,si,https://www.aliexpress.us/item/3256810044781597.html,https://ae-pic-a1.aliexpress-media.com/kf/Sb6e159dc0b7f438e82a0290b119a8a30a.jpg
wall hat rack,3256811650510720,【1PC Metal Hat Cap Storage Display Holder Rack Helmet Stand Organizer Hanger Wall Mounted】,1.09,8.62,87,10 sold,,"$1.04 each, ≥ 2 pieces | New shoppers save $7.53",CN,si,https://www.aliexpress.us/item/3256811650510720.html,https://ae-pic-a1.aliexpress-media.com/kf/S71ff2f80e40e40e5a2faa273903bb958J.jpg
wall hat rack,3256812571241281,Hat Storage Rack Wall Mounted No Drilling Baseball Cap Display Holder Household Cap Organizer Hat Hanger For C,1.09,9.6,88,6 sold,,New shoppers save $8.51 | Delivery: Oct 05 - 13,CN,si,https://www.aliexpress.us/item/3256812571241281.html,https://ae-pic-a1.aliexpress-media.com/kf/S8a1619d9e5834b00b37bc4b5a3567d33L.jpg
wall hat rack,3256808910558895,5pcs Simple Hat Storage Hooks Metal Material for Scarf Organization Belt Organization Bra Organizer Bag Storag,1.09,6.94,84,16 sold,5,New shoppers save $5.85,CN,si,https://www.aliexpress.us/item/3256808910558895.html,https://ae-pic-a1.aliexpress-media.com/kf/S318eed3170c34a86b08addfc3cd236b1B.jpg
wall hat rack,3256812043570957,Hat Rack for Baseball Caps Adhesive Hat Hooks for Wall Cap Hanger Storage Cap Organizer No Drilling Hat Holder,1.09,8.88,87,7 sold,5,"$1.04 each, ≥ 2 pieces | New shoppers save $7.79",CN,si,https://www.aliexpress.us/item/3256812043570957.html,https://ae-pic-a1.aliexpress-media.com/kf/S29eeacdfa7994034a82fb348ecd5e80dZ.jpg
wall hat rack,3256811645029563,Baseball Cap Storage Rack Strong Adhesive Wall Mounted Hat Rack Multi Layer Hat Display Wall Hooks Holds 9 Hat,5.53,11.07,49,15 sold,5,"$5.25 each, ≥ 2 pieces | Delivery: Oct 05 - 13",CN,si,https://www.aliexpress.us/item/3256811645029563.html,https://ae-pic-a1.aliexpress-media.com/kf/Sc8dd13118f4c4150b76ae60bb2447133A.jpg
wall hat rack,3256808679262957,1/4Pcs Space Saving Adhesive Hat Hooks for Wall No Drilling Plastic Removable Hat Rack Baseball Caps Organizer,,,,284 sold,4.6,,,,https://www.aliexpress.us/item/3256808679262957.html,https://ae-pic-a1.aliexpress-media.com/kf/Sdb423989d8964efb9b1ad5c990295c6aL.jpg
wall hat rack,2251832839031225,Hot Sale Metal Hanging Hat Rack Groove Board Cap Bracket Slat Wall Mounted Wig / Ball / Hat Display Stand Rack,23.8,,,1 sold,,Customizable | Extra 5% off with coins,CN,si,https://www.aliexpress.us/item/2251832839031225.html,https://ae-pic-a1.aliexpress-media.com/kf/Sc7083fa1eb504f828f605237c41fc92am.jpg
wall hat rack,3256809366427395,Hanging Hat Organizers For Bedroom Closet Space Saving Wall Door Back Display Rack Baseball Cap Felt Storage H,3.75,8.75,57,5 sold,5,New shoppers save $5,CN,si,https://www.aliexpress.us/item/3256809366427395.html,https://ae-pic-a1.aliexpress-media.com/kf/Scda9138482f34dc28a9ddeaa051d8788J.jpg
wall hat rack,3256811452846360,"Wall Mount Wire Stainless Steel Cap Wig Display Rack Holder, Umbrella Shape,",10.72,17.29,38,3 sold,,,CN,si,https://www.aliexpress.us/item/3256811452846360.html,https://ae-pic-a1.aliexpress-media.com/kf/S03968fbe1be145dc98f96dd43df99ebcE.jpg
wall hat rack,3256810559593473,Cowboy Hat Holder Metal Wall Mounted Baseball Hats Rack Metal Hat Holder Wall Mounted Hats Rack for Jacket Dis,1.28,12.56,89,14 sold,5,"$1.22 each, ≥ 2 pieces | New shoppers save $11.28",CN,si,https://www.aliexpress.us/item/3256810559593473.html,https://ae-pic-a1.aliexpress-media.com/kf/S7dc120dc85a74ce59dda063ec0719f314.jpg
wall hat rack,3256812951542376,"Hat Organizer for Baseball Caps,Hat Rack for Wall Hold up to 16 Hats,Hat Holder Organizer and Display,Hat Hang",1.09,9.52,88,7 sold,,New shoppers save $8.43 | Delivery: Oct 05 - 13,CN,si,https://www.aliexpress.us/item/3256812951542376.html,https://ae-pic-a1.aliexpress-media.com/kf/S18fe3942c6cc45c59c2173b1d3952247F.jpg
wall hat rack,3256812163949342,"☭Hat Organizer for Closet,12-Pocket Cap Holder Hanger,Over-the-Door/ Wall Mount Baseball Cap Storage Rack for ",1.09,9.94,89,7 sold,,New shoppers save $8.85 | Delivery: Oct 05 - 13,CN,si,https://www.aliexpress.us/item/3256812163949342.html,https://ae-pic-a1.aliexpress-media.com/kf/S2e3a41101d9947f584ab47c6c253929cE.jpg
wall hat rack,3256807012014942,5pcs/set Baseball Cap Rack Hat Holders Rack Organizer Storage Modern Baseball Caps Hangers Rack Hanging Organi,3.96,,,106 sold,4.3,,CN,si,https://www.aliexpress.us/item/3256807012014942.html,https://ae-pic-a1.aliexpress-media.com/kf/S20c425b64dc149229e346e94832e52b2j.jpg
wall hat rack,3256812543821768,10Pcs Plastic Hat Display Hooks Self Adhesive Space Saving Baseball Cap Storage Rack Wall Mounted Hat Organize,1.81,6.81,73,7 sold,,New shoppers save $5,CN,si,https://www.aliexpress.us/item/3256812543821768.html,https://ae-pic-a1.aliexpress-media.com/kf/Sbe24878fdedf4286865f962816abc50dK.jpg
wall hat rack,3256812579106515,Baseball Cap Holder 1/2/3PCS Hanging Rope with Clips Wall Rack for Closet Door Bedroom Dorm Hat Scarf Tie Stor,3.96,4.47,11,3 sold,4,Extra 2% off with coins,CN,si,https://www.aliexpress.us/item/3256812579106515.html,https://ae-pic-a1.aliexpress-media.com/kf/Sed1f7489a2b342d3a2f653f326aef4ea0.jpg
wall hat rack,3256805643197143,Cowboy Hat Holder Vehicle Car Window Cowboy Hat Mounts Hanger with Suction Cup Hat Rope Rack for Home Door and,1.09,5.77,81,200 sold,4.8,New shoppers save $4.68 | Lowest price in 90 days,CN,si,https://www.aliexpress.us/item/3256805643197143.html,https://ae-pic-a1.aliexpress-media.com/kf/S1e20754699e7409795f8ee3258501e51E.jpg
wall hat rack,3256807082243287,5pcs/set Baseball Cap Rack Hat Holders Rack Organizer Storage Modern Baseball Caps Hangers Rack Hanging Organi,1.09,4.1,73,21 sold,5,New shoppers save $3.01,CN,si,https://www.aliexpress.us/item/3256807082243287.html,https://ae-pic-a1.aliexpress-media.com/kf/S92e4709e72f04195ad724f6a7631e5acP.jpg
wall hat rack,3256810626600127,Cowboy Hat Rack For Wall Wooden Hat Display Holder Wood Western Caps Hanger Storage Organizer Wall-Mounted For,9.67,31.89,69,31 sold,,"$9.19 each, ≥ 2 pieces | New shoppers save $22.22",CN,si,https://www.aliexpress.us/item/3256810626600127.html,https://ae-pic-a1.aliexpress-media.com/kf/S3feb70e6376446f3b2defa53be721b9bP.jpg
wall hat rack,3256807206962958,Wall Mounted Wooden Baseball Cap Organizer Wall Mounted Baseball Vertical Hat Rack Wall Mounted Wooden Display,2.88,16.42,82,6 sold,4,"$2.74 each, ≥ 2 pieces | New shoppers save $13.54",CN,si,https://www.aliexpress.us/item/3256807206962958.html,https://ae-pic-a1.aliexpress-media.com/kf/S9a80fbbf08f54bd284acd4e89d434252j.jpg
egg opener,3256809008237934,"1/3PCS New Egg Shell Opener,Press Egg Shell Separator,Portable Egg Opener,Kitchen Handheld Egg Shell,Crusher H",1.33,4.2,68,"4,000+ sold",4.2,Delivery: Oct 05 - 13,CN,si,https://www.aliexpress.us/item/3256809008237934.html,https://ae-pic-a1.aliexpress-media.com/kf/S0ad5d02f31f0463cb9fdd1b314ba0619W.jpg
egg opener,3256808868628075,Hand-cranked Automatic Egg Sheller 1pc New Household Shell Peeling Machine Egg Opener Tool Fully Automatic Sma,0.33,7.31,95,"2,000+ sold",4.9,Delivery: Oct 05 - 13,CN,si,https://www.aliexpress.us/item/3256808868628075.html,https://ae-pic-a1.aliexpress-media.com/kf/S16b9307e08054e40ae62d2cfbe478e7ac.jpg
egg opener,3256809430017372,Portable Egg Opening Machine Quick Egg Beater Kitchen Egg Sheller Kitchen Accessories,1.99,4.38,54,"5,000+ sold",4,Delivery: Oct 05 - 13,CN,si,https://www.aliexpress.us/item/3256809430017372.html,https://ae-pic-a1.aliexpress-media.com/kf/S55cba0594c794c61adcea83f9373694ep.jpg
egg opener,3256806080339062,Egg Shell Opener Stainless Steel Egg Cup Holders Hard Soft Boiled Egg Topper Cutter Cracker Kitchen Tools Gadg,4.81,9.63,50,434 sold,4.7,Extra 2% off with coins,CN,si,https://www.aliexpress.us/item/3256806080339062.html,https://ae-pic-a1.aliexpress-media.com/kf/S6c9061d128ef41ee96efcef50e348e538.jpg
egg opener,3256808858822908,1/3pcs-New Egg Shell Opener Press Egg Shell Separator Portable Egg Opener Kitchen Handheld Egg Shell Crusher H,0.33,5.3,93,"10,000+ sold",4.9,Delivery: Oct 05 - 13,CN,si,https://www.aliexpress.us/item/3256808858822908.html,https://ae-pic-a1.aliexpress-media.com/kf/S56001334571045948b5ba15def7f1fadC.jpg
egg opener,3256809179733718,New Cute Egg Shell Opener Kitchen Baking Tool Household Egg Opener Tool Stainless Steel Egg Peeler for Cooking,1.09,2.22,50,"2,000+ sold",4.1,New shoppers save $1.13 | Top selling on AliExpress,CN,si,https://www.aliexpress.us/item/3256809179733718.html,https://ae-pic-a1.aliexpress-media.com/kf/Sc29a4b0c499b4883bcfe26f1dd89cb76f.jpg
egg opener,3256807484688161,Stainless Steel Boiled Egg Topper Shell Top Knocker Opener   Kitchen Tool Cutter   Accessories  Gadget,,,,"4,000+ sold",4.6,,,,https://www.aliexpress.us/item/3256807484688161.html,https://ae-pic-a1.aliexpress-media.com/kf/Sfa52b25c1e80462a85443ba02cdafc34L.jpg
egg opener,3256809729628313,1/2pcs Multifunctional Egg Shell Opener Handheld Egg Cracker Separator Tool Eggshell Cutter Easy Open Kitchen ,1.09,3.57,69,600+ sold,4.3,New shoppers save $2.48,CN,si,https://www.aliexpress.us/item/3256809729628313.html,https://ae-pic-a1.aliexpress-media.com/kf/S16b525ae62cf46d5b14e1516703d7311N.png
egg opener,3256811408182142,Hot Sale Boiled Egg Topper Shell Top Cutter Kitchen Gadgets Egg Tools Egg Cracker Separator Stainless Steel Eg,5.83,12.15,52,90 sold,4.3,"$5.54 each, ≥ 2 pieces | Delivery: Oct 05 - 13",CN,si,https://www.aliexpress.us/item/3256811408182142.html,https://ae-pic-a1.aliexpress-media.com/kf/Sfaf912dc56f84d8885aa031a3db900c6F.jpg
egg opener,3256811338856759,Stainless Steel Boiled Egg Topper Shell Top Knocker Opener   Kitchen Tool Cutter   Accessories  Gadget,1.09,11.27,90,19 sold,5,New shoppers save $10.18 | Lowest price in 90 days,CN,si,https://www.aliexpress.us/item/3256811338856759.html,https://ae-pic-a1.aliexpress-media.com/kf/Sfa52b25c1e80462a85443ba02cdafc34L.jpg
egg opener,3256809429419673,1/3pcs Egg Shell Opener Plastic Steel Kitchen Baking Tool Egg Peeler Household Handheld Egg Separator Tool For,1.09,10.45,89,61 sold,4.2,"$1.04 each, ≥ 2 pieces | New shoppers save $9.36",CN,si,https://www.aliexpress.us/item/3256809429419673.html,https://ae-pic-a1.aliexpress-media.com/kf/Sda4e0b9771704a38b5d6601a0a0a52c5h.jpg
egg opener,3256809735565792,New Egg Shell Opener Manual Eggs Breaker Non-Stick Hand Eggshell Separator Portable Egg Shell Opener Tools Egg,1.09,2.97,63,"2,000+ sold",4.3,New shoppers save $1.88 | Lowest price in 90 days,CN,si,https://www.aliexpress.us/item/3256809735565792.html,https://ae-pic-a1.aliexpress-media.com/kf/S9da1801a706446e88553059701b8c8752.jpg
egg opener,3256806808463954,Stainless Steel Egg Opener Scissors Manual Egg Tools Eggshell Cracker Topper Eggs Opener Separator Kitchen Nov,5.82,30.05,80,492 sold,4,New shoppers save $24.23 | Lowest price in 90 days,CN,si,https://www.aliexpress.us/item/3256806808463954.html,https://ae-pic-a1.aliexpress-media.com/kf/Sa00ee866c2c84fc98a36dc7c6cb83659a.jpg
egg opener,3256810490265201,New Handheld Egg Shell Opener Stainless Steel PP Egg Peeler Creative Eggshell Opening for Raw Eggs,1.09,4.78,77,148 sold,3.2,"$1.04 each, ≥ 3 pieces | New shoppers save $3.69",CN,si,https://www.aliexpress.us/item/3256810490265201.html,https://ae-pic-a1.aliexpress-media.com/kf/S77e76fae79c0406baa38d92ac9eff84aQ.jpg
egg opener,3256810443202078,Egg Opener Stainless Steel Egg Opener Shell Opener Fancy Eggshell Cutting Knocker Creative Glutinous Rice Egg ,,,,700+ sold,4.7,,,,https://www.aliexpress.us/item/3256810443202078.html,https://ae-pic-a1.aliexpress-media.com/kf/S8fecb434336f47c79baf28c10dea338cR.jpg
egg opener,3256809047393609,1/3pcs-New Egg Shell Opener Press Egg Shell Separator Portable Egg Opener Kitchen Handheld Egg Shell Crusher H,,,,"1,000+ sold",4.1,,,,https://www.aliexpress.us/item/3256809047393609.html,https://ae-pic-a1.aliexpress-media.com/kf/S29848bded9bb454bb0288300f24025dcy.jpg
egg opener,3256809124902882,Egg Opener Scissors Slicers Shell Cutter Kitchen for S Gadgets Accessories Shaomai Cooker Pancake Tool Whisk,1.09,7.9,86,224 sold,4.6,New shoppers save $6.81 | Lowest price in 90 days,CN,si,https://www.aliexpress.us/item/3256809124902882.html,https://ae-pic-a1.aliexpress-media.com/kf/S8df50f316ad643e0ad9710b711659ba8X.png
egg opener,3256810221860429,"1pc Manual Egg Breaker & Shell Separator - Heavy-Duty Stainless Steel Handheld Cracker with Ergonomic Handle, ",2.33,12.88,81,302 sold,4.2,Delivery: Oct 05 - 13,CN,si,https://www.aliexpress.us/item/3256810221860429.html,https://ae-pic-a1.aliexpress-media.com/kf/S3ea75bdb51ea42b0955baf6f2fb1cc31e.jpg
egg opener,3256811797286902,"Egg Shell Cracker Breaker Opener Remover Separator for Hard Boiled Raw Eggs,Kitchen Hard Boiled Egg Peeler Egg",1.09,6.7,83,105 sold,3.7,"$1.04 each, ≥ 2 pieces | New shoppers save $5.61",CN,si,https://www.aliexpress.us/item/3256811797286902.html,https://ae-pic-a1.aliexpress-media.com/kf/S21ff78a1cced4494b6fd3e29814b09d6J.jpg
egg opener,3256809002346552,Hot-selling Egg Shell Cutter Eggbeater Raw Egg Separator Handheld Eggshell Opener Portable Kitchen Baking Tool,1.09,3.54,69,800+ sold,4,New shoppers save $2.45,CN,si,https://www.aliexpress.us/item/3256809002346552.html,https://ae-pic-a1.aliexpress-media.com/kf/S41a25750a00541f5b90eed643c3ccf42H.jpg
egg opener,3256812998428525,1Pcs Practical Metal Egg Scissors Stainless Steel Shell Cutter Opener Boiled Egg Open Creative Kitchen Tool-Ne,1.09,8.44,87,2 sold,,"New shoppers save $7.35 | Early bird deal, only 3 left",CN,si,https://www.aliexpress.us/item/3256812998428525.html,https://ae-pic-a1.aliexpress-media.com/kf/Sc71eb82599f44e42841bdfa4b9b81d49q.jpg
egg opener,3256810086754870,1pcs Egg Opener Tool Manual Stainless Steel Multifunction Eggshell Cutter with Egg Yolk White Separator Eggs S,6.7,25.42,73,98 sold,4.3,"$6.37 each, ≥ 2 pieces | New shoppers save $18.72",CN,si,https://www.aliexpress.us/item/3256810086754870.html,https://ae-pic-a1.aliexpress-media.com/kf/S9181a6ea4e7e4bdea17d6f09619fab94D.jpg
egg opener,3256809609725361,1/3/5pc Egg Shell Opener Plastic Steel Kitchen Baking Tool Egg Peeler Household Handheld Egg Separator Tool Fo,1.09,5.37,79,59 sold,4.8,"$1.04 each, ≥ 3 pieces | New shoppers save $4.28",CN,si,https://www.aliexpress.us/item/3256809609725361.html,https://ae-pic-a1.aliexpress-media.com/kf/Sfeac133feb674dbdbe73881f567c501fM.jpg
egg opener,3256807203164636,Egg Shell Opener Hard Soft Boiled Egg Cups Stainless Steel Egg White Yolk Separator Eggshell Cutter Remover Ki,1.09,5.83,81,47 sold,5,New shoppers save $4.74 | Extra 2% off with coins,CN,si,https://www.aliexpress.us/item/3256807203164636.html,https://ae-pic-a1.aliexpress-media.com/kf/Sfb38456d84334ab982e9655c25c25a6f5.jpg
egg opener,3256812284608804,Egg Cracker Egg Separator Stainless Steel Handheld Egg Opener with Egg Yolk White Separator Eggshell Cutter Eg,7.22,26.56,72,7 sold,5,New shoppers save $19.34 | Delivery: Oct 05 - 13,CN,si,https://www.aliexpress.us/item/3256812284608804.html,https://ae-pic-a1.aliexpress-media.com/kf/Se04ea16cbce64fb0bac37203fd4c8a4c0.jpg
egg opener,3256806880734832,Egg Eggshell Opener Eggshell Cutter 304 Stainless Steel Double Head Egg Topper Shell Opener Boiled Raw Egg Cre,1.09,11.29,90,335 sold,4.7,"$1.04 each, ≥ 2 pieces | New shoppers save $10.2",CN,si,https://www.aliexpress.us/item/3256806880734832.html,https://ae-pic-a1.aliexpress-media.com/kf/Sa7e109d0a89243b996bfd244dd6f5ad7J.jpg
egg opener,3256812269348254,"1pc Manual Egg Breaker & Shell Separator - Heavy-Duty Stainless Steel Handheld Cracker with Ergonomic Handle, ",4.95,21.16,76,2 sold,,New shoppers save $16.21 | Delivery: Oct 05 - 13,CN,si,https://www.aliexpress.us/item/3256812269348254.html,https://ae-pic-a1.aliexpress-media.com/kf/Sd808f136c1ae464bb89952da5eb3eb71g.jpg
egg opener,3256807742816582,1/2pcs Multifunctional Egg Shell Opener Handheld Egg Cracker Separator Tool Eggshell Cutter Easy Open Kitchen ,1.09,4.6,76,94 sold,4.2,New shoppers save $3.51,CN,si,https://www.aliexpress.us/item/3256807742816582.html,https://ae-pic-a1.aliexpress-media.com/kf/S24f001cda767488fab93aa2c2ef9c939j.jpg
egg opener,3256812346880271,Portable Egg Shell Opener Stainless Steel Eggshell Breaker Household Kitchen Gadgets Egg Cutter for Baking Coo,1.09,8.51,87,8 sold,5,New shoppers save $7.42 | Delivery: Oct 05 - 13,CN,si,https://www.aliexpress.us/item/3256812346880271.html,https://ae-pic-a1.aliexpress-media.com/kf/S57dff42ba96e440593bc0f0fcd17b39dQ.jpeg
egg opener,3256811468064505,1-20PCS Stainless Steel Quail Egg Scissors Egg Shell Cutter Opener - High Quality Steel Blades Brand New Durab,1.09,10.15,89,30 sold,5,New shoppers save $9.06 | Delivery: Oct 05 - 13,CN,si,https://www.aliexpress.us/item/3256811468064505.html,https://ae-pic-a1.aliexpress-media.com/kf/S6991e324d0ae446fb9e8d52d7fbce3c14.jpg
egg opener,3256812375342330,1Pc Stainless Steel Egg Topper Cracker Quick Easy Egg Shell Opener Tool for Raw Soft Hard Boiled Eggs Kitchen ,1.09,7.34,85,36 sold,5,New shoppers save $6.25 | Delivery: Oct 05 - 13,CN,si,https://www.aliexpress.us/item/3256812375342330.html,https://ae-pic-a1.aliexpress-media.com/kf/S57504541773e452b9d3b350a65ba4df4R.jpg
egg opener,3256806120644872,Heavy Duty Aluminium Egg Slicer for Hard Boiled Eggs Strawberry Slicer Stainless Steel Wire Multi Egg Dicer fo,3.33,22,84,"2,000+ sold",4.9,Top selling on AliExpress | Delivery: Oct 05 - 13,CN,si,https://www.aliexpress.us/item/3256806120644872.html,https://ae-pic-a1.aliexpress-media.com/kf/Sef681cf2993b42529da55eab946fc413m.jpg
egg opener,3256812154295847,Egg Opener Stainless Steel Egg Shell Opener Fancy Eggshell Cutting Knocker Creative Egg Shell Top Knocker Open,1.09,4.89,77,3 sold,5,New shoppers save $3.8 | Extra 2% off with coins,CN,si,https://www.aliexpress.us/item/3256812154295847.html,https://ae-pic-a1.aliexpress-media.com/kf/Sadf328843ed549ce82881a494d09512e5.jpg
egg opener,3256809796932990,New Stainless Steel Egg Shell Opener Manual Egg Opener Kitchen Gadget Eggs Cutter Convenient Mini Scissors Too,2,7,71,78 sold,4.1,New shoppers save $5 | Lowest price in 90 days,CN,si,https://www.aliexpress.us/item/3256809796932990.html,https://ae-pic-a1.aliexpress-media.com/kf/S707ce6298c8b4fcf929bbb2a74819a32o.jpg
egg opener,3256811860230484,304 Stainless Steel Double Head Egg Topper Eggshell Opener Cutter for Boiled & Raw Egg Kitchen Tool Gadget Acc,1.09,7.42,85,54 sold,5,"$1.04 each, ≥ 2 pieces | New shoppers save $6.33",CN,si,https://www.aliexpress.us/item/3256811860230484.html,https://ae-pic-a1.aliexpress-media.com/kf/S800721aad3d94c4dbc970f1e4e0db4e6t.jpg
egg opener,3256808416755299,"10/12/14inch Stainless Steel Semi Automatic Whisk Blender for Home -Versatile Tool for Egg Beater, Milk Frothe",1.09,5.22,79,"1,000+ sold",4.8,New shoppers save $4.13 | Top selling on AliExpress,CN,si,https://www.aliexpress.us/item/3256808416755299.html,https://ae-pic-a1.aliexpress-media.com/kf/S289cd3aa3cbc487fb8597da770c6ce59i.jpg
egg opener,3256812891406709,Plastic Egg Shell Opener Professional Manual Eggs Breaker Non-Stick Hand Eggshell Separator Multifunctional Ki,1.09,9.43,88,3 sold,,New shoppers save $8.34 | Delivery: Oct 05 - 13,CN,si,https://www.aliexpress.us/item/3256812891406709.html,https://ae-pic-a1.aliexpress-media.com/kf/S75cf2f445ba946f7a778f5ff27b05a8eA.jpg
egg opener,3256809744791349,304 Stainless Steel Egg Scissors Eggshell Opener Double Head Metal Boiled Egg Creative Gadgets Kitchen Cooking,1.09,8.24,86,71 sold,4.5,New shoppers save $7.15 | Lowest price in 90 days,CN,si,https://www.aliexpress.us/item/3256809744791349.html,https://ae-pic-a1.aliexpress-media.com/kf/S49d1a72130a545b1bca4789b58329398c.jpg
egg opener,3256808975547111,1/3pcs-Egg Shell Opener Press Egg Shell Separator Portable Egg Opener Handheld Egg Shell Household Kitchen Bak,,,,301 sold,4.8,,,,https://www.aliexpress.us/item/3256808975547111.html,https://ae-pic-a1.aliexpress-media.com/kf/Sd745b13a526f441bbeb31b08c7e12063j.jpg
egg opener,3256808083874309,Kitchen Gadgets Egg Hole Punch Kitchens Accessories Cracker Piercing Practical Kitchen Baking Accessories Gadg,1.09,2.2,50,"2,000+ sold",4.7,New shoppers save $1.11 | Top selling on AliExpress,CN,si,https://www.aliexpress.us/item/3256808083874309.html,https://ae-pic-a1.aliexpress-media.com/kf/S4c8aab39d76049efbb071d6f32e39fed6.jpg
egg opener,3256812668481314,New Practical Metal Egg Scissors Egg Topper Cutter Shell Opener Stainless Steel Boiled Raw Egg Open Creative K,1.09,8.11,86,4 sold,,New shoppers save $7.02 | Delivery: Oct 05 - 13,CN,si,https://www.aliexpress.us/item/3256812668481314.html,https://ae-pic-a1.aliexpress-media.com/kf/Se51057d84dfa4973aeede6a21b1d6d081.jpg
egg opener,3256808539477474,Egg Poacher with Egg Shell Opener Microwave Poached Egg Maker Dishwasher Safe BPA Free Egg Cooker Poached Egg ,1.5,13.84,89,49 sold,4.6,New shoppers save $12.34 | Delivery: Oct 05 - 13,CN,si,https://www.aliexpress.us/item/3256808539477474.html,https://ae-pic-a1.aliexpress-media.com/kf/S0432e1129b704577a08944a4a6e6cae6P.jpg
egg opener,3256806921679811,Egg Cracker Egg Separator Stainless Steel Handheld Egg Opener with Egg Yolk White Separator Eggshell Cutter Eg,7.29,26.72,72,131 sold,4.2,New shoppers save $19.43 | Delivery: Oct 05 - 13,CN,si,https://www.aliexpress.us/item/3256806921679811.html,https://ae-pic-a1.aliexpress-media.com/kf/S2fb1de056828417296cf7068fec250ebV.png
egg opener,3256805302872779,LMETJMA Multifunctional  6 in 1 Can Opener Simple Beer Bottle Opener Jar Gripper Can Beer Lid Twist Off Opener,,,,"1,000+ sold",4.8,,,,https://www.aliexpress.us/item/3256805302872779.html,https://ae-pic-a1.aliexpress-media.com/kf/S849826024739423ebce96d568b73320dK.jpg
egg opener,3256811424259049,Household Egg Cutting Tool Eggshell Separator Handheld Eggshell Opener Portable Egg Cracking Tool For Home Kit,1.09,4.67,76,69 sold,4.2,New shoppers save $3.58 | Lowest price in 90 days,CN,si,https://www.aliexpress.us/item/3256811424259049.html,https://ae-pic-a1.aliexpress-media.com/kf/Se9c61aa08d13409d9f4cb38cc041ac0bq.jpg
egg opener,3256811626452821,Effortless Manual Egg Opener 3 in 1 Quick Release Egg Separator Eggshell Cracker 304 Stainless Steel Egg Strip,6.37,11.37,43,3 sold,5,New shoppers save $5 | Extra 2% off with coins,CN,si,https://www.aliexpress.us/item/3256811626452821.html,https://ae-pic-a1.aliexpress-media.com/kf/Sbcc69908d95743e782f7a56855aec38eF.jpg
egg opener,3256801502304354,Quail Bird Egg Scissors Stainless Steel Egg Shell Cutters Egg Opener,,,,111 sold,4.9,,,,https://www.aliexpress.us/item/3256801502304354.html,https://ae-pic-a1.aliexpress-media.com/kf/Sd4e35f17e5754a98aa51102fd8865f2bW.jpg
egg opener,3256806817525722,Stainless Steel Can Opener Multifunctional Grip Opener Side Cut Professional Tins Bottle Opener Kitchen Gadget,4.19,13.43,68,"4,000+ sold",4.7,Delivery: Oct 05 - 13,CN,si,https://www.aliexpress.us/item/3256806817525722.html,https://ae-pic-a1.aliexpress-media.com/kf/Sdc1bf110bf3947e7868c906aa88679d9S.jpg
egg opener,3256810228643991,"1pc Manual Egg Breaker & Shell Separator - Heavy-Duty Stainless Steel Handheld Cracker with Ergonomic Handle, ",1.17,13.12,91,128 sold,4.3,"$1.11 each, ≥ 2 pieces | New shoppers save $11.95",CN,si,https://www.aliexpress.us/item/3256810228643991.html,https://ae-pic-a1.aliexpress-media.com/kf/S9ad40c7f2e204d99858b79805b2d8c79k.jpg
egg opener,3256812813600308,Egg Shell Opener Cracker Tool Stainless Steel Egg Cutter Separator for Baking Cooking Breakfast Kitchen Home U,1.09,2.88,62,13 sold,,New shoppers save $1.79 | Extra 2% off with coins,CN,si,https://www.aliexpress.us/item/3256812813600308.html,https://ae-pic-a1.aliexpress-media.com/kf/S1fb15c1a5ae54600b30d75964e3d5c49u.jpg
egg opener,3256811595459288,Stainless Steel Household Egg Opener Creative Cute Egg Shell Opener Portable Kitchen Baking Tool Egg Peeler Fo,1.09,8.52,87,32 sold,4,New shoppers save $7.43 | Delivery: Oct 05 - 13,CN,si,https://www.aliexpress.us/item/3256811595459288.html,https://ae-pic-a1.aliexpress-media.com/kf/S12c1d2a2a8dd47fb969d4a434d734d8cG.jpg
egg opener,3256809222211801,1-4Pcs Automatic Beer Bottle Opener Downward Push Bottle Opener Wine Beer Soda Cap Opener Kitchen Accessories,1.09,5.99,81,201 sold,4.6,New shoppers save $4.9 | Lowest price in 90 days,CN,si,https://www.aliexpress.us/item/3256809222211801.html,https://ae-pic-a1.aliexpress-media.com/kf/S84e64478d37e4f1f8fd902f7f0cc5418S.jpg
egg opener,3256810213738430,"1pc Manual Egg Breaker & Shell Separator - Heavy-Duty Stainless Steel Handheld Cracker with Ergonomic Handle, ",1.09,12.95,91,35 sold,4.7,"$1.04 each, ≥ 2 pieces | New shoppers save $11.86",CN,si,https://www.aliexpress.us/item/3256810213738430.html,https://ae-pic-a1.aliexpress-media.com/kf/S7ea2988126e84c85aed3aa5dfda575b0U.jpg
egg opener,3256812618865037,【Eggshell Separator Handheld Eggshell Opener Household Egg Cutting Tool Portable Egg Cracking Tool For Home Ki,1.09,5.37,79,1 sold,,New shoppers save $4.28 | Delivery: Oct 05 - 13,CN,si,https://www.aliexpress.us/item/3256812618865037.html,https://ae-pic-a1.aliexpress-media.com/kf/S2f71fe5b967347609741f1282e0c9b3dk.jpg
egg opener,3256811563913176,"Egg Opener, Kitchen Egg Opener, Egg Holder, Egg Shell Cutter - Kitchen Must-Have Tool Kitchen Tools",1.09,6.33,82,8 sold,5,New shoppers save $5.24 | Delivery: Oct 05 - 13,CN,si,https://www.aliexpress.us/item/3256811563913176.html,https://ae-pic-a1.aliexpress-media.com/kf/S5fae65a661a14e408efddc940226a468l.jpg
egg opener,3256807376998680,10pcs Fast Lever Beer Bottle Opener Custom Stainless Steel Pro Bar Accessories Heavy Duty Tools Promotion Logo,29.9,,,158 sold,4.8,Customizable | Free shipping,CN,si,https://www.aliexpress.us/item/3256807376998680.html,https://ae-pic-a1.aliexpress-media.com/kf/Scd8842937674453082a9700e8de89990j.jpg
egg opener,3256807745678897,1/2pcs Egg Shell Cutter Separator Portable Egg Opener Kitchen Gadget Egg Cracker with Egg White Separator for ,1.09,3.93,72,13 sold,4.7,New shoppers save $2.84 | Lowest price in 90 days,CN,si,https://www.aliexpress.us/item/3256807745678897.html,https://ae-pic-a1.aliexpress-media.com/kf/Sbe2ed934702d4de6bcaa20e2128c2e47B.jpg
egg opener,3256809243999693,New Stainless Steel Egg Topper Opener Cracker Removal Creative Eggshell Cutter for Boiled Raw Egg Shell Opener,1.09,8.39,86,28 sold,5,New shoppers save $7.3 | Lowest price in 90 days,CN,si,https://www.aliexpress.us/item/3256809243999693.html,https://ae-pic-a1.aliexpress-media.com/kf/S668cc4efa7c347f18ed1d0b7128cf1eaW.jpg
egg opener,3256813016600062,New#1Pcs Practical Metal Egg Scissors Stainless Steel Shell Cutter Opener Boiled Egg Open Creative Kitchen Too,1.09,8.36,86,1 sold,,"New shoppers save $7.27 | Early bird deal, only 4 left",CN,si,https://www.aliexpress.us/item/3256813016600062.html,https://ae-pic-a1.aliexpress-media.com/kf/S1fe3110a8f1645968f93a8001c203145J.jpg
egg opener,3256809527464576,Portable J-Shaped Easy Grip Tin Openers Kitchen Non-Slip Jar Opener Lid Opening Tools Ring Pull Can Opener Mul,1.09,4.71,76,286 sold,4.6,New shoppers save $3.62 | Lowest price in 90 days,CN,si,https://www.aliexpress.us/item/3256809527464576.html,https://ae-pic-a1.aliexpress-media.com/kf/S3e7f84f7ddd44954938d487d10bc43faW.jpg
gas stove burner cover,3256808243694696,Aluminum Foil Burner Covers Disposable Stove Liners for Gas Cooktops Oil-Proof Cooking Protectors (Easy Clean),3.42,,52,1K+ sold,4.9,,CN,si,https://www.aliexpress.us/item/3256808243694696.html,https://ae-pic-a1.aliexpress-media.com/kf/Sdd461e9791574f278d8bf110f303c9a6U.jpg
gas stove burner cover,3256813071709494,Gas Burner Liners Aluminum Foil Round Stove Covers Catch Grease Food Spills Reusable Easy Clean Heat Resistant,1.76,,77,,,,CN,si,https://www.aliexpress.us/item/3256813071709494.html,https://ae-pic-a1.aliexpress-media.com/kf/S69cf5322333940bb8d1463bd087f7586w.jpg
gas stove burner cover,3256812591125107,1/3PCS Universal Burner Hat Set Oven Hob Gas Crown Flame Cap Cover Cookers Cast Iron Stove Head Concave No Rus,3.12,,,,,,CN,si,https://www.aliexpress.us/item/3256812591125107.html,https://ae-pic-a1.aliexpress-media.com/kf/Sf4c7a84b1ad8442a95a0fb70708c20a05.jpg
gas stove burner cover,3256807521722078,Gas Stove Burner Covers Mat 1/4PCS Gas Stove Protector Stovetop Burner Covers Kitchen Accessories Washable Mat,1.09,,70,385 sold,4.4,,CN,si,https://www.aliexpress.us/item/3256807521722078.html,https://ae-pic-a1.aliexpress-media.com/kf/Saa87d92512394b668bc47b5d59dacba4i.jpg
gas stove burner cover,3256812020832412,96GF Gas Burners Caps Stove Flame Distributor Cover Steel Texture Stove Accessory Suitable for Kitchen Stove,9.27,,61,,,,CN,si,https://www.aliexpress.us/item/3256812020832412.html,https://ae-pic-a1.aliexpress-media.com/kf/S3fd3e7b5a59244bfa7aeba5b1d6ccb0at.jpg
gas stove burner cover,3256809055118802,Universal Cooker & Oven Hob Gas Burner Crown & Flame Cap Cover Flat/concave,17.1,,62,9 sold,4.5,,CN,si,https://www.aliexpress.us/item/3256809055118802.html,https://ae-pic-a1.aliexpress-media.com/kf/S21d4f74166a2466cb58157447c69a000u.png
gas stove burner cover,3256812279056858,Universal 8 Openings Kitchen Gas Wok Ring Stove Burner Covers Holder Wok Support Rack Anti Slip Windproof Gas ,4.06,,78,,,,CN,si,https://www.aliexpress.us/item/3256812279056858.html,https://ae-pic-a1.aliexpress-media.com/kf/Sf232ad91d6474a34af99dcc27fd662c6I.jpg
gas stove burner cover,3256811682445050,Stove Cover Gap Filler Stainless Steel Stove Gap Cover 2 Pairs Adjustable Inch Multi Kitchen Gap Filler Counte,1.09,,88,143 sold,4.4,,CN,si,https://www.aliexpress.us/item/3256811682445050.html,https://ae-pic-a1.aliexpress-media.com/kf/S25de2fca9c0d4439b21495630d7f86b2q.jpeg
gas stove burner cover,3256807891190722,Stoves Top Cover Easy to Clean Gas Burner Stand Covers Cooktop for Cooker,31.07,,13,,,,CN,si,https://www.aliexpress.us/item/3256807891190722.html,https://ae-pic-a1.aliexpress-media.com/kf/S73745ce0a6ab45f684697a498d68beeat.jpg
gas stove burner cover,3256812840269428,1-8Pack Stove Burner Covers Double Thickness Reusable NonStick Heat-Resistant Gas Range Protectors for Kitchen,1.09,,80,,,,CN,si,https://www.aliexpress.us/item/3256812840269428.html,https://ae-pic-a1.aliexpress-media.com/kf/Sc0858de4fd0944258dff4d858db4410cn.jpg
gas stove burner cover,3256808610096729,Gas Stove Replacement Parts Pot Cap Stove Cover Set Portable Burner Cover Is Very Easy To Install,16.62,,42,,,,CN,si,https://www.aliexpress.us/item/3256808610096729.html,https://ae-pic-a1.aliexpress-media.com/kf/S6f091684801d4722a98787db95aa2bcbR.jpeg
gas stove burner cover,3256807182519872,Gas Stove Windproof Camping Pandatour Windproof Camping Gas Stove Foldable Backpack Electronic Stove Head Outd,11.82,,66,840 sold,4.7,,CN,si,https://www.aliexpress.us/item/3256807182519872.html,https://ae-pic-a1.aliexpress-media.com/kf/A5625324e53db4bad9ac170a5a9814e53e.jpg
gas stove burner cover,3256812978229594,Stove Burner Cover Long Internal- Gas Cooker Top- Fire Cover For Sabaf 55mm/ 75mm/ 100mm/130mm Oven Burner Acc,1.09,,79,,,,CN,si,https://www.aliexpress.us/item/3256812978229594.html,https://ae-pic-a1.aliexpress-media.com/kf/S8db4fccde5674ed798aa5e6aa8bc006f9.jpeg
gas stove burner cover,3256812937001591,Stove Cover Set Gas Burner Crown Cover Reusable Stove Top Protector Safety Stove Top Cover for Home Kitchen Ac,28.27,,64,,,,CN,si,https://www.aliexpress.us/item/3256812937001591.html,https://ae-pic-a1.aliexpress-media.com/kf/S61bb6fecf326458192e7b42b9239db91t.jpg
gas stove burner cover,3256812758279673,Stoves Top Cover Gas Stoves Top Cover Protector Gas Burner Stand Cooktop Seasoning Bottle Stand Reusable Stove,23.67,,59,1 sold,1,,CN,si,https://www.aliexpress.us/item/3256812758279673.html,https://ae-pic-a1.aliexpress-media.com/kf/S0bd03aeb238e47b294b95a7deced067cp.jpg
gas stove burner cover,3256808419205568,Gas Stove Screen 8/9/10/12/14/16 Plates Folding Camping Stove Windshield Gas Stove Wind Shield Lightweight Out,1.09,,92,1K+ sold,4.5,,CN,si,https://www.aliexpress.us/item/3256808419205568.html,https://ae-pic-a1.aliexpress-media.com/kf/S56e5276b8d38437b8c0b606d32e45268w.jpg
gas stove burner cover,3256812832416354,Universal Enamel Gas Stove Wind Shield Fire Gathering Energy Saving Cover Heat Reflection Bracket Burner Prote,6.46,,52,10 sold,5,,CN,si,https://www.aliexpress.us/item/3256812832416354.html,https://ae-pic-a1.aliexpress-media.com/kf/S3ea40f6bd57948cd9d83326ac7bb526dI.jpg
gas stove burner cover,3256809532829394,"50Pcs/set Disposable Gas Stove Burner Covers Aluminum Foil 9"" Square Oil-proof Pads Heat-Resistant Protectors ",3.89,,78,105 sold,3.8,,CN,si,https://www.aliexpress.us/item/3256809532829394.html,https://ae-pic-a1.aliexpress-media.com/kf/Scc9c27897b534e8aabbe9d6a178c8eb7U.jpg
gas stove burner cover,3256811661714854,5-Holes Gas Stove Protectors Reusable Gas Stove Burner Covers Non-Stick Heat Resistant Stove Top Gas Range Pro,1.09,,90,17 sold,5,,CN,si,https://www.aliexpress.us/item/3256811661714854.html,https://ae-pic-a1.aliexpress-media.com/kf/Sb4e1ab3ec2ea46b8810ed1c9dadd841cS.jpg
gas stove burner cover,3256812425965119,Gas Stove Camping Lightweight Folding Camping Stove Windshield 9/10/8 Plates Gas Cooker Wind Screen for Outdoo,4.04,,38,15 sold,4,,CN,si,https://www.aliexpress.us/item/3256812425965119.html,https://ae-pic-a1.aliexpress-media.com/kf/S3fbd5f9bd45a47918ac3e6f14df0b99b0.jpg
gas stove burner cover,2255800847833035,1-8 PCS Stove Protector Cover Gas Stove Protector Burner Cover Foil Stovetop Mat Pad Clean Liner For Kitchen C,1.09,,65,19 sold,5,,CN,si,https://www.aliexpress.us/item/2255800847833035.html,https://ae-pic-a1.aliexpress-media.com/kf/S4f56d3ea91614452a695e07640796e15V.png
gas stove burner cover,3256809936553062,Windproof Household Lids Cover Diffusers Embedded Gas Stove Stainless Lids High Foot Burner Core,4.88,,75,2 sold,5,,CN,si,https://www.aliexpress.us/item/3256809936553062.html,https://ae-pic-a1.aliexpress-media.com/kf/S1329f87eef30450285ef7bbd990e0464U.jpg
gas stove burner cover,3256812327378454,Universal 8 Openings Kitchen Gas Wok Ring Stove Burner Covers Holder Wok Support Rack Anti-Slip Windproof Gas ,5.17,,74,,,,CN,si,https://www.aliexpress.us/item/3256812327378454.html,https://ae-pic-a1.aliexpress-media.com/kf/S2b3303cc5b5940dbb8b6c20db4defc24c.jpg
gas stove burner cover,3256805922395700,Gas Stove Burner Camping Gas Stove 2670W Portable Folding Cassette Gas Burner Outdoor Picnic Travel Cooking Gr,65.8,,54,155 sold,4.7,,CN,si,https://www.aliexpress.us/item/3256805922395700.html,https://ae-pic-a1.aliexpress-media.com/kf/S54cb5e62f2f2471589c3c87be22e72e0V.jpg
gas stove burner cover,3256809776881072,"30Pcs Disposable Aluminum Gas Stove Burner Covers Heat Resistant - Thick Kitchen Stove Protection Pads, Perfec",1.24,,90,67 sold,4.2,,CN,si,https://www.aliexpress.us/item/3256809776881072.html,https://ae-pic-a1.aliexpress-media.com/kf/S3a522a8266a14c458df0c8e21a95d142q.png
gas stove burner cover,3256811526700508,"A98G-Gas Stove Burner Caps,Gas Stove Burner Caps Set 5 PS,Burner Caps For SABAF Stove Top Covers Replacement F",25.8,,37,3 sold,5,,CN,si,https://www.aliexpress.us/item/3256811526700508.html,https://ae-pic-a1.aliexpress-media.com/kf/S8af04ecdf2f84fd3b316a123b31f0bf5v.jpg
gas stove burner cover,3256812727277747,1/3PCS Universal Burner Hat Set Oven Hob Gas Burner Crown Flame Cap Cover Cookers Cast Iron Stove Head Concave,1.09,,83,,,,CN,si,https://www.aliexpress.us/item/3256812727277747.html,https://ae-pic-a1.aliexpress-media.com/kf/Sf5b6cca0d7874369a15e276ad0f09b5be.jpg
gas stove burner cover,3256803443550855,Gas Stove Burner Knobs 2pcs 6/8mm Stove Control Knobs Gas Hob Knob Metal Range Burner Switch Button Zinc Alloy,1.09,,81,91 sold,4.7,,CN,si,https://www.aliexpress.us/item/3256803443550855.html,https://ae-pic-a1.aliexpress-media.com/kf/Sca22cf54f106440896b57c533c0af3b5a.jpg
gas stove burner cover,3256812934708740,4Pcs Square Gas Stove Burner Liners Drip Pans Heat Resistant Stove Top Covers Gas Range Protector Oil Drip Pan,24.94,,16,,,,CN,si,https://www.aliexpress.us/item/3256812934708740.html,https://ae-pic-a1.aliexpress-media.com/kf/S705f4ce905664bf6870718c1953a616dz.jpg
gas stove burner cover,3256812597896592,Sturdy Metal Universal Gas Burner Cap Cover Set Oven Hob Flame Crown for Household Kitchen Stove Parts,3.32,,,,,,CN,si,https://www.aliexpress.us/item/3256812597896592.html,https://ae-pic-a1.aliexpress-media.com/kf/S33cbf849c6a7452bbbbe9fa5101274b5U.jpg
gas stove burner cover,3256811371461254,5-Hole Gas Stove Pad Protective Cover Anti-Oil Stovetop Burner Cooker Protective Mat Reusable Furnace Gas Cook,1.09,,90,48 sold,4.4,,CN,si,https://www.aliexpress.us/item/3256811371461254.html,https://ae-pic-a1.aliexpress-media.com/kf/S1075ad402e1f4bda9c869a7feaf34487i.jpeg
gas stove burner cover,3256813046977525,Stove Single-Burner Butane Stove Adjustable Cassette Stove Windproof Cassette Furnace for Camping & Tailgating,37.52,,38,,,,CN,si,https://www.aliexpress.us/item/3256813046977525.html,https://ae-pic-a1.aliexpress-media.com/kf/S249dd684163c4dff87037d69354ffdafK.jpg
gas stove burner cover,3256809416127967,4pcs Stove Burner Cover Reusable Foil Cover Gas Stove Protector Non-Stick Stovetop Burner Sheeting Mat Clean L,1.09,,77,63 sold,4.7,,CN,si,https://www.aliexpress.us/item/3256809416127967.html,https://ae-pic-a1.aliexpress-media.com/kf/Sc3c7c11df4f8450392e788b470975b7a4.jpg
gas stove burner cover,3256808590263305,Gas Stove Pad Protector Stove Cover Gas Stove Top Burner Cover Stove Pad Protector Kitchen Clean Anti-Stain No,1.09,,81,7 sold,5,,CN,si,https://www.aliexpress.us/item/3256808590263305.html,https://ae-pic-a1.aliexpress-media.com/kf/Sfa6742623be847028c065029f8c53bdcZ.jpg
gas stove burner cover,3256812740038146,Outdoor Gas Windshield Gas Stove Burner Cover Windproof Spider Stove Support Wok Ring for Soto 310 for BRS-300,1.89,,72,,,,CN,si,https://www.aliexpress.us/item/3256812740038146.html,https://ae-pic-a1.aliexpress-media.com/kf/S74e374193296442eb395228d5fc58aedc.jpg
gas stove burner cover,3256804619873663,Gas Stove Burner Replacement Knob 2/5Pcs 8mm General Replacement Switch Knob Gas Stove Control Knob Knob Range,1.09,,74,139 sold,4.6,,CN,si,https://www.aliexpress.us/item/3256804619873663.html,https://ae-pic-a1.aliexpress-media.com/kf/Sa666b96f729649debeeee87ede4c8944o.jpg
gas stove burner cover,3256807848112967,4Pcs Gas Stove Protectors Reusable Burner Covers Kitchen Mat Protector Cleaning Pad Liner Cover Top,1.09,,74,36 sold,5,,CN,si,https://www.aliexpress.us/item/3256807848112967.html,https://ae-pic-a1.aliexpress-media.com/kf/Sd6862511302f4f85bdf1815ddc71d6cfa.jpg
gas stove burner cover,3256807256722410,4/8Pcs Stove Protector Cover Liner Gas Stove Protector Gas Stove Stovetop Burner Protector Kitchen Accessories,1.09,,86,73 sold,4.6,,CN,si,https://www.aliexpress.us/item/3256807256722410.html,https://ae-pic-a1.aliexpress-media.com/kf/Sd29ed353b63e49208ead59d383c55440P.jpg
gas stove burner cover,3256806754571665,Auxiliary Kit Gas Stove Burners Burner Crown Cover Easy To Use Removable Lid Compatible Models Compatible Mode,1.09,,77,19 sold,5,,CN,si,https://www.aliexpress.us/item/3256806754571665.html,https://ae-pic-a1.aliexpress-media.com/kf/Sd990e976b1b94667bd0575c3346e05da3.jpeg
gas stove burner cover,3256804641915202,Gas Stove Burner Knobs 1/2Pcs 6/8mm Stove Control Knobs Gas Hob Knob Metal Range Burner Switch Button Zinc All,1.09,,75,236 sold,4.9,,CN,si,https://www.aliexpress.us/item/3256804641915202.html,https://ae-pic-a1.aliexpress-media.com/kf/Sb9b1c11e7b144a0198c5c82efb691078X.jpg
gas stove burner cover,3256808346238235,Gas Stove Furnace Cleaning Pad 5-hole Gas Cooker Protector Cover Anti-Oil Stovetop Burner Cooker Protective Ma,1.09,,87,247 sold,4,,CN,si,https://www.aliexpress.us/item/3256808346238235.html,https://ae-pic-a1.aliexpress-media.com/kf/S2bac6160ca7b409baa214706b908f74b3.jpg
gas stove burner cover,3256807348991677,4Pcs Stove Top Cover 16.5cm 20.5cm Diameter Stainless Steel Kitchen Stove Top Burner Covers Cooker Protection ,10.08,,37,55 sold,4.5,,CN,si,https://www.aliexpress.us/item/3256807348991677.html,https://ae-pic-a1.aliexpress-media.com/kf/S72d2dbe0ab784ffc8edb498e873a82b6P.jpg
gas stove burner cover,3256805063483465,1pcs Gas Stove Protectors Cover Liner 5 Holes Anti-Oil Gas Range Stovetop Burner Cooker Protective Covers Mat ,1.09,,70,231 sold,3.8,,CN,si,https://www.aliexpress.us/item/3256805063483465.html,https://ae-pic-a1.aliexpress-media.com/kf/S55be8b2dadde47c6bc7be6b8ae847e95z.jpeg
gas stove burner cover,3256813036904766,Gas Stove Burner Camping Gas Stove Burner Mini Cassette Stove Portable Windproof Cassette Furnace Electronic I,45.61,,38,,,,CN,si,https://www.aliexpress.us/item/3256813036904766.html,https://ae-pic-a1.aliexpress-media.com/kf/Sd4694b6745dd4da58054e9182de8ef75T.jpg
gas stove burner cover,3256812405822746,4pcs Stove Burner Cover Reusable Foil Cover Gas Stove Protector Non-Stick Stovetop Burner Sheeting Mat Clean L,1.09,,90,,,,CN,si,https://www.aliexpress.us/item/3256812405822746.html,https://ae-pic-a1.aliexpress-media.com/kf/S1cafdcfcc66e4ec992faff5e1e3345d3F.jpg
gas stove burner cover,3256811722013584,Gas Stove Protectors Kitchen Reusable Burner Covers Mat Protector Cleaning Pad Liner Cover Top Gas Stove Prote,1.09,,84,9 sold,5,,CN,si,https://www.aliexpress.us/item/3256811722013584.html,https://ae-pic-a1.aliexpress-media.com/kf/Sf0d1ad240aeb4fa5962b5e19217968b9l.jpg
gas stove burner cover,3256808397087286,Universal 8 Openings Kitchen Gas Wok Ring Stove Burner Covers Holder Wok Support Rack Anti Slip Windproof Gas ,1.73,,89,296 sold,4.4,,CN,si,https://www.aliexpress.us/item/3256808397087286.html,https://ae-pic-a1.aliexpress-media.com/kf/Sf6294eab5a864c2ca471331c011cffb40.jpg
gas stove burner cover,3256813048225725,Gas Stove Portable Gas Camping Stove Outdoor Picnic BBQ Stove Portable Hand Warmer Home Heater Cassette Stove ,55.9,,38,,,,CN,si,https://www.aliexpress.us/item/3256813048225725.html,https://ae-pic-a1.aliexpress-media.com/kf/Sdc43cfa1686549fd90e54a5ef8890eabg.jpg
gas stove burner cover,3256813055728699,4Pcs Gas Stove Drip Pans Stainless Steel Thickened Burner Covers Large Base Cooker Hob Accessories Replacement,15.33,,50,,,,CN,si,https://www.aliexpress.us/item/3256813055728699.html,https://ae-pic-a1.aliexpress-media.com/kf/S204f9549d59848d4b6f8d7edce001805G.jpg
gas stove burner cover,3256804305316489,10pcThick Aluminum Foil Stove Burner Gas Oven Cover Reusable for Gas Stove Top Liners Oil-proof Cleaning Pad S,1.09,,64,23 sold,3.5,,CN,si,https://www.aliexpress.us/item/3256804305316489.html,https://ae-pic-a1.aliexpress-media.com/kf/S6440b38a172f4eb39602c50c6f3cf8f0z.jpg
gas stove burner cover,3256806503084996,Universal Long Internal Gas Cooker Top Cover For Sabaf 55mm/ 75mm/ 100mm Gas Stove Accessories Stove Top Burne,1.09,,66,15 sold,4.2,,CN,si,https://www.aliexpress.us/item/3256806503084996.html,https://ae-pic-a1.aliexpress-media.com/kf/Sa2f31b67fe59435e8203bda2347a85eab.jpeg
gas stove burner cover,3256812531059563,Gas Stove Burner Thermocouple Replacement 60cm Universal Gas Stove Thermocouple with 5Pcs Nuts Heating Gas Bur,11.99,,27,,,,CN,si,https://www.aliexpress.us/item/3256812531059563.html,https://ae-pic-a1.aliexpress-media.com/kf/S83f287bc4dbc4474bd265dd5deedd6a0z.jpg
gas stove burner cover,3256812852589369,8/4/1pcs Stove Protector Cover Liner Gas Stove Protector Stove Stovetop Burner Protector Kitchen Accessories M,1.09,,76,3 sold,5,,CN,si,https://www.aliexpress.us/item/3256812852589369.html,https://ae-pic-a1.aliexpress-media.com/kf/Sd33551d134a04a83a1ce2237852ed0d3u.jpg
gas stove burner cover,3256812249815028,8/4/1pcs Stove Protector Cover Liner Gas Stove Protector Stove Stovetop Burner Protector Kitchen Accessories M,1.09,,75,9 sold,5,,CN,si,https://www.aliexpress.us/item/3256812249815028.html,https://ae-pic-a1.aliexpress-media.com/kf/S2b10200756cd4c3bbd2006e35a776c47v.jpg
gas stove burner cover,3256813107171926,1Pcs Gas Burner Grate Stainless Steel Stove Pan Metal Cover Gas Stove Accessory Kitchen Gadget Fire Lid Cookin,15.88,,50,,,,CN,si,https://www.aliexpress.us/item/3256813107171926.html,https://ae-pic-a1.aliexpress-media.com/kf/S111c2e1dc06c4a1a8277d0c4266bcbedx.jpg
gas stove burner cover,3256803324600696,Gas Stove Burner 15 Jets Fierce Stove Biogas Burner Natural Gas Liquefied Gas Burner Household Gas Boiler Brea,54.61,,8,7 sold,5,,CN,si,https://www.aliexpress.us/item/3256803324600696.html,https://ae-pic-a1.aliexpress-media.com/kf/Hf7734f88e49e417a812d8e1c86c52c6fY.jpg
gas stove burner cover,3256809228324476,"B06B-Gas Stove Burner Caps,Gas Stove Burner Caps Set 5 PS,Burner Caps For SABAF Stove Top Covers Replacement F",27.15,,24,15 sold,4,,CN,si,https://www.aliexpress.us/item/3256809228324476.html,https://ae-pic-a1.aliexpress-media.com/kf/S630680679fa44b428c1dfecd531bcf06d.jpg
gas stove burner cover,3256809026442384,"B89B-Gas Stove Burner Caps,Gas Stove Burner Caps Set 5 PS,Burner Caps For SABAF Stove Top Covers Replacement F",26.58,,26,72 sold,3.9,,CN,si,https://www.aliexpress.us/item/3256809026442384.html,https://ae-pic-a1.aliexpress-media.com/kf/S3c7fb7cf9f2b45dea781129db5eabcfdE.jpg
gas stove burner cover,3256813006063161,"B51CNEW! Gas Stove Burner Caps,Gas Stove Burner Caps Set 5 PS,Burner Caps For SABAF Stove Top Covers Replaceme",25.02,,48,,,,CN,si,https://www.aliexpress.us/item/3256813006063161.html,https://ae-pic-a1.aliexpress-media.com/kf/Sddb98a293c414d838b8b4ac9cb4bff1cA.jpg
gas stove burner cover,3256813066702762,Gas Stove Burner Camping Gas Stove 3800W Folding Outdoor Folding Cassette Stove Gas Burner BBQ Cooking Grill C,79.06,,38,,,,CN,si,https://www.aliexpress.us/item/3256813066702762.html,https://ae-pic-a1.aliexpress-media.com/kf/S86db254501d6430da0bb998162e1f27cV.jpg
dog back seat extender,3256810620250423,Dog Car Backseat Cover Extender with Detachable Solid Hard Bottom Car Waterproof Cushion Pet Back Seat Pad Cat,41.05,92.1,55,357 sold,4.9,New shoppers save $51.05 | Delivery: Oct 05 - 13,CN,si,https://www.aliexpress.us/item/3256810620250423.html,https://ae-pic-a1.aliexpress-media.com/kf/S4785788fe2f94fd9855313c74c3129eam.jpg
dog back seat extender,3256809462830630,Dog Car Backseat Cover Rear Seat Anti Dirty Pet Car Dog Mat Pet Travel Waterproof Scratch Resistant Oxford Car,45.35,94.48,52,700+ sold,4.9,Delivery: Oct 05 - 13 | 4 × $11.34 with no interest,CN,si,https://www.aliexpress.us/item/3256809462830630.html,https://ae-pic-a1.aliexpress-media.com/kf/Sc936d54cbb7a4e4191f55fb9e1d280239.png
dog back seat extender,3256812058330225,"Back Seat Extender,Dog Seat Cover for Back Seat,Hard Bottom Car Seat Cover for Dogs,Dog Hammock for Car",65.21,159.04,59,,,4 × $16.3 with no interest | Extra 5% off with coins,CN,si,https://www.aliexpress.us/item/3256812058330225.html,https://ae-pic-a1.aliexpress-media.com/kf/S3a65f58c30fe43d5bb4b9c37eee25e46U.jpg
dog back seat extender,3256808960575462,"Dog carrier Back Seat Extender for Dog Waterproof Dog Car Seat Cover for Backseat, Pet Bed for Cars Hammock wi",110.76,217.17,49,2 sold,5,Lowest price in 90 days | Free shipping,CN,si,https://www.aliexpress.us/item/3256808960575462.html,https://ae-pic-a1.aliexpress-media.com/kf/Se00b8b25a1a64a9fad84b47588333c5fc.jpg
dog back seat extender,3256812914562175,"Hard‑Bottom Dog Back‑Seat Extender Hammock, Waterproof Oxford Cover w/ Mesh Window, Anti‑Scratch Non‑Slip, Hol",38.72,77.45,50,1 sold,,4 × $9.68 with no interest,CN,si,https://www.aliexpress.us/item/3256812914562175.html,https://ae-pic-a1.aliexpress-media.com/kf/Sd5d5f5ac335c4d3f87b1abf5f38b9ec0z.jpg
dog back seat extender,3256811709125038,Portable Dog Car Seat Waterproof Back Seat Extender for Dogs Protector Cushion Carrier Cover Easy Clean for Be,4.11,18.97,78,22 sold,3.4,New shoppers save $14.86 | Lowest price in 90 days,CN,si,https://www.aliexpress.us/item/3256811709125038.html,https://ae-pic-a1.aliexpress-media.com/kf/S471bc388dd484d0d93338df561d6a825U.jpg
dog back seat extender,3256812634894328,"Hard Bottom Dog Car Seat Cover for Large Dogs, Waterproof Nonslip Back Seat Extender Hammock with Side Flaps f",49.41,117.89,58,18 sold,,New shoppers save $68.48 | 4 × $12.35 with no interest,CN,si,https://www.aliexpress.us/item/3256812634894328.html,https://ae-pic-a1.aliexpress-media.com/kf/S1a8a69b3cba64dd8b43d9dcf1d3b473al.png
dog back seat extender,3256812096596227,Back Seat Extender for Dogs Hard Bottom Dog Car Seat Cover Waterproof Back Seat Hammock Pet Rear Seat Protecto,57.4,76.53,25,8 sold,,Free shipping | 4 × $14.35 with no interest,US,si,https://www.aliexpress.us/item/3256812096596227.html,https://ae-pic-a1.aliexpress-media.com/kf/Sd17b23a2ca86446b82b230847ac07734Y.jpg
dog back seat extender,3256812915657340,"Hard Bottom Dog Back Seat Extender for Car, Waterproof Pet Seat Cover with Mesh Window, Non-Slip Base and Stor",29.72,76.19,61,3 sold,,,CN,si,https://www.aliexpress.us/item/3256812915657340.html,https://ae-pic-a1.aliexpress-media.com/kf/S23aa800afb824401ba5d4ceaf887fbcdg.jpg
dog back seat extender,3256808286674067,Large Dog Back Seat Extender Waterproof Protector Universal Car Hammock Multipurpose Pet Travel Cover Anti-Scr,7.9,11.29,30,22 sold,5,,CN,si,https://www.aliexpress.us/item/3256808286674067.html,https://ae-pic-a1.aliexpress-media.com/kf/S3c2a82b5559649fc99aa572fcfcbe8ff4.jpg
dog back seat extender,3256812510882306,Dog Car Back Seat Extender Pet Backseat Covers with Hard Bottom Waterproof Safety Protector Hammock Carrier Ma,23.7,39.5,40,,,Extra 8% off with coins,CN,si,https://www.aliexpress.us/item/3256812510882306.html,https://ae-pic-a1.aliexpress-media.com/kf/Sd40558ae47c74b90b4cb156037219bfdA.jpg
dog back seat extender,3256812915527817,"Hard Bottom Dog Back Seat Extender for Car, Waterproof Pet Seat Cover with Foldable Split, Mesh Window and Sea",30.97,79.39,61,1 sold,,4 × $7.74 with no interest,CN,si,https://www.aliexpress.us/item/3256812915527817.html,https://ae-pic-a1.aliexpress-media.com/kf/S6d48cac033e24e3a9e54148baf3ad5755.jpg
dog back seat extender,3256807848056422,Dog Car Backseat Cover Extender with Detachable Solid Hard Bottom Car Waterproof Cushion Pet Back Seat Pad Cat,49.09,153.02,67,179 sold,4.5,New shoppers save $103.93 | 4 × $12.27 with no interest,CN,si,https://www.aliexpress.us/item/3256807848056422.html,https://ae-pic-a1.aliexpress-media.com/kf/S4785788fe2f94fd9855313c74c3129eam.jpg
dog back seat extender,3256807847990393,Dog Car Backseat Cover Rear Seat Anti Dirty Pet Car Dog Mat Pet Travel Waterproof Scratch Resistant Oxford Car,46.27,128.51,64,700+ sold,4.6,Top selling on AliExpress | Delivery: Oct 05 - 13,CN,si,https://www.aliexpress.us/item/3256807847990393.html,https://ae-pic-a1.aliexpress-media.com/kf/Sc936d54cbb7a4e4191f55fb9e1d280239.png
dog back seat extender,3256812953557206,"Back Seat Extender for Dogs, Heavy Duty Car Seat Cover for Dogs Pets, Waterproof Anti-Scratch Nonslip Dog Hamm",34.98,202.8,82,,,"Early bird deal, only 1 left | Delivery: Oct 03 - 09",US,si,https://www.aliexpress.us/item/3256812953557206.html,https://ae-pic-a1.aliexpress-media.com/kf/S3e6dd220b0a54193b94e6d423ae08801m.jpg
dog back seat extender,3256812807493242,"Dog Seat Cover for Back Seat, Waterproof with Mesh Window, Scratch Prevent Anti-slip Dog Bed Car Hammock, Stan",28.92,67.83,57,700+ sold,4.9,New shoppers save $38.91 | Delivery: Oct 05 - 13,CN,si,https://www.aliexpress.us/item/3256812807493242.html,https://ae-pic-a1.aliexpress-media.com/kf/Sb028e68fde9e4727a29fadd88fe44389B.jpg
dog back seat extender,3256812633835433,"Pet Car Seat Bed for Small Dogs & Cats, Plush Dog Booster Travel Bed with Built-in Tether, Adjustable Car Stra",25.03,156.45,84,1 sold,,"Early bird deal, only 1 left | Delivery: Oct 03 - 09",US,si,https://www.aliexpress.us/item/3256812633835433.html,https://ae-pic-a1.aliexpress-media.com/kf/S6d36581ba6bc4a30b8e59d0a5692202du.jpg
dog back seat extender,3256808015833227,SucceBuy Back Seat Extender Dog Car Seat Cover for Back Seat Bed with Mesh Window and Storage Pocket Supports ,42.06,154.33,72,245 sold,4.9,New shoppers save $112.27 | Lowest price in 90 days,US,si,https://www.aliexpress.us/item/3256808015833227.html,https://ae-pic-a1.aliexpress-media.com/kf/S65d86254422b4c5da1074483918f64cf9.jpg
dog back seat extender,3256812016419638,Waterproof Dog Car Seat Hammock for Medium Large Dogs Back Seat Extender Pet Carseat Universal Fit with Non-Sl,26.97,71.67,62,75 sold,5,New shoppers save $44.7 | Top selling on AliExpress,CN,si,https://www.aliexpress.us/item/3256812016419638.html,https://ae-pic-a1.aliexpress-media.com/kf/S2b087858cd7b45468e400719618534afW.jpg
dog back seat extender,3256812911109076,Waterproof Dog Car Seat Cover Seat Extender for Back Seat for Pet Travel Hammock in Cars Scratch-Proof,37.72,104.46,63,298 sold,4.9,New shoppers save $66.74 | Delivery: Oct 03 - 09,US,si,https://www.aliexpress.us/item/3256812911109076.html,https://ae-pic-a1.aliexpress-media.com/kf/S6f9fac8713de4ad7b0cfbd00b7ce38e5k.jpg
dog back seat extender,3256812506243076,Portable Dog Car Seat Pet Dog Booster Seat Puppy Travel Carrier Bed with Safety Belt Storage Pocket Removable ,38.73,152.07,74,23 sold,,New shoppers save $113.34 | Delivery: Oct 03 - 09,US,si,https://www.aliexpress.us/item/3256812506243076.html,https://ae-pic-a1.aliexpress-media.com/kf/Sf86a09d54c444f5e9dda94fe5833fa208.jpg
dog back seat extender,3256812579254375,"Dog Car Seat Booster Cushion with Memory Foam - Secure Strap Installation, Thick Padding & Storage Bag - Heavy",39.64,208.61,81,1 sold,,"Early bird deal, only 3 left | Delivery: Oct 03 - 09",US,si,https://www.aliexpress.us/item/3256812579254375.html,https://ae-pic-a1.aliexpress-media.com/kf/S0761266a5ff4456d88abe13207fce5e0p.jpg
dog back seat extender,3256812905837993,"Thickened Comfort Bed Travel Carrier Car Seat for Small Dogs,Waterproof Pet Booster Seat with Safety Leash & S",29.23,116.91,75,,,"Early bird deal, only 1 left | Delivery: Oct 03 - 09",US,si,https://www.aliexpress.us/item/3256812905837993.html,https://ae-pic-a1.aliexpress-media.com/kf/Sc39d61895bde4bfbbcfeabfb5819b296v.jpg
dog back seat extender,3256810208178539,"Pet Car Nest Bed, Full Coverage Back Seat Hammock Extender for Cars, Waterproof Scratchproof with Mesh Pocket ",21.76,60.35,63,500+ sold,4.6,"$21.54 each, ≥ 2 pieces | New shoppers save $38.59",CN,si,https://www.aliexpress.us/item/3256810208178539.html,https://ae-pic-a1.aliexpress-media.com/kf/S6864c096ab804b3b83a3ef5f445ceb3df.jpg
dog back seat extender,3256813060533766,Travel Bolster Safety Large Dog Car Seat Bed for Cat Dog Beds Pet Carrier Bag Pet Backseat Cover Pet Seat Desi,109.32,214.35,49,,,Free shipping | 4 × $27.33 with no interest,CN,si,https://www.aliexpress.us/item/3256813060533766.html,https://ae-pic-a1.aliexpress-media.com/kf/Sa2ae2c1fe34d4ea8a56e54b4a208998d1.jpg
dog back seat extender,3256812731802655,Console Dog Car Seat Non Slip Portable Center Console Dog Safety Car Seat Booster for Travel,32.13,64.26,50,,,Delivery: Oct 05 - 13 | 4 × $8.03 with no interest,CN,si,https://www.aliexpress.us/item/3256812731802655.html,https://ae-pic-a1.aliexpress-media.com/kf/Sa7c658600b2d482983b6822037905be0y.jpg
dog back seat extender,3256812842729228,"Elevated Dog Booster Car Seat Bed, Grey, 60x45x50 cm, Small Dogs up to 18 lb, Portable Travel Seat with Safety",19.98,99.92,80,2 sold,,"New shoppers save $79.94 | Early bird deal, only 3 left",US,si,https://www.aliexpress.us/item/3256812842729228.html,https://ae-pic-a1.aliexpress-media.com/kf/Sb2efc73150cd40418f80f34ec1f85d13j.jpg
dog back seat extender,3256812978307212,Back Seat Extender for Dogs Hard Bottom Dog Car Seat Cover Waterproof Back Seat Hammock Pet Rear Seat Protecto,32.65,189.25,82,,,"Early bird deal, only 1 left | Delivery: Oct 03 - 09",US,si,https://www.aliexpress.us/item/3256812978307212.html,https://ae-pic-a1.aliexpress-media.com/kf/S80cafd7855f24cc2bb98c167c077ea33i.jpg
dog back seat extender,3256812028963817,Dog Car Seat for Small Dogs Elevated Pet Dog Booster Seat with Storage Pockets Seat Belt Pet Travel Bed for Fr,67.39,134.78,50,,,4 × $16.85 with no interest | Extra 1% off with coins,CN,si,https://www.aliexpress.us/item/3256812028963817.html,https://ae-pic-a1.aliexpress-media.com/kf/Sda6192a6e84f4bd68451da389fa82643N.jpg
dog back seat extender,3256812642316174,"Large Dog Car Seat Extender with Hard Bottom, Waterproof Pet Back Seat Hammock Nonslip Full Coverage Protector",49.52,118.14,58,5 sold,,New shoppers save $68.62 | 4 × $12.38 with no interest,CN,si,https://www.aliexpress.us/item/3256812642316174.html,https://ae-pic-a1.aliexpress-media.com/kf/Sed343191de4a42d98b8662ae57bc18ebi.png
dog back seat extender,3256810124970162,"1 Dog Car Mat Non-Slip Rear Seat Extension Pet Mat Mesh Dog Bed Suitable for Suvs and Sedans, Bite-Resistant, ",14.66,40.96,64,14 sold,4,"$13.78 each, ≥ 2 pieces | New shoppers save $26.3",CN,si,https://www.aliexpress.us/item/3256810124970162.html,https://ae-pic-a1.aliexpress-media.com/kf/S00d1d67467d14447a8468d58f1af430dD.jpg
dog back seat extender,3256809506615603,"Dog Seat Cover for Back Seat, Waterproof with Mesh Window, Scratch Prevent Anti-slip Dog Bed Car Hammock, Stan",24.57,62.92,60,700+ sold,4.6,New shoppers save $38.35 | Top selling on AliExpress,CN,si,https://www.aliexpress.us/item/3256809506615603.html,https://ae-pic-a1.aliexpress-media.com/kf/Sb028e68fde9e4727a29fadd88fe44389B.jpg
dog back seat extender,3256808502260462,PU Leather Dog Back Seat Extender Waterproof Hard Bottom Universal Dog Car Seat Cover Backseat Dog Hammock for,116.24,232.47,50,3 sold,5,Customizable | Free shipping,CN,si,https://www.aliexpress.us/item/3256808502260462.html,https://ae-pic-a1.aliexpress-media.com/kf/Sc9c65bbf2d6f4fa7903567e6f8bf7be45.jpg
dog back seat extender,3256812443213021,USA Stock Waterproof Dog Car Seat Cover for Back Seat with Hard Bottom Extender Anti Scratch Safer Easy to Cle,150.1,187.63,20,2 sold,,Customizable | Free shipping,CN,si,https://www.aliexpress.us/item/3256812443213021.html,https://ae-pic-a1.aliexpress-media.com/kf/Sd8494170832743dd90c32b2fe7356ea3F.jpg
dog back seat extender,3256812783115074,Foldable Small Dog Car Booster Seat Anti Slip With Safety Belt Sturdy Frame Soft Cushion Portable Heightening ,35.43,84.23,57,1 sold,,New shoppers save $48.8 | Delivery: Oct 05 - 13,CN,si,https://www.aliexpress.us/item/3256812783115074.html,https://ae-pic-a1.aliexpress-media.com/kf/S8774e28bd98c40d8af3f31a88e62ebb8x.jpg
dog back seat extender,3256810119397841,Portable Pet Dog Car Seat Central Control Dog Carrier Non-slip Safe Car Armrest Box Booster Bed For Small Dogs,32.14,45.91,30,1 sold,,4 × $8.04 with no interest,CN,si,https://www.aliexpress.us/item/3256810119397841.html,https://ae-pic-a1.aliexpress-media.com/kf/S71571008cecb493a8bbb537c5382bbe1h.jpg
dog back seat extender,3256811510528019,Convertible Car Bed for Dogs， Extended Waterproof Seat Cover with Anti-Slip Backing， Comfortable Pet Mat for S,41.13,92.26,55,13 sold,,New shoppers save $51.13 | 4 × $10.28 with no interest,CN,si,https://www.aliexpress.us/item/3256811510528019.html,https://ae-pic-a1.aliexpress-media.com/kf/S61797df3f7cb496ea4e4ffeaae93f1f81.png
dog back seat extender,3256812661667431,Car Pet Bed Safe Travel Booster Seat For Small Dogs Cats Bright Yellow Blue Plaid Sofa Bed Washable Removable ,50.51,117.73,57,4 sold,,New shoppers save $67.22 | 4 × $12.63 with no interest,CN,si,https://www.aliexpress.us/item/3256812661667431.html,https://ae-pic-a1.aliexpress-media.com/kf/S12099e7ede064357abae4445c79de63by.jpg
dog back seat extender,3256812810233940,Portable Car Pet Bed Console Dog Car Seat Travel Safety Pet Basket Booster Pad Puppy Car Travel Essential,31.59,65.81,52,2 sold,,Delivery: Oct 05 - 13 | 4 × $7.9 with no interest,CN,si,https://www.aliexpress.us/item/3256812810233940.html,https://ae-pic-a1.aliexpress-media.com/kf/Sd8a8311171fd4c78bb5d36c1d3db0375j.jpg
dog back seat extender,3256810167630879,Car Dog Bed Puppy Car Travel Artifact Mat Front and Rear Safety Seat for Outdoor Use,15.35,30.71,50,2 sold,,,CN,si,https://www.aliexpress.us/item/3256810167630879.html,https://ae-pic-a1.aliexpress-media.com/kf/S56133e6690f0446b97e1f1f9a49079546.jpg
dog back seat extender,3256808491965126,Upgraded PU Leather Material Dog Back Seat Extender Waterproof Hard Bottom Dog Car Seat Cover Backseat Dog Ham,118.74,215.89,45,11 sold,,Customizable | Free shipping,CN,si,https://www.aliexpress.us/item/3256808491965126.html,https://ae-pic-a1.aliexpress-media.com/kf/S0c02fe7dcef2407bbdc2600a2800110fX.jpg
dog back seat extender,3256812103061752,"Small Dog & Cat Booster Car Seat, Metal Frame Leather Pet Car Seat with Safety Belt, Detachable Washable Puppy",30.8,78.29,60,28 sold,5,New shoppers save $47.49 | Delivery: Oct 05 - 13,CN,si,https://www.aliexpress.us/item/3256812103061752.html,https://ae-pic-a1.aliexpress-media.com/kf/Sa2cc2094908d4c11b179a304f923f7a7V.jpg
dog back seat extender,3256811653396044,Dog Truck Seat Cover for Back Seat Hard Bottom Dog Hammock Pet Bed Extender for 2-4 Large Dogs Waterproof Seat,125.94,228.99,45,13 sold,,Free shipping | 4 × $31.49 with no interest,CN,si,https://www.aliexpress.us/item/3256811653396044.html,https://ae-pic-a1.aliexpress-media.com/kf/Se83454288efe423386747382ea9c6b8cy.jpg
dog back seat extender,3256807259076923,Dog Car Seat Dog Booster Car Seat Cat Carrier Bag Cat Bed for Small Dogs Cats Pet Car Seat with Pad and Straps,14.16,20.16,29,44 sold,4.4,New shoppers save $6 | Lowest price in 90 days,CN,si,https://www.aliexpress.us/item/3256807259076923.html,https://ae-pic-a1.aliexpress-media.com/kf/S76061e15e63748e6bff8239546d8e850V.jpg
dog back seat extender,3256812669446200,Back Seat Extends AC Vent Extender For Car Up To 9.84ft Universal Heat-Resistant Back Seat AC Tube For Kids Pe,29.18,71.21,59,26 sold,5,New shoppers save $42.03 | Delivery: Oct 05 - 13,CN,si,https://www.aliexpress.us/item/3256812669446200.html,https://ae-pic-a1.aliexpress-media.com/kf/S7addbcb0e206408e97e6b545e062f5daY.jpg
dog back seat extender,3256811909654045,Luxury Waterproof Faux Leather Dog Car Seat Pet Booster Car Seat for Small Dogs Cats Soft Travel Cat Bed with ,83.36,178.72,53,10 sold,5,New shoppers save $95.36 | 4 × $20.84 with no interest,CN,si,https://www.aliexpress.us/item/3256811909654045.html,https://ae-pic-a1.aliexpress-media.com/kf/S5746ee72fa404902a78801bddc285314U.jpg
dog back seat extender,3256807144342430,Pet Carriers Dog Car Seat Cover Carrying for Dogs Cats Mat Blanket Rear Back Hammock Protector transportin per,29.18,53.06,45,34 sold,4.6,Free shipping,CN,si,https://www.aliexpress.us/item/3256807144342430.html,https://ae-pic-a1.aliexpress-media.com/kf/Sde516abb40424f75a4ec27c13308e60cD.jpg
dog back seat extender,3256810391747175,"Height Increasing Car Seat for Small Dogs, Center Console Booster Seat, Fully Detachable Washable Portable Tra",26.78,68.28,60,29 sold,5,"$22.23 each, ≥ 2 pieces | New shoppers save $41.5",CN,si,https://www.aliexpress.us/item/3256810391747175.html,https://ae-pic-a1.aliexpress-media.com/kf/Sdd8ae2f8f71f46b2963012d5fa21c03dU.jpg
dog back seat extender,3256812075523382,1 PC Ice Cooling Dog Car Booster Seat Pet Travel Bed Waterproof Scratch-Proof Puppy Cat Safety Carrier with Te,33.28,80.17,58,13 sold,4.3,New shoppers save $46.89 | Delivery: Oct 05 - 13,CN,si,https://www.aliexpress.us/item/3256812075523382.html,https://ae-pic-a1.aliexpress-media.com/kf/S21bd0d091785459d831dca6bdb67f5ffj.jpg
dog back seat extender,3256812013464457,Removable Washable Dog Car Seat Bed Waterproof Pet Travel Carrier Bag Universal Pet Booster Seat for Small Med,124.05,243.23,49,1 sold,,4 × $31.01 with no interest,CN,si,https://www.aliexpress.us/item/3256812013464457.html,https://ae-pic-a1.aliexpress-media.com/kf/Saa6f5cd558b74a9a9f019fa00b3a5168D.jpg
dog back seat extender,3256812848546510,Blue‑Stripe Dog Car Seat Bed Pet Car Booster Seat With Safety Belt Washable Anti‑Collision Travel Sofa For Dog,35.36,85.87,58,11 sold,,New shoppers save $50.51 | Delivery: Oct 05 - 13,CN,si,https://www.aliexpress.us/item/3256812848546510.html,https://ae-pic-a1.aliexpress-media.com/kf/S89f47bd1735c42adb5a25801e34eba5e4.jpg
dog back seat extender,3256812307927414,For SUV Car Seat for Dogs Large Waterproof Carseat for Dogs Easy Clean Booster Cushion Carrier Cover for Bed S,3.03,16.39,81,38 sold,3.8,New shoppers save $13.36 | Delivery: Oct 05 - 13,CN,si,https://www.aliexpress.us/item/3256812307927414.html,https://ae-pic-a1.aliexpress-media.com/kf/Sc8878defe79549baa64a4553cc601255Y.jpg
dog back seat extender,3256811468423622,"Pet Car Bed for Dogs Cats - Travel Vehicle Accessory, Portable Pet Seat for Car Ride",24.37,66.01,63,14 sold,5,"$24.13 each, ≥ 2 pieces | New shoppers save $41.64",CN,si,https://www.aliexpress.us/item/3256811468423622.html,https://ae-pic-a1.aliexpress-media.com/kf/Sbf3eab6ce67e4f4888ea3013492bf2cfN.jpg
dog back seat extender,3256807990096058,Portable Dogs Cats Car Seat Cat Dog Bed Central Control Handbag Travel Pets Safety Seat Pet Car Booster Seat K,24.09,48.18,50,23 sold,5,Lowest price in 90 days,CN,si,https://www.aliexpress.us/item/3256807990096058.html,https://ae-pic-a1.aliexpress-media.com/kf/S2d8309207db64934b5a9a135ce5e7b446.jpg
dog back seat extender,3256812009156456,Luxury Faux Leather Pet Car Booster Seat Elevated Travel Safety Bed For Small Dogs Cats,114.75,239.07,52,3 sold,5,Customizable | 4 × $28.69 with no interest,CN,si,https://www.aliexpress.us/item/3256812009156456.html,https://ae-pic-a1.aliexpress-media.com/kf/Sbb8f54a17a2745949addb4752b283cf3u.jpg
dog back seat extender,3256812586897517,"Dog Car Seat for Small Medium Dogs, Portable Pet Booster Seat with Soft Plush Interior, Storage Pocket & Safet",29.72,156.45,81,2 sold,,"Early bird deal, only 3 left | Delivery: Oct 03 - 09",US,si,https://www.aliexpress.us/item/3256812586897517.html,https://ae-pic-a1.aliexpress-media.com/kf/S36c0d0763a2b43f684e8afe6749f54ecn.png
dog back seat extender,3256808553913229,Pet Dog Portable Car Seat Central Control Nonslip Dog Carriers Safe Car Armrest Box Booster Kennel Bed for Sma,55.35,73.8,25,30 sold,4.3,Lowest price in 90 days | Free shipping,CN,si,https://www.aliexpress.us/item/3256808553913229.html,https://ae-pic-a1.aliexpress-media.com/kf/S8dc20874afd5455a9730579df78cfe5eN.jpg
dog back seat extender,3256811949809742,Upgraded Lightweight Extendable Adjustable Four Wheel Dog and Cat Wheelchair for Hind Limb Rear Leg Support Pe,141.77,,,9 sold,5,Free shipping | 4 × $35.44 with no interest,CN,si,https://www.aliexpress.us/item/3256811949809742.html,https://ae-pic-a1.aliexpress-media.com/kf/S462e7e2b2e184ccba63d25a111cc2a11q.jpg
dog back seat extender,3256804449648728,Dog Car Seat Puppy Booster Seat Fits Small Dogs Removable Cushion Safety Hook Installs on Armrest Console Brea,22.71,56.77,60,12 sold,4.3,Extra 2% off with coins,CN,si,https://www.aliexpress.us/item/3256804449648728.html,https://ae-pic-a1.aliexpress-media.com/kf/Sb478d7a031494cd2be603e34587f8674k.jpg
dog back seat extender,3256812577012261,Breathable Elevated Dog Booster Car Seat With Adjustable Safety Strap Portable Travel Pet Car Carrier Bed Secu,13.21,73.36,82,3 sold,,"Early bird deal, only 4 left | Delivery: Oct 03 - 09",US,si,https://www.aliexpress.us/item/3256812577012261.html,https://ae-pic-a1.aliexpress-media.com/kf/Sa8f1dce4dc714cbb8de10bbb823825dd4.jpg
ice cube water bottle,3256812065686372,"Ice Cube Bottle with Straw, Dual-Function Contactless Rotating Ice Cube Making Bottle, Easy-to-Open Water Bott",2.81,16.28,82,4 sold,4,New shoppers save $13.47 | Delivery: Oct 05 - 13,CN,si,https://www.aliexpress.us/item/3256812065686372.html,https://ae-pic-a1.aliexpress-media.com/kf/Sf48287ffec10446ebdc17ca07d4d815aO.png
ice cube water bottle,3256811897666030,3-in-1 Ice Making Cup Multifunctional Ice Mold Water Bottle Portable Ice Storage Container and Outdoor Daily D,5.16,10.16,49,3 sold,,New shoppers save $5,CN,si,https://www.aliexpress.us/item/3256811897666030.html,https://ae-pic-a1.aliexpress-media.com/kf/S2c7d4e1e128c4b2f84bece39e57fdbaeJ.jpg
ice cube water bottle,3256811870044242,New Press-type Water Bottle Ice Cube Tray Anti-leakage Water Injection Ice Tray Mold with Handle Easily Remove,1.65,13.31,87,1 sold,5,New shoppers save $11.66 | Delivery: Oct 05 - 13,CN,si,https://www.aliexpress.us/item/3256811870044242.html,https://ae-pic-a1.aliexpress-media.com/kf/Sb8e6f8c93de54cf08e30f67c7e96f8dcj.jpg
ice cube water bottle,3256808653556577,"Ice Trays for Freezer with Lid & Bin, Ice Cube Tray Making 68 pcs Ice Cubes, Easy Press to Release Ice",4.79,10.38,53,"4,000+ sold",4,Delivery: Oct 05 - 13,CN,si,https://www.aliexpress.us/item/3256808653556577.html,https://ae-pic-a1.aliexpress-media.com/kf/S90c8bb0cf7a148288b18fb02013f262ad.jpg
ice cube water bottle,3256811642206835,500/800ml 2026 New 2 in 1 Ice Cube Tray Water Bottle Press Type Ice Maker Mold Portable High Appearance Design,1.09,7.29,85,2 sold,,New shoppers save $6.2 | Delivery: Oct 05 - 13,CN,si,https://www.aliexpress.us/item/3256811642206835.html,https://ae-pic-a1.aliexpress-media.com/kf/Sff32c209dcd64939b65dddedb965e9f6E.jpg
ice cube water bottle,3256811988063359,500ML Large Capacity Ice Cube Maker Water Bottle Silicone Tray with Straw for Juice Beverage Cooling Ice Makin,1.48,13.22,88,51 sold,2.4,"$1.33 each, ≥ 5 pieces | New shoppers save $11.74",CN,si,https://www.aliexpress.us/item/3256811988063359.html,https://ae-pic-a1.aliexpress-media.com/kf/S9a675e1f64c34d20b1670238521b3da4Y.jpg
ice cube water bottle,3256812709745604,"Household Ice Ball Maker,2 In 1 Ice Cubes Tray Water Bottle Easy To Fill Release,Portable Drinking Bottle For ",6.65,25.3,73,1 sold,,New shoppers save $18.65 | Delivery: Oct 05 - 13,CN,si,https://www.aliexpress.us/item/3256812709745604.html,https://ae-pic-a1.aliexpress-media.com/kf/Se48ac17345db48dd88df83b11909422cW.jpg
ice cube water bottle,3256812659918097,"Silicone Freezer Molds, Silicone Food Freezer Tray | Freezer Cubes Trays,Perfect for storage Garlic,Soup, Ice ",1.09,4.17,73,6 sold,,New shoppers save $3.08,CN,si,https://www.aliexpress.us/item/3256812659918097.html,https://ae-pic-a1.aliexpress-media.com/kf/Se262054e863d4f79984d92d59bc455f9p.jpg
ice cube water bottle,3256812970927950,Portable 2in1 Folding Ice Maker Water Bottle with Creative Ice Cube Mold Ice Hockey Lattice Kitchen Bar Gadget,9.05,22.62,60,4 sold,,"Early bird deal, only 1 left | Delivery: Oct 05 - 13",CN,si,https://www.aliexpress.us/item/3256812970927950.html,https://ae-pic-a1.aliexpress-media.com/kf/S3d09eeee7f554d7a9436275820d8d338f.jpg
ice cube water bottle,3256811699802857,2 in 1 Touch-Free Ice Cube Making Bottle with Lid Straw and Bin Easy Ice Release Perfect for Coffee Juice and ,5.68,21.79,73,16 sold,5,New shoppers save $16.11 | Lowest price in 90 days,CN,si,https://www.aliexpress.us/item/3256811699802857.html,https://ae-pic-a1.aliexpress-media.com/kf/Sd5f75e748ec74b22a1d9f4e6fc4ad09fP.jpg
ice cube water bottle,3256812251880201,2 in 1 Ice Cube Tray Portable Puck Making Water Bottle with Flat Lid 12 Grid Circular Mold Cooling Popsicle Cu,5.35,21.57,75,4 sold,1,New shoppers save $16.22 | Lowest price in 90 days,CN,si,https://www.aliexpress.us/item/3256812251880201.html,https://ae-pic-a1.aliexpress-media.com/kf/S2510703bedcb472d9980cc7898e89e07G.jpg
ice cube water bottle,3256811990897883,Silicone Ice Cube Mold Round Ice Bucket Summer Homemade DIY Refrigerator Freeze Ice Maker Creative Ice Cube Mo,14.17,44.53,68,"10,000+ sold",4.9,New shoppers save $30.36 | Free shipping,US,si,https://www.aliexpress.us/item/3256811990897883.html,https://ae-pic-a1.aliexpress-media.com/kf/S22789fc15b63403ea006bf01ecc33458p.jpg
ice cube water bottle,3256812320150474,Large Capacity Ice Cube Maker Water Bottle Silicone Tray with Straw for Juice Beverage Cooling Ice Making Mold,1.81,16.62,89,4 sold,,New shoppers save $14.81 | Delivery: Oct 05 - 13,CN,si,https://www.aliexpress.us/item/3256812320150474.html,https://ae-pic-a1.aliexpress-media.com/kf/Se3acac9b80c64cbcb6d134a2f2dd2afdv.jpg
ice cube water bottle,3256807682037423,MAP BROTHER S005 250ml 420ml 500ml Soft Flask Folding Water Bottle TPU Can Hold Ice Cubes Running Hydration Pa,2.08,16.15,87,68 sold,4.5,"$1.98 each, ≥ 2 pieces | New shoppers save $14.07",CN,si,https://www.aliexpress.us/item/3256807682037423.html,https://ae-pic-a1.aliexpress-media.com/kf/S47d054c432874236bfcfdd80da942577Q.jpg
ice cube water bottle,3256812282745255,2-in-1 Portable Folding Ice Maker Water Bottle with Creative Ice Cube Mold Ice Hockey Lattice - Kitchen Bar Ga,31.26,69.46,55,136 sold,3.9,Delivery: Oct 05 - 13 | 4 × $7.82 with no interest,CN,si,https://www.aliexpress.us/item/3256812282745255.html,https://ae-pic-a1.aliexpress-media.com/kf/S6cf52656eece45359d3afc7552e682aea.jpg
ice cube water bottle,3256808747036087,Large-capacity Ice Trays Silicone Mold Reusable Honeycomb Ice Cube Maker Food Grade Ice Maker with Lids Popsic,1.23,7.23,83,900+ sold,4.7,New shoppers save $6 | Lowest price in 90 days,CN,si,https://www.aliexpress.us/item/3256808747036087.html,https://ae-pic-a1.aliexpress-media.com/kf/S0d4967f343d54f87b6865b970f751bffI.jpg
ice cube water bottle,3256812180196524,500ML Large Capacity Ice Cube Maker Water Bottle Silicone Tray with Straw for Juice Beverage Cooling Ice Makin,1.46,12.92,88,32 sold,3.3,New shoppers save $11.46 | Lowest price in 90 days,CN,si,https://www.aliexpress.us/item/3256812180196524.html,https://ae-pic-a1.aliexpress-media.com/kf/Sa8e90f97f0b148b1b1439a1a69f662eaa.jpg
ice cube water bottle,3256812545648900,2 in 1 Ice Cube Tray Water Bottle with Straw  Press Type Ice Maker  Food Grade Silicone  Portable for Summer D,4.33,19.05,77,6 sold,,New shoppers save $14.72 | Delivery: Oct 05 - 13,CN,si,https://www.aliexpress.us/item/3256812545648900.html,https://ae-pic-a1.aliexpress-media.com/kf/S6adfe558ddde4e259210ecb4ea72e129W.jpg
ice cube water bottle,3256808692821958,Water Bottle with Ice Mold Ice Grid Curling Two-in-one Portable Ice Cube Mold,5,20,75,32 sold,3.3,New shoppers save $15 | Delivery: Oct 05 - 13,CN,si,https://www.aliexpress.us/item/3256808692821958.html,https://ae-pic-a1.aliexpress-media.com/kf/Sbf0575e68026402cb7705f40415f6fd0Q.jpg
ice cube water bottle,3256812961102133,2PCS 15 Grid Silicone Ice Cube Tray with Lid Food Grade BPA Free Stackable Easy Release for Whiskey Cocktail,19.43,27.76,30,1 sold,,,CN,si,https://www.aliexpress.us/item/3256812961102133.html,https://ae-pic-a1.aliexpress-media.com/kf/S1681d251709e454180345a80a8be5b629.png
ice cube water bottle,3256812584700596,Portable Ice Cube Tray 2-in-1 Circular Ice Cube Mold Puck Making Water Bottle 12 Grid Flat Lid Cooling Popsicl,6.87,24.72,72,26 sold,5,New shoppers save $17.85 | Delivery: Oct 05 - 13,CN,si,https://www.aliexpress.us/item/3256812584700596.html,https://ae-pic-a1.aliexpress-media.com/kf/S94f4aba2bb324a89a1eaa6e5bec8e4e9g.jpg
ice cube water bottle,3256808802746719,Ice Cube Tray 2-In-1 Portable Puck Making Water Bottle 17-Grid Silicone Ice Mold Folding Ice Cube Maker Home K,6.56,26.16,74,39 sold,3.8,"$6.23 each, ≥ 2 pieces | New shoppers save $19.6",CN,si,https://www.aliexpress.us/item/3256808802746719.html,https://ae-pic-a1.aliexpress-media.com/kf/S60531ba33ec843bc89d5061355400199l.jpg
ice cube water bottle,3256809169659240,Portable Ice Cube Tray 2-in-1 Circular Ice Cube Mold Puck Making Water Bottle 12 Grid Flat Lid Cooling Popsicl,5.03,20.46,75,120 sold,3.9,New shoppers save $15.43 | Delivery: Oct 05 - 13,CN,si,https://www.aliexpress.us/item/3256809169659240.html,https://ae-pic-a1.aliexpress-media.com/kf/S6a08286aa7214f3a9e9806f7314d036b4.jpg
ice cube water bottle,3256812535669795,720ML Stainless Steel Thermos Cup with Straw & Handle Ice Coffee Drink Vacuum Insulated Cup Car Travel Outdoor,14.08,40.59,65,700+ sold,4.8,New shoppers save $26.51 | Top selling on AliExpress,CN,si,https://www.aliexpress.us/item/3256812535669795.html,https://ae-pic-a1.aliexpress-media.com/kf/S4a8755f281f74e2ab343622667790320N.jpg
ice cube water bottle,3256808670411192,New Folding Ice Maker Water Bottle Ice Making Mold Food Grade Soft Silicone Ice Maker 2 In 1 Kettle Ice Box Ic,11.4,22.81,50,178 sold,3.7,"$10.83 each, ≥ 2 pieces | Delivery: Oct 05 - 13",CN,si,https://www.aliexpress.us/item/3256808670411192.html,https://ae-pic-a1.aliexpress-media.com/kf/Scd5a0f72c3d04d1686b7c81bf1cffb85s.jpg
ice cube water bottle,3256808706873621,Large Capacity Ice Cube Maker Water Bottle Silicone Tray with Straw for Juice Beverage Cooling Stackable Desig,4.69,20.19,76,123 sold,4,"$4.45 each, ≥ 2 pieces | New shoppers save $15.5",CN,si,https://www.aliexpress.us/item/3256808706873621.html,https://ae-pic-a1.aliexpress-media.com/kf/S2263f19c5e0d4c3ab6f49ed1e119bb1ct.jpg
ice cube water bottle,3256812392488770,2 in 1 Ice Cube Tray Water Bottle Portable Ice Maker Mold Press Water Fill Ice Bucket Box for Summer Drinks,4.52,19.42,76,7 sold,3.5,New shoppers save $14.9 | Delivery: Oct 05 - 13,CN,si,https://www.aliexpress.us/item/3256812392488770.html,https://ae-pic-a1.aliexpress-media.com/kf/Seecba6e246574b1790c7bca03a15f1ca9.jpg
ice cube water bottle,3256811637661548,Highland Cow Ice Cube Mold  Highland Cow Silicone Tray Cute 3D Ice for WhiskeyCocktails Beer & Drinks Reusable,,,,"1,000+ sold",4.7,,,,https://www.aliexpress.us/item/3256811637661548.html,https://ae-pic-a1.aliexpress-media.com/kf/S12e7f73c19bf480685b5d92600617680s.jpg
ice cube water bottle,3256811980916227,600ml Creative Cup Food Grade Silicone Ice Cube Tray Mold Water Bottle Portable Cup Straw Water Cup Cooling an,26.05,55.43,53,,,Delivery: Oct 05 - 13 | Extra 1% off with coins,CN,si,https://www.aliexpress.us/item/3256811980916227.html,https://ae-pic-a1.aliexpress-media.com/kf/S166df8d9c33d4928898f2be7de034fd91.jpg
ice cube water bottle,3256811653547199,Press-type Water Bottle Ice Cube Tray Water Injection Anti-leakage Ice Tray Mold with Handle Easily Remove Ice,4.42,9.42,53,1 sold,,New shoppers save $5,CN,si,https://www.aliexpress.us/item/3256811653547199.html,https://ae-pic-a1.aliexpress-media.com/kf/Scd708edeeb43414a8a17e5fdc5870ef0W.jpg
ice cube water bottle,3256811609760568,Portable 2 in1 Folding Ice Cube Maker Water Bottle Creative Ice Mould Tray Ice Hockey Lattice Kitchen Bar Gadg,9.92,14.92,33,9 sold,4,New shoppers save $5 | Lowest price in 90 days,CN,si,https://www.aliexpress.us/item/3256811609760568.html,https://ae-pic-a1.aliexpress-media.com/kf/S17a61a505ede42c492d7066ca8c89c55s.jpg
ice cube water bottle,2251832622248661,24 Grid Ice Cube Mold Silicone Ice Cube Tray Square Ice Tray Mould Easy Release Silicone Ice Cube Forms Bar Ki,4.56,7.02,35,85 sold,4.7,Extra 2% off with coins,CN,si,https://www.aliexpress.us/item/2251832622248661.html,https://ae-pic-a1.aliexpress-media.com/kf/S8a138f4dbce249c6b75a97d16b9fc4739.jpg
ice cube water bottle,3256808706559097,12-Grid 500/800ml Silicone Food-Grade Ice Cube Tray Large Capacity Water Bottle Combo with Lid Flexible Transp,2.71,15.73,82,115 sold,4.5,"$2.44 each, ≥ 5 pieces | New shoppers save $13.02",CN,si,https://www.aliexpress.us/item/3256808706559097.html,https://ae-pic-a1.aliexpress-media.com/kf/S3781176886354a24bbd6525ce044059cm.jpg
ice cube water bottle,3256812538463686,1Pcs Large Capacity Ice Cube Maker Water Bottle Silicone Tray 500/800ML With Straw For Juice Cooling Stackable,2.13,14.26,85,6 sold,5,New shoppers save $12.13 | Delivery: Oct 05 - 13,CN,si,https://www.aliexpress.us/item/3256812538463686.html,https://ae-pic-a1.aliexpress-media.com/kf/S52f7a31a714249ac86ee37865b3cab14X.jpg
ice cube water bottle,3256808706670192,2-in-1 Ice Cube Tray Water Bottle with Press-to-Release Silicone Tray & Built in Bin Freezer-Safe Reusable Pla,4.64,20.08,76,12 sold,2.5,"$4.41 each, ≥ 2 pieces | New shoppers save $15.44",CN,si,https://www.aliexpress.us/item/3256808706670192.html,https://ae-pic-a1.aliexpress-media.com/kf/S9be56cdd66344ffb85e569393b8aae6ed.jpg
ice cube water bottle,3256811862599678,1L Water Bottle Portable Sport Water Bottle Pretty Drink Bottle Leakproof Gym Water Bottle for Outdoor Travel ,1.09,11.51,90,600+ sold,4.7,"$1.03 each, ≥ 2 pieces | New shoppers save $10.42",CN,si,https://www.aliexpress.us/item/3256811862599678.html,https://ae-pic-a1.aliexpress-media.com/kf/S1f3649829f974c41b1494915f4e274afr.png
ice cube water bottle,3256808517873098,Ice Machine Bottle With Ice Shape Lid No Spill Ice Tray For Freezer Ice Cream Buckets Kitchen Accessories Ice ,6.33,12.33,48,116 sold,5,New shoppers save $6,CN,si,https://www.aliexpress.us/item/3256808517873098.html,https://ae-pic-a1.aliexpress-media.com/kf/Sfeabbad6519d4a74b8019a6d0bd8f4acE.jpg
ice cube water bottle,3256807396357286,Dry Ice Bucket Dry Ice Storage Bucket Thermal Water Bottle Ice Storage Container for Catering Events Home Buff,30.68,78.05,60,81 sold,4.8,New shoppers save $47.37 | Lowest price in 90 days,CN,si,https://www.aliexpress.us/item/3256807396357286.html,https://ae-pic-a1.aliexpress-media.com/kf/Secd61e8816f24fe1a10bd5e313f9c77cP.jpg
ice cube water bottle,3256812300584203,1-3Pcs Summer Long Ice Cube Mold Silicone Water Bottle Ice Strips Maker Chocolate Pudding Mould Bar Kitchen Ga,1.09,6.68,83,2 sold,,"$1.04 each, ≥ 2 pieces | New shoppers save $5.59",CN,si,https://www.aliexpress.us/item/3256812300584203.html,https://ae-pic-a1.aliexpress-media.com/kf/S69293358b6bd4b43802e5976829a2c42K.jpg
ice cube water bottle,3256810349591655,Silicone Ice Cube Mold Round Bucket Summer Homemade DIY Refrigerator Freeze Maker Creative Cube Mold Barware T,2.98,7.98,62,9 sold,5,New shoppers save $5,CN,si,https://www.aliexpress.us/item/3256810349591655.html,https://ae-pic-a1.aliexpress-media.com/kf/S33a04570ca5d405a826effb340799f8cp.jpg
ice cube water bottle,3256811947716186,Food-Grade Silicone Foldable Ice Ball Cup 2 in 1 Ice Mold and Water Bottle BPA-Free Portable Travel Tumbler fo,1.09,11.17,90,2 sold,,New shoppers save $10.08 | Delivery: Oct 05 - 13,CN,si,https://www.aliexpress.us/item/3256811947716186.html,https://ae-pic-a1.aliexpress-media.com/kf/S838c898d0ff44ffdae20fab94884f102a.jpg
ice cube water bottle,3256809353963826,Ice Ball Making Tray Bottle 2-in-1 Portable Puck Making Water Bottle Folding Cube Molds With 17 Grid For House,7.94,26.96,70,34 sold,4.7,"$7.15 each, ≥ 5 pieces | New shoppers save $19.02",CN,si,https://www.aliexpress.us/item/3256809353963826.html,https://ae-pic-a1.aliexpress-media.com/kf/S1d84d6dc723340eb86cd3f6695f0ff2cJ.jpg
ice cube water bottle,3256812456429102,4/6/9 Cavity Silicone Long Ice Cube Tray With Lid Water Bottle Ice Stick Maker Stackable Baking Mold Oven Safe,5.61,22.1,74,23 sold,5,New shoppers save $16.49 | Delivery: Oct 05 - 13,CN,si,https://www.aliexpress.us/item/3256812456429102.html,https://ae-pic-a1.aliexpress-media.com/kf/Scadcf75142f94537a9c926f66a7d5c22n.jpg
ice cube water bottle,3256811955803336,Tyeso Large-Capacity Thermoses Handle Vacuum Cup Dual-Drink Coffee Mug Stainless Steel Ice Cup Car Bottle Hot ,11.81,15.34,23,98 sold,5,Extra 2% off with coins,CN,si,https://www.aliexpress.us/item/3256811955803336.html,https://ae-pic-a1.aliexpress-media.com/kf/S96357d9195044c79bac29f207992eef2w.jpg
ice cube water bottle,3256812799275109,Portable Silicone Ice Ball Maker Kettle Creative Ice Cube Mold Kitchen Bar Gadgets Ice Hockey Lattice Making T,5.04,20.92,75,15 sold,5,New shoppers save $15.88 | Delivery: Oct 05 - 13,CN,si,https://www.aliexpress.us/item/3256812799275109.html,https://ae-pic-a1.aliexpress-media.com/kf/Sd5e05901127a40938c89762febdc43b61.jpg
ice cube water bottle,3256812302706354,2 in 1 Ice Ball Maker Cup Foldable Leakproof Water Bottle With Straw Lid Silicone Ice Mold Portable Whiskey Ju,4.35,8.87,51,18 sold,4,Delivery: Oct 05 - 13 | Extra 1% off with coins,CN,si,https://www.aliexpress.us/item/3256812302706354.html,https://ae-pic-a1.aliexpress-media.com/kf/Sefb9655aad894b84b42b18cae5970105v.jpg
ice cube water bottle,3256812713701670,304 Stainless Steel Sports Insulated Bottle Large Capacity Built-in Straw Insulated Water Bottle Car-Mounted I,21.55,26.55,18,33 sold,5,New shoppers save $5,CN,si,https://www.aliexpress.us/item/3256812713701670.html,https://ae-pic-a1.aliexpress-media.com/kf/Sc591c053fd744020869c223bf00e1632U.jpg
ice cube water bottle,3256808840093573,Ice Cube Tray Mold with Lid Silicone Square 14 Cube Easy Release Ice Cube Molds Summer Kitchen Bar DIY Iced Co,1.09,5.39,79,29 sold,5,New shoppers save $4.3 | Extra 5% off with coins,CN,si,https://www.aliexpress.us/item/3256808840093573.html,https://ae-pic-a1.aliexpress-media.com/kf/Sb90b5c7a87f04408ac5fe6f6157eafd9F.jpg
ice cube water bottle,3256812426100415,"Portable Milk Storage Bottle Large Capacity Cold Water Bottle Juice Dispenser For Home, Restaurant, Iced Coffe",1.09,8.96,87,15 sold,4.8,New shoppers save $7.87 | Delivery: Oct 05 - 13,CN,si,https://www.aliexpress.us/item/3256812426100415.html,https://ae-pic-a1.aliexpress-media.com/kf/S2cc06f01fe7d4afd9b40cad6c92b0b62h.jpg
ice cube water bottle,3256808530874594,12 Grids Pressing Water Bottle Ice Cube Tray Block Mold 500ML with Straw Ice Cube Making Mold Kitchen Bar Acce,9.24,,,,,,CN,si,https://www.aliexpress.us/item/3256808530874594.html,https://ae-pic-a1.aliexpress-media.com/kf/S0644e1cb5d0843dfba99e9f24f832b34v.jpg
ice cube water bottle,3256812911423047,304 Stainless Steel Sports Insulated Bottle Large Capacity Built-in Straw Insulated Water Bottle Car-Mounted I,11.86,36.66,67,2 sold,,"New shoppers save $24.8 | Early bird deal, only 13 left",CN,si,https://www.aliexpress.us/item/3256812911423047.html,https://ae-pic-a1.aliexpress-media.com/kf/S17dab0abd30a40ef91b3d627c8603e7er.jpg
ice cube water bottle,3256812462454586,4/6/8 Grid Ice Ball Mold 3D Big Round Sphere Silicone Ice Cube Tray High Balls Shape Ice Cube Mold For Whiskey,2.92,7.92,63,17 sold,4,New shoppers save $5 | Extra 2% off with coins,CN,si,https://www.aliexpress.us/item/3256812462454586.html,https://ae-pic-a1.aliexpress-media.com/kf/Sfbcf80cb15524b6cb2de0f369be80fece.jpg
ice cube water bottle,3256812093969329,Folding Ice Maker Water Bottle Portable 2 in 1 Ice Cube Mold Tray for Kitchen Bar Drinks Outdoor Travel Ice Ma,12.99,17.99,27,3 sold,,New shoppers save $5 | Extra 2% off with coins,CN,si,https://www.aliexpress.us/item/3256812093969329.html,https://ae-pic-a1.aliexpress-media.com/kf/S21a555d86bd7485888e5f755858a4bc3z.jpg
ice cube water bottle,3256812592813079,2 In 1 Foldable Hockey Ice Mold Kettle Household Portable Fill Release Rapid Ice Making Tray Water Bottle For ,11.76,23.53,50,,,Delivery: Oct 05 - 13 | Extra 1% off with coins,CN,si,https://www.aliexpress.us/item/3256812592813079.html,https://ae-pic-a1.aliexpress-media.com/kf/S440288f8e6df42c9ad240c58ea9e6ad0H.jpg
ice cube water bottle,3256808934191160,My Crush Cup Ice 2-In-1 Cool Summer Ice Bottle Cup with Straw Touch Free Ice Cube Trays with Lid for Freezer M,2.83,15.66,81,75 sold,3.6,New shoppers save $12.83 | Delivery: Oct 05 - 13,CN,si,https://www.aliexpress.us/item/3256808934191160.html,https://ae-pic-a1.aliexpress-media.com/kf/Sd1c6aef654a84a7d8faf7fbdb385abf05.jpg
ice cube water bottle,3256808659919252,"4 in 1 Insulated Can Cooler Universal for 12 Oz Cans, Slim Cans, and Bottles, Double Wall Insulated Cool Summe",8.71,14.71,40,16 sold,5,New shoppers save $6 | Lowest price in 60 days,CN,si,https://www.aliexpress.us/item/3256808659919252.html,https://ae-pic-a1.aliexpress-media.com/kf/Sb1ec188634ae4ac09a6bc214a2efb5e3a.jpg
ice cube water bottle,3256808517361064,Summer Ice Cube Tray With Straw 2 in1 Ice Tray And Water Bottle For Ice Maker Silicone Ice Cube Portable Kettl,1.09,3.89,71,21 sold,5,New shoppers save $2.8,CN,si,https://www.aliexpress.us/item/3256808517361064.html,https://ae-pic-a1.aliexpress-media.com/kf/S37bd9d00f3034dbcba3c45b2db6ec3ac6.jpg
ice cube water bottle,3256812247688939,Portable Ice Cube Tray 2 in 1 Circular Ice Cube Mold Puck Making Water Bottle 12 Grid Flat Lid Cooling Popsicl,5.23,21.76,75,1 sold,,New shoppers save $16.53 | Delivery: Oct 05 - 13,CN,si,https://www.aliexpress.us/item/3256812247688939.html,https://ae-pic-a1.aliexpress-media.com/kf/S22f6e9fe3c6a4d4d8fd961272cc4b2a5T.jpg
ice cube water bottle,3256812738097950,2 in 1 Ice Ball Maker Silicone Cup Ice Cube Mold Portable Ice Hockey Water Bottle Ice Tray Storage Box Househo,5.26,21.05,75,33 sold,,Extra 5% off with coins,CN,si,https://www.aliexpress.us/item/3256812738097950.html,https://ae-pic-a1.aliexpress-media.com/kf/Se48ae29a053a48db9c53ab8cbf24b415N.jpg
ice cube water bottle,3256807143492462,Silicone Large Ice Molds 2 Inch Big Ice Cube Trays with Removable Lid BPA-Free Easy Release and Stackable Flex,,,,700+ sold,4.7,,,,https://www.aliexpress.us/item/3256807143492462.html,https://ae-pic-a1.aliexpress-media.com/kf/S16c29935b666462e8b247a93e8518a57Y.jpg
leather repair patch,3256811990365840,Easy Fix Waterproof Wear-Resistant Self-Adhesive Leather Repair Patch for Sofas Furniture Bags & Shoes-Durable,8.65,27.31,68,435 sold,4.9,New shoppers save $18.66 | Delivery: Oct 05 - 13,CN,si,https://www.aliexpress.us/item/3256811990365840.html,https://ae-pic-a1.aliexpress-media.com/kf/S1f0026ff46194458baf2dbfdc778e5fa3.jpg
leather repair patch,3256811681216078,1 Roll Large Self-Adhesive PU Leather Repair Patch -Synthetic Faux Leather Repair Tape for Sofa Car Electric V,1.13,12.26,90,"1,000+ sold",4.9,New shoppers save $11.13 | Lowest price in 90 days,CN,si,https://www.aliexpress.us/item/3256811681216078.html,https://ae-pic-a1.aliexpress-media.com/kf/Se11952e0dbb84428838645099ffdcb98g.jpg
leather repair patch,3256812781523998,Self-Adhesive Leather Repair Patches Kit with Cutable Tape Ideal for Sofa Car Seat Furniture Chair Restoring,3.33,14.8,77,359 sold,4.9,,CN,si,https://www.aliexpress.us/item/3256812781523998.html,https://ae-pic-a1.aliexpress-media.com/kf/S2846fff3506f47f499bf26ec70b05a22L.png
leather repair patch,3256811729029426,Easy Fix Waterproof Wear-Resistant Self-Adhesive Leather Repair Patch for Sofas Furniture Bags & Shoes-Durable,1.09,15.03,92,435 sold,4.8,"$1.03 each, ≥ 2 pieces | New shoppers save $13.94",CN,si,https://www.aliexpress.us/item/3256811729029426.html,https://ae-pic-a1.aliexpress-media.com/kf/S1f0026ff46194458baf2dbfdc778e5fa3.jpg
leather repair patch,3256806985006274,Scratch-Resistant Durable Leather Patch Waterproof Self-adhesive Furniture Repair Tape Suitable For Home Sofa ,1.33,4.75,71,"5,000+ sold",4.9,Delivery: Oct 05 - 13,CN,si,https://www.aliexpress.us/item/3256806985006274.html,https://ae-pic-a1.aliexpress-media.com/kf/Sbfae4a8d696242fda81306672159cb72s.png
leather repair patch,3256808487304434,"100x137cm Leather Repair Patch Tape Kit, Self Adhesive Leather Repair for Furniture, Couch, Sofa, Car Seats,Of",1.09,6.93,84,13 sold,4.5,New shoppers save $5.84,CN,si,https://www.aliexpress.us/item/3256808487304434.html,https://ae-pic-a1.aliexpress-media.com/kf/S81de1399253e418a9e3987a291c3099fs.jpg
leather repair patch,3256807654299698,10-200cm Self Adhesive Leather Repair Patch Tape Self-Adhesive House DIY Fix For Sofa Moto Car Seat Bag Home S,1.09,1.43,23,"5,000+ sold",4.4,New shoppers save $0.34 | Top selling on AliExpress,CN,si,https://www.aliexpress.us/item/3256807654299698.html,https://ae-pic-a1.aliexpress-media.com/kf/S2ba06b99eb354df7bd9964a0a3f80f59b.jpg
leather repair patch,3256810209878320,1 Roll Large Self-Adhesive PU Leather Repair Patch -Synthetic Faux Leather Repair Tape for Sofa Car Electric V,1.09,13.14,91,"1,000+ sold",4.5,"$1.05 each, ≥ 2 pieces | New shoppers save $12.05",CN,si,https://www.aliexpress.us/item/3256810209878320.html,https://ae-pic-a1.aliexpress-media.com/kf/Se11952e0dbb84428838645099ffdcb98g.jpg
leather repair patch,3256806154489276,PU Artificial Leather Skin Self Adhesive Leather for Repair Patch Furniture Table Chair Sticker Seat Bag Shoe ,1.09,1.89,42,"1,000+ sold",4.3,New shoppers save $0.8 | Extra 5% off with coins,CN,si,https://www.aliexpress.us/item/3256806154489276.html,https://ae-pic-a1.aliexpress-media.com/kf/S2ab2820cdb3247cbba8c99a26f182b3cs.jpg
leather repair patch,3256811810923983,Easy Apply Self-Adhesive Leather Repair Patch Tape for Sofa Chair Furniture Mending - Solution for Scratches A,1.8,16.6,89,139 sold,4.4,New shoppers save $14.8 | Lowest price in 90 days,CN,si,https://www.aliexpress.us/item/3256811810923983.html,https://ae-pic-a1.aliexpress-media.com/kf/Sbca8712510e241e694f2ce80ae2119f7x.jpg
leather repair patch,3256812213149485,"High-Quality Self-Adhesive Artificial Leather Repair Patch, Strong Adhesive, Waterproof and Wear-Resistant, Su",10.88,35.16,69,5 sold,,New shoppers save $24.28 | Delivery: Oct 05 - 13,CN,si,https://www.aliexpress.us/item/3256812213149485.html,https://ae-pic-a1.aliexpress-media.com/kf/S263b4966a9184c3fb81fd178f941e352J.jpg
leather repair patch,3256808017643344,Self Adhesive Leather for Sofa Repair Patch Furniture Table Chair Sticker Seat Bag Shoe Bed Fix Mend PU Artifi,1.34,7.34,81,295 sold,4.4,New shoppers save $6,CN,si,https://www.aliexpress.us/item/3256808017643344.html,https://ae-pic-a1.aliexpress-media.com/kf/S97dec38c997c430db538a9db62f15f7aw.jpg
leather repair patch,3256808114686064,10-300cm Self Adhesive Leather Repair Patch Tape Self-Adhesive House DIY Fix For Sofa Moto Car Seat Bag Home S,1.09,2.44,55,"10,000+ sold",4.5,New shoppers save $1.35 | Top selling on AliExpress,CN,si,https://www.aliexpress.us/item/3256808114686064.html,https://ae-pic-a1.aliexpress-media.com/kf/Se7904b8322a242b29594f5a26d5ac4d0W.jpg
leather repair patch,3256812422824200,"Self-Adhesive Artificial Leather Repair Tape, Strong Adhesive Backing, Waterproof and Wear-Resistant Pu Vinyl ",4.33,17.2,74,101 sold,4.4,Top selling on AliExpress,CN,si,https://www.aliexpress.us/item/3256812422824200.html,https://ae-pic-a1.aliexpress-media.com/kf/S1216f9adf97b451eb943b5b706fc17f1u.png
leather repair patch,3256808990128241,Leather Repair Tape Self Adhesive Leather Repair Patch Furniture Sofa Car Seat Office Chair Diy Cutting Leathe,3.33,15.04,77,600+ sold,4.6,Delivery: Oct 05 - 13,CN,si,https://www.aliexpress.us/item/3256808990128241.html,https://ae-pic-a1.aliexpress-media.com/kf/S51fc717a8d554ba892d2f7043324b6163.jpg
leather repair patch,3256808195601582,Self Adhesive Leather Genuine Repair Patch Tape Self-Adhesive House DIY Fix For Sofa Moto Car Seat Chair Bag S,1.66,7.77,78,"2,000+ sold",4.4,New shoppers save $6.11 | Top selling on AliExpress,CN,si,https://www.aliexpress.us/item/3256808195601582.html,https://ae-pic-a1.aliexpress-media.com/kf/Sdfb2df566f9846cc8f0126f809caf11fe.jpg
leather repair patch,3256809309693860,"High-Viscosity Waterproof Repair Tape – Leak-Proof Patch for Leather Sofa & Furniture, Customizable Cutting",1.09,8.42,87,"2,000+ sold",4.4,"$1.04 each, ≥ 2 pieces | New shoppers save $7.33",CN,si,https://www.aliexpress.us/item/3256809309693860.html,https://ae-pic-a1.aliexpress-media.com/kf/Sde39bb31e95b40a585ca36cbc6a71b81L.jpg
leather repair patch,3256807308193570,1pc Premium Self-Adhesive Leather Repair Patch  Easy Fix for Sofa Cushion PU Cloth Sticker Restaurant Kitchen ,1.09,2.81,61,17 sold,5,New shoppers save $1.72 | Extra 5% off with coins,CN,si,https://www.aliexpress.us/item/3256807308193570.html,https://ae-pic-a1.aliexpress-media.com/kf/Sdbcc9f1d47064b549e940f02796e77daq.jpg
leather repair patch,3256802953666354,1Pc Leather Repair Patches 10x20cm Self-Adhesive Leather Couch Patch Leather Repair Tape Waterproof for Couche,,,,800+ sold,4.6,,,,https://www.aliexpress.us/item/3256802953666354.html,https://ae-pic-a1.aliexpress-media.com/kf/S818b9a2b334246a193ce79cab47044cfm.jpg
leather repair patch,3256809033858297,Self-Adhesive Furniture Shoes First Aid Patch Leather Patch DIY Black Self-Adhesive Leather Repair Tape for So,8.48,15.41,45,12 sold,4.5,,CN,si,https://www.aliexpress.us/item/3256809033858297.html,https://ae-pic-a1.aliexpress-media.com/kf/S7c1922a63bcc41e68ab14011b23302ed5.jpg
leather repair patch,3256811942428505,"Strong Sticky Back Glue Self Adhesive PU Leather Repair Patch, High Viscosity Waterproof Wear Resistant Leathe",1.3,13.41,90,7 sold,,New shoppers save $12.11 | Extra 1% off with coins,CN,si,https://www.aliexpress.us/item/3256811942428505.html,https://ae-pic-a1.aliexpress-media.com/kf/S94e19c1ef0bc4c49b45ff4cd272835e1j.jpg
leather repair patch,3256811942980678,Multi-Spec Self-Adhesive Leather Repair Stickers Waterproof Synthetic Leather Patch for Sofa Seat Scratch Repa,11.4,23.26,51,,,Delivery: Oct 05 - 13 | Extra 1% off with coins,CN,si,https://www.aliexpress.us/item/3256811942980678.html,https://ae-pic-a1.aliexpress-media.com/kf/S8c424e8048b34c548c97c5b684f9e16fj.jpg
leather repair patch,3256807530502192,50x137cm(19.7x54inch) Self Adhesive Leather Repair Patch Kit Self-Adhesive Leather Tape for Sofa Furniture Car,2.76,22.83,87,481 sold,4.6,New shoppers save $20.07 | Delivery: Oct 05 - 13,CN,si,https://www.aliexpress.us/item/3256807530502192.html,https://ae-pic-a1.aliexpress-media.com/kf/S99fd9837279d48b09ba5e6ee14a46467d.jpg
leather repair patch,3256807476613344,Self Adhesive Leather Repair Patch Tape Self-Adhesive House DIY Fix For Sofa Moto Car Seat Chair Bag Home Shee,1.09,2.48,56,800+ sold,4.5,New shoppers save $1.39 | Top selling on AliExpress,CN,si,https://www.aliexpress.us/item/3256807476613344.html,https://ae-pic-a1.aliexpress-media.com/kf/S53872e84761449e59d8cf9503c65e340O.jpg
leather repair patch,3256808909492972,Black Leather Repair Patche Tape Self Adhesive Leather Patches Sofas Couch Seat Cuttable Refinisher High Visco,1.09,11.18,90,"1,000+ sold",4.6,New shoppers save $10.09 | Top selling on AliExpress,CN,si,https://www.aliexpress.us/item/3256808909492972.html,https://ae-pic-a1.aliexpress-media.com/kf/S9fd4936328b84df8a8dddb0c6226bc8eg.jpg
leather repair patch,3256808844483929,Leather Repair Tape Self Adhesive Leather Repair Patch Sofas Couch Furniture Car Seat Cuttable Refinisher for ,5.72,21.43,73,1 sold,,New shoppers save $15.71 | Delivery: Oct 05 - 13,CN,si,https://www.aliexpress.us/item/3256808844483929.html,https://ae-pic-a1.aliexpress-media.com/kf/S84ec011f516c454db1d72b802a413d3ah.jpg
leather repair patch,3256812911028587,Self Adhesive PU Leather Repair Patch 19.69x39.37in Waterproof Vinyl Sticker for Sofa Couch Car Seat Furniture,13.22,,,,,,CN,si,https://www.aliexpress.us/item/3256812911028587.html,https://ae-pic-a1.aliexpress-media.com/kf/S7c670a75cab44c82bb9f6b59bf1aa3c1n.jpg
leather repair patch,3256807374267629,100x137cm Self Adhesive Leather Repair Tape Furniture Shoes First Aid Patch Leather Patch DIY Sofa Repairing P,1.82,7.82,76,27 sold,,New shoppers save $6,CN,si,https://www.aliexpress.us/item/3256807374267629.html,https://ae-pic-a1.aliexpress-media.com/kf/Sed75098af51d4b19a5134ffb4951271es.jpg
leather repair patch,3256812582332338,Perforated Faux Leather Repair Sticker Peel and Stick PU Leather Patch for Automotive Seat Sofa Couch DIY Repa,21.33,35.56,40,,,,CN,si,https://www.aliexpress.us/item/3256812582332338.html,https://ae-pic-a1.aliexpress-media.com/kf/Sda1c677bbdcd480781cc3b0c2195a563Q.jpg
leather repair patch,3256807374239677,200x137cm Self-adhesive Leather Repair Patch Hole Patch Sticker for Sofa Table Chair Bag Shoes Bed Automotive ,1.72,6.72,74,161 sold,3.7,New shoppers save $5,CN,si,https://www.aliexpress.us/item/3256807374239677.html,https://ae-pic-a1.aliexpress-media.com/kf/S59ea2766829640f7ad052576e68b5e7dw.jpg
leather repair patch,3256811758397034,"Breathable Perforated Leather Repair Stickers Self-Adhesive PU Leather Patches for Sofa Hole,car Seats Repairs",6.27,9.95,37,19 sold,,,CN,si,https://www.aliexpress.us/item/3256811758397034.html,https://ae-pic-a1.aliexpress-media.com/kf/S9d2be37356c245eabf1d277061308ddbH.jpg
leather repair patch,3256806704792639,Blank Leatherette Hat Patches with Adhesive Rustic Rectangle Patch Faux Leather Patches for Jean Fabric Repair,12.83,19.74,35,120 sold,4.9,Extra 2% off with coins,CN,si,https://www.aliexpress.us/item/3256806704792639.html,https://ae-pic-a1.aliexpress-media.com/kf/S606ce8fc5e294a9fa57f89fda193d5faD.jpg
leather repair patch,3256812980339806,Self Adhesive Leather Repair Patch Tape for Sofa Furniture Car Seat Chair PU Vinyl Leather Scratch Tear Hole R,5.55,13.86,60,,,,CN,si,https://www.aliexpress.us/item/3256812980339806.html,https://ae-pic-a1.aliexpress-media.com/kf/S6103c07c076c4ec9a8981caa65ae9de7i.jpg
leather repair patch,3256812607062705,Perforated Faux Leather Repair Sticker Peel and Stick PU Leather Patch for Automotive Seat Sofa Couch DIY Repa,21.98,36.63,40,1 sold,5,,CN,si,https://www.aliexpress.us/item/3256812607062705.html,https://ae-pic-a1.aliexpress-media.com/kf/S206de67fb9764c79ac9335338754ca96x.jpg
leather repair patch,3256812045843409,Self Adhesive Leather Patch Carbon Fiber Car Interior Renovation Leather Repair Sticker for Dashboard Door Tri,16.41,27.35,40,,,,CN,si,https://www.aliexpress.us/item/3256812045843409.html,https://ae-pic-a1.aliexpress-media.com/kf/Sc03aa3306f2247f3a601f16a5608695cN.jpg
leather repair patch,3256809434076112,DIY self-adhesive fixed stickers self-adhesive PU leather repair stickers sofas car seats tables chairs and ho,4.99,11.56,56,"5,000+ sold",4.5,,CN,si,https://www.aliexpress.us/item/3256809434076112.html,https://ae-pic-a1.aliexpress-media.com/kf/S1be8b85d129b4ea3b3a6da4bfdb9832f9.jpg
leather repair patch,3256808114883561,Self Adhesive Leather Repair Patch Tape Self-Adhesive House DIY Fix For Sofa Moto Car Seat Chair Bag Home Shee,1.09,2.2,50,"5,000+ sold",4.4,New shoppers save $1.11 | Top selling on AliExpress,CN,si,https://www.aliexpress.us/item/3256808114883561.html,https://ae-pic-a1.aliexpress-media.com/kf/S75fbd474f2bf463d85952da5166255adM.jpg
leather repair patch,3256809153419021,Perforated Breathable Self-adhesive Leather Artificial PU Simulated Leather Patch Sofa Repair Refurbishment Ca,6.22,9.88,37,75 sold,4.6,,CN,si,https://www.aliexpress.us/item/3256809153419021.html,https://ae-pic-a1.aliexpress-media.com/kf/Sd7d9326860bf487184cdb86a5f25d955i.jpg
leather repair patch,3256807434292779,Self-Adhesive Leather Patch Sofa Repair Sticker Furniturefix PU Artificial Leather Fabric Stickers Home Refurb,1.09,4.76,77,14 sold,5,New shoppers save $3.67 | Lowest price in 90 days,CN,si,https://www.aliexpress.us/item/3256807434292779.html,https://ae-pic-a1.aliexpress-media.com/kf/S5679af13159c4591ae71cd768f3c5ed2Y.jpg
leather repair patch,3256806621398017,"0.9mm Soft Artificial Leather With Self-adhesive Adhesive Repair Leather Sofas, Leather Tables And Chairs DIY ",1.33,7.18,81,"5,000+ sold",4.5,Top selling on AliExpress | Delivery: Oct 05 - 13,CN,si,https://www.aliexpress.us/item/3256806621398017.html,https://ae-pic-a1.aliexpress-media.com/kf/S587af3447d3143cbbc0678c16a54d5cbJ.jpg
leather repair patch,3256808459896829,Self-Adhesive  DIY Self Adhesive PU Leather Repair Patches Fix Sticker for Sofa Car Seat Table Chair Bag Shoes,27.15,43.09,37,14 sold,3.3,,CN,si,https://www.aliexpress.us/item/3256808459896829.html,https://ae-pic-a1.aliexpress-media.com/kf/S636afc33ac1048309438d95e38abba04u.jpg
leather repair patch,3256812996728042,Self Stick Leather Repair Patch PU Faux Leather Repair Sticker for Couch Sofa Car Seat Handbag Shoes DIY Furni,12.5,20.83,40,1 sold,5,,CN,si,https://www.aliexpress.us/item/3256812996728042.html,https://ae-pic-a1.aliexpress-media.com/kf/S7ec33624e5be4aeba082fe14ac4875b46.jpg
leather repair patch,3256807450637460,DIY Leather Repair Tape Self Adhesive Patch Car/Motorcycle Seat Sofa Repair Sticker Electromobile Seat Renovat,1.09,16.26,93,7 sold,,New shoppers save $15.17 | Delivery: Oct 05 - 13,CN,si,https://www.aliexpress.us/item/3256807450637460.html,https://ae-pic-a1.aliexpress-media.com/kf/S90e2df856b6f4d8aaf887ec1f7966af4a.jpg
leather repair patch,3256807369059220,100x137cm Self Adhesive Leather Repair Tape Sofa Furniture Sofa Car Seat Self Adhesive Patches Premium PU Viny,1.4,7.4,81,128 sold,4.6,New shoppers save $6,CN,si,https://www.aliexpress.us/item/3256807369059220.html,https://ae-pic-a1.aliexpress-media.com/kf/S06da8792b63b47138f9233dd3d9f10e0Z.jpg
leather repair patch,3256812243887602,Self-adhesive PVC Leather Repair Patches Flexible Faux Leather Sheets To Mend Damaged Sofas Vehicle Seats and ,6.08,12.42,51,1 sold,,Delivery: Oct 05 - 13 | Extra 1% off with coins,CN,si,https://www.aliexpress.us/item/3256812243887602.html,https://ae-pic-a1.aliexpress-media.com/kf/S3df93e4df2ca4f50b3f6eae39e74d81dp.jpg
leather repair patch,3256812421937944,kkjoy Black Self-Adhesive Leather Repair Tape for Sofas Car Seats Handbags Jackets Furniture Shoes - DIY First,1.09,8.3,86,2 sold,,New shoppers save $7.21 | Delivery: Oct 05 - 13,CN,si,https://www.aliexpress.us/item/3256812421937944.html,https://ae-pic-a1.aliexpress-media.com/kf/Sa80bccf25e02469ea72415fdb3e5e376E.jpg
leather repair patch,3256811521069953,Self-adhesive Leather Repair Patch Thickened Strong-Adhesion Faux Leather Renovation Sticker For Sofa Moto Car,23.74,,,106 sold,3.9,Free shipping | Extra 5% off with coins,CN,si,https://www.aliexpress.us/item/3256811521069953.html,https://ae-pic-a1.aliexpress-media.com/kf/Sb4502769eec649b6b656228649600e1bu.jpg
leather repair patch,3256807894926167,100x137cm Self Adhesive Leather Repair Tape Sofa Furniture Sofa Car Seat Self Adhesive Patches Premium PU Viny,10.88,18.14,40,500+ sold,4.5,Top selling on AliExpress,CN,si,https://www.aliexpress.us/item/3256807894926167.html,https://ae-pic-a1.aliexpress-media.com/kf/Sa3e2301f84424d0d8ac869dc87bf24f9y.jpg
leather repair patch,3256812235993342,Perforated Breathable Faux Leather Self-Adhesive Leather Repair Sofa Patch Adhesive Tape Repair Car Seat Furni,1.09,9.9,88,79 sold,4.4,New shoppers save $8.81,CN,si,https://www.aliexpress.us/item/3256812235993342.html,https://ae-pic-a1.aliexpress-media.com/kf/S56ea3797bdac4ddeadacbbfea0e019a4c.jpg
leather repair patch,3256808959217243,Printing PU Material Backing Adhesive Leather Self-Adhesive Leather Repair Patch for Furniture Sofa Chair Car ,7.04,11.17,37,3 sold,,,CN,si,https://www.aliexpress.us/item/3256808959217243.html,https://ae-pic-a1.aliexpress-media.com/kf/S179681c7c3914cbcb1f43aef322fc9c0D.jpg
leather repair patch,3256812922594914,Faux Leather Repair Patch Kit Self-adhesive Leather Repair Tape for Sofa Car Seat Computer Chair Driver Seat J,12.5,20.83,40,1 sold,5,,CN,si,https://www.aliexpress.us/item/3256812922594914.html,https://ae-pic-a1.aliexpress-media.com/kf/S41c5a190eb3f486f9ea80913ccda480dE.jpg
leather repair patch,3256808018047503,Self-Adhesive 100x137cm DIY Self Adhesive PU Leather Repair Patches Fix Sticker for Sofa Car Seat Table Chair ,2.88,7.88,63,160 sold,4.3,New shoppers save $5,CN,si,https://www.aliexpress.us/item/3256808018047503.html,https://ae-pic-a1.aliexpress-media.com/kf/Sc6189c790c9446d5b6c2bb5bbf59337fr.jpg
leather repair patch,3256808731794809,"Self-adhesive backing leather fabric sofa repair patch, seat leather bed renovation, soft/hard upholstery",5.02,22.05,77,5 sold,,New shoppers save $17.03 | Delivery: Oct 05 - 13,CN,si,https://www.aliexpress.us/item/3256808731794809.html,https://ae-pic-a1.aliexpress-media.com/kf/Sbb50a67774f24e28b7c276abaa7d3cfds.jpg
leather repair patch,3256810467960785,35-200cm Self Adhesive Leather Genuine Repair Patch Tape House DIY Fix For Sofa Moto Car Seat Chair Bag Sticke,11.62,17.62,34,"2,000+ sold",4.5,New shoppers save $6 | Top selling on AliExpress,CN,si,https://www.aliexpress.us/item/3256810467960785.html,https://ae-pic-a1.aliexpress-media.com/kf/S9e442ebd09e04b54832a51cd59347d7dB.jpg
leather repair patch,3256807130034626,Self Adhesive PU Leather Patches Patch Self-Adhesive Couch Waterproof Wear-Resisting For Furniture Sofa Car Se,3.83,5.47,30,424 sold,4.3,Free shipping,CN,si,https://www.aliexpress.us/item/3256807130034626.html,https://ae-pic-a1.aliexpress-media.com/kf/Sc86f07cae86e4593b3991249e23ff8fc6.png
leather repair patch,3256806008617001,100x137CM Self Adhesive Leather Sofa Repair Furniture Table Chair Sticker Seat Bag Shoe Bed Fix Mend PU Artifi,6.78,,,43 sold,4.8,,CN,si,https://www.aliexpress.us/item/3256806008617001.html,https://ae-pic-a1.aliexpress-media.com/kf/Sda086c392ecd4aac8afdbfa7cbf23c0dc.jpg
leather repair patch,3256807327869699,Suede Self-adhesive Fabric Adhesive Synthetic Leather Car Interior Dooration Velvet Fabrics Sticker Faux Suede,21.13,33.55,37,700+ sold,4.7,,CN,si,https://www.aliexpress.us/item/3256807327869699.html,https://ae-pic-a1.aliexpress-media.com/kf/S1d71d327d30045cd9cd9a58aaebeaf94q.jpg
leather repair patch,3256806731188033,8x50cm Self Adhesive Leather for Sofa Repair Patch Furniture Table Chair Sticker Bag Shoe Fix Mend PU Stickers,1.09,9.04,87,10 sold,5,New shoppers save $7.95 | Lowest price in 90 days,CN,si,https://www.aliexpress.us/item/3256806731188033.html,https://ae-pic-a1.aliexpress-media.com/kf/S7f635965f4f04eabb02463dd403a27e0x.jpg
leather repair patch,3256810402876398,"150X40CM Leather Repair Patch Tape Kit, Self Adhesive Leather Repair for Furniture, Couch, Sofa, Car Seats, Of",1.09,2.49,56,179 sold,4.4,New shoppers save $1.4 | Top selling on AliExpress,CN,si,https://www.aliexpress.us/item/3256810402876398.html,https://ae-pic-a1.aliexpress-media.com/kf/Se832f79748cd42c4bbd83804d262d094T.jpg
leather repair patch,3256806055386025,200x137CM Self Adhesive Leather Sofa Repair Furniture Table Chair Sticker Seat Bag Shoe Bed Fix Mend PU Artifi,8.94,16.26,45,80 sold,3.4,,CN,si,https://www.aliexpress.us/item/3256806055386025.html,https://ae-pic-a1.aliexpress-media.com/kf/Sda086c392ecd4aac8afdbfa7cbf23c0dc.jpg
rain chain bird bath,3256812780546056,Garden Rain Chains 1M Aluminum Bird Bath Decorative Rainwater Chains Rain Collectors Cups for Home Roofs Backy,63.24,117.12,46,,,4 × $15.81 with no interest,CN,si,https://www.aliexpress.us/item/3256812780546056.html,https://ae-pic-a1.aliexpress-media.com/kf/Sc505f637b2c34d3d8a3d3e4b345f0ff55.jpg
rain chain bird bath,3256808763393354,Creative Birds Rain Chains 7.87ft Iron Rain Chain Rain Catche  Metal Downspout Tool for Gutters Outdoor Roof G,17.06,55.22,69,76 sold,5,"$16.21 each, ≥ 2 pieces | New shoppers save $38.16",CN,si,https://www.aliexpress.us/item/3256808763393354.html,https://ae-pic-a1.aliexpress-media.com/kf/S2813d808a78b44c682bf6f44ea680fa8N.jpg
rain chain bird bath,3256811982331062,Creative Birds On Cups Metal Rain Chain Rain Catcher Gutter Roof Rainwater Catcher Chain Drainage Downspout To,6.89,33.81,79,83 sold,4.1,"$6.55 each, ≥ 2 pieces | New shoppers save $26.92",CN,si,https://www.aliexpress.us/item/3256811982331062.html,https://ae-pic-a1.aliexpress-media.com/kf/S04349cdf2b9a4186b10f88c9c761eac6w.jpg
rain chain bird bath,3256812419513264,Rainwater Catcher Chain Iron Pouring Cups Bird Bath Replacement Downspout for Eaves Patios Sheds,13.87,25.69,46,,,,CN,si,https://www.aliexpress.us/item/3256812419513264.html,https://ae-pic-a1.aliexpress-media.com/kf/S4a68cba9704f483ea3b0b0717b973058N.jpg
rain chain bird bath,3256812510564552,Replacement Downspouts Water Catcher Chain Bird Bath for Divert Water Garden Outdoor Home 7.87 ft Rain Chain f,58.52,,,,,4 × $14.63 with no interest,CN,si,https://www.aliexpress.us/item/3256812510564552.html,https://ae-pic-a1.aliexpress-media.com/kf/Sb2e4c43a6c1d4ce08773a97c2fc4a989H.jpg
rain chain bird bath,3256810210543941,Durable Metal Rain Chain Mobile Birds Drainage Ditch Rainwater Chain Corridor Downspout Drainage Chain for Out,22.4,,,12 sold,5,,CN,si,https://www.aliexpress.us/item/3256810210543941.html,https://ae-pic-a1.aliexpress-media.com/kf/S1fa103666876455f99edc58f4f52c0659.jpg
rain chain bird bath,3256812464987548,Fashion Metal Rain Chain Mobile Birds Downspout Rainwater Chain Corridor Drainage Ditch Drainage Chain for Out,9,12.86,30,6 sold,,Lowest price in 90 days,CN,si,https://www.aliexpress.us/item/3256812464987548.html,https://ae-pic-a1.aliexpress-media.com/kf/Sbdc28f548db8418da4126a236b03c5138.jpg
rain chain bird bath,3256812031326389,Birds Outdoor Rain Chain Outdoor Decoration Hanging Chain Birds Iron Decoration Garden Outdoor Courtyard Decor,6.33,32.61,80,1 sold,,"$6.01 each, ≥ 2 pieces | New shoppers save $26.28",CN,si,https://www.aliexpress.us/item/3256812031326389.html,https://ae-pic-a1.aliexpress-media.com/kf/S88be69361f20415ea90886c347eaa908I.png
rain chain bird bath,3256809615515656,Creative Birds On Cups Metal Rain Chain Lotus/Bird/Butterfly Rain Catcher For Gutter Roof Decoration Outdoor D,9.87,39.75,75,85 sold,4.9,"$9.38 each, ≥ 2 pieces | New shoppers save $29.88",CN,si,https://www.aliexpress.us/item/3256809615515656.html,https://ae-pic-a1.aliexpress-media.com/kf/Sa55e9cb4ee2c49ac978a4c887696ad5bb.jpg
rain chain bird bath,3256811947221390,250cm Rain Chain Hummingbird Hanging Rain Catcher Garden Decor Replacement Parts Downspout For Patio Yard Gutt,30.64,80.89,62,15 sold,5,New shoppers save $50.25 | Delivery: Oct 05 - 13,CN,si,https://www.aliexpress.us/item/3256811947221390.html,https://ae-pic-a1.aliexpress-media.com/kf/S8edc752437de4c3e9cf49d8ef1206cb1E.jpg
rain chain bird bath,3256812688767310,250cm Rain Chain Hummingbird Hanging Rain Catcher Garden Decor Replacement Parts Downspout For Patio Yard Gutt,29.16,79.92,63,2 sold,,New shoppers save $50.76 | Delivery: Oct 05 - 13,CN,si,https://www.aliexpress.us/item/3256812688767310.html,https://ae-pic-a1.aliexpress-media.com/kf/S0695ba5d4dd6425297d1f2142c1cc06a8.jpg
rain chain bird bath,3256812271863301,1Pcs Rain Catche Metal Downspout Tool 60/80/100/240cm Creative Birds Iron Rain Chains For Gutters Outdoor Roof,5.72,33.45,82,3 sold,,New shoppers save $27.73 | Delivery: Oct 05 - 13,CN,si,https://www.aliexpress.us/item/3256812271863301.html,https://ae-pic-a1.aliexpress-media.com/kf/Se580b91ab12745a48176294df20d06f6U.jpg
rain chain bird bath,3256807010784906,Parrot Automatic IntelligentBath Bird Shower Bathtub Supplies Blue Cute Plastic Cage AccessoriesHousehold Acce,4.33,22.71,80,700+ sold,4.5,Delivery: Oct 05 - 13,CN,si,https://www.aliexpress.us/item/3256807010784906.html,https://ae-pic-a1.aliexpress-media.com/kf/Sc0d57942ed8d4f339ee954fdde667b7ad.jpg
rain chain bird bath,3256810573217569,"Transparent Bird Bath Tub - Splash-Proof PP Shower for Parrots, Lovebirds & Conures W/ Easy-Grip Handle",1.33,8.66,84,"3,000+ sold",4.9,Delivery: Oct 05 - 13,CN,si,https://www.aliexpress.us/item/3256810573217569.html,https://ae-pic-a1.aliexpress-media.com/kf/S20af45a8778a4fec9c257c0d1f3d7078y.jpg
rain chain bird bath,3256807466759673,New Bird Flower Shaped Hanging Bird Feeder Birdbath For Garden Yard Farm Supplies Hummingbird Feeder Supplies ,3.33,19.49,82,286 sold,4.7,Delivery: Oct 05 - 13,CN,si,https://www.aliexpress.us/item/3256807466759673.html,https://ae-pic-a1.aliexpress-media.com/kf/S1cfcaa98346a4c47b0c46d581f751e25d.jpg
rain chain bird bath,3256812457822214,"Hanging Bird Feeder Bird Bath 1/2 Tier Faux Wood Grain Bowl, Stable Suspension with Metal Chain Hook for Outdo",1.09,12.92,91,31 sold,4,New shoppers save $11.83 | Lowest price in 90 days,CN,si,https://www.aliexpress.us/item/3256812457822214.html,https://ae-pic-a1.aliexpress-media.com/kf/S69bea815cefa45258c6b49f5662ae2ddE.jpg
rain chain bird bath,3256806285100461,Baby Bath Toys Water Chain Clockwork Bathing Cute Swimming Yellow Duck Toy Toddler Pool Beach Classic Toy For ,,,,600+ sold,4.8,,,,https://www.aliexpress.us/item/3256806285100461.html,https://ae-pic-a1.aliexpress-media.com/kf/S6ed953f9ce804ad982ad0cec39be4bdeu.jpg
rain chain bird bath,3256805367935119,12 Inch Bird feeder Hanging Bird Bath with fountain Outdoor Bird Drinking Bird Tray with Hook and Chain for Ga,3.06,26.71,88,93 sold,4.2,"$2.91 each, ≥ 2 pieces | New shoppers save $23.65",CN,si,https://www.aliexpress.us/item/3256805367935119.html,https://ae-pic-a1.aliexpress-media.com/kf/S4bd275b245fb445691048d816c67a4c3D.jpg
rain chain bird bath,3256812328691816,"A Vintage Copper-Colored Five-Legged Decorative Bird Waterer for Drinking and Feeding, Suitable for Butterflie",1.09,22.93,95,58 sold,4.5,"$1.04 each, ≥ 2 pieces | New shoppers save $21.84",CN,si,https://www.aliexpress.us/item/3256812328691816.html,https://ae-pic-a1.aliexpress-media.com/kf/S003a5b5161cf48d5bb1e2efb187b7ea8t.jpg
rain chain bird bath,3256808973762302,Round Shaped Birds Feeder Birdbath Bowl with Hanging Chain Bird Feeder Plate Bird Bath Tray Outdoor Garden Yar,1.09,6.68,83,96 sold,4.5,New shoppers save $5.59,CN,si,https://www.aliexpress.us/item/3256808973762302.html,https://ae-pic-a1.aliexpress-media.com/kf/S9d6a6deb570e43a3b2eeda5d0a85974et.jpg
rain chain bird bath,3256807269624995,Hanging Bird Bath Feeder Set with Chain Outdoor Garden Patio Decor Floral Design PP Bird Water Dish Yard Bird ,1.09,25,95,155 sold,4.6,"$1.04 each, ≥ 2 pieces | New shoppers save $23.91",CN,si,https://www.aliexpress.us/item/3256807269624995.html,https://ae-pic-a1.aliexpress-media.com/kf/S684cc0d02d244cafb4a68849522ba235a.jpg
rain chain bird bath,3256812458887877,"Hanging Bird Feeder & Bath Tray, All-in-One Bird Feeding Bathing Station, Easy to Clean Hanging Tray for Patio",1.09,12.7,91,68 sold,3.9,New shoppers save $11.61 | Lowest price in 90 days,CN,si,https://www.aliexpress.us/item/3256812458887877.html,https://ae-pic-a1.aliexpress-media.com/kf/S9820fa1947894f32b1f2cc549370d02cE.jpg
rain chain bird bath,3256812084789705,Outdoor Hanging Bird Bathtub Double-layer Bird Feeder Dish Iron Double-Zone Hummingbird Feeder Bowl For Lawn P,1.09,11.25,90,34 sold,4.6,New shoppers save $10.16,CN,si,https://www.aliexpress.us/item/3256812084789705.html,https://ae-pic-a1.aliexpress-media.com/kf/S6617da0ea56f466fb197b466ecf15122r.jpg
rain chain bird bath,3256812065790307,Japanese Style Metal Tulip Rain Chain 7 Cups Iron Art Water Drainage Chain Flower-shaped Directs Water Rain Ch,9.98,15.35,35,17 sold,,,CN,si,https://www.aliexpress.us/item/3256812065790307.html,https://ae-pic-a1.aliexpress-media.com/kf/Se266ab4f103345f3a83e9aff330f16cf4.jpg
rain chain bird bath,3256812272621904,Bird Bath Bowl With Solar Fountain Water Fountains Solar Powered Hummingbird Bath Bowl Outdoor Bird Feeder Bir,16.18,51.38,68,1 sold,5,New shoppers save $35.2 | Delivery: Oct 05 - 13,CN,si,https://www.aliexpress.us/item/3256812272621904.html,https://ae-pic-a1.aliexpress-media.com/kf/S7462a91d72814845b4b82f07257913605.jpg
rain chain bird bath,3256812451660420,Vintage Iron 3-Tier Metal Bird Bath Rusted Ground Stakes Garden Rain Catcher Three-layer Bowl Handmade Bird Wa,1.09,21.22,94,4 sold,4,"$1.04 each, ≥ 2 pieces | New shoppers save $20.13",CN,si,https://www.aliexpress.us/item/3256812451660420.html,https://ae-pic-a1.aliexpress-media.com/kf/S72d17c2e2e8b44cf9e3bed85f3098445q.jpg
rain chain bird bath,3256808792394917,4/6/8Pcs Mobile Birds on Cups Rain Chain Garden Outdoor Courtyard Iron Art Decoration Retro Metal Pendant Craf,11.98,21.74,44,20 sold,5,New shoppers save $9.76 | Lowest price in 90 days,CN,si,https://www.aliexpress.us/item/3256808792394917.html,https://ae-pic-a1.aliexpress-media.com/kf/S548e2c5148d748f78b7398bb0b25c0b1P.jpg
rain chain bird bath,3256812500899325,"62KD Bird Figure Rain Chain Metal Gutter Alternative with Hook, Water Guide for Garden Porch Balcony Gazebo Ou",5.34,9.71,45,,,,CN,si,https://www.aliexpress.us/item/3256812500899325.html,https://ae-pic-a1.aliexpress-media.com/kf/Sa838aa41c5e34658b7c25527df2027eep.jpg
rain chain bird bath,3256812742207583,Japanese Style Metal Tulip Rain Chain 7 Cups Hanging Water Drainage Chain Directs Water Flower-shaped Rain Cha,9.32,14.34,35,3 sold,,,CN,si,https://www.aliexpress.us/item/3256812742207583.html,https://ae-pic-a1.aliexpress-media.com/kf/Sef2fe14049c94716bbf5be1d879e6727V.png
rain chain bird bath,3256812107976636,Rustproof Metal Iron Bird Bath Feeder 5 Claw Ground Plug Vintage Freestanding Birdbath Hummingbird Feeder Heav,16.01,40.04,60,48 sold,4.7,,CN,si,https://www.aliexpress.us/item/3256812107976636.html,https://ae-pic-a1.aliexpress-media.com/kf/S8a965f802cf9402780c09b4365616988F.png
rain chain bird bath,3256812766083032,Double Layer Hanging Bird Feeder Feeding Tools Yard Decoration Bird Bath Bowl Bowl-shaped Plastic Hummingbird ,1.09,12.88,91,6 sold,,New shoppers save $11.79 | Delivery: Oct 05 - 13,CN,si,https://www.aliexpress.us/item/3256812766083032.html,https://ae-pic-a1.aliexpress-media.com/kf/Scc076092957848f1b8b0ae3457798d53q.jpg
rain chain bird bath,3256812325879763,"Antique Copper Rain Chain for Garden, Flower Pot & Bird Design, Decorative Downspout Replacement for Patio Yar",19.96,63.24,68,1 sold,,New shoppers save $43.28 | Delivery: Oct 05 - 13,CN,si,https://www.aliexpress.us/item/3256812325879763.html,https://ae-pic-a1.aliexpress-media.com/kf/Se82b2dfa5f27471484a82d85a33126d2N.jpg
rain chain bird bath,3256812110421254,Solar Fountain Bird Bath Cascade Water Pump Outdoor Hanging for Bird Drinking and Feeder Garden Yard Decor,21.8,61.61,64,2 sold,,New shoppers save $39.81 | Delivery: Oct 05 - 13,CN,si,https://www.aliexpress.us/item/3256812110421254.html,https://ae-pic-a1.aliexpress-media.com/kf/Sd5e9fda280834de99a147d6736828d5dU.jpg
rain chain bird bath,3256812645409005,Funny Bench-Style Bird Swing with Chain Birdcage Decoration Interactive Bird Toy Creative Parrot Hanging Bed B,1.09,8.84,87,3 sold,5,New shoppers save $7.75 | Delivery: Oct 05 - 13,CN,si,https://www.aliexpress.us/item/3256812645409005.html,https://ae-pic-a1.aliexpress-media.com/kf/Sfcd7cb5ff08141dfbeee4fb86c4e23f9h.jpg
rain chain bird bath,3256809873794397,Rain Chain 9FT Copper Downspout Drain Adapter 12 Cups Rain Gutter Chains For House Garden Outdoor Gazebo Roof ,42.39,73.08,42,9 sold,5,4 × $10.6 with no interest,CN,si,https://www.aliexpress.us/item/3256809873794397.html,https://ae-pic-a1.aliexpress-media.com/kf/Sd2ef49e3a2844f318bca9ea70f68e67fh.jpg
rain chain bird bath,3256812410180787,Outdoor Hanging Bird Feeder Bath Tray Plastic Water Drinker Garden Yard Decoration Pet Supplies for Feeding An,1.09,16.93,93,14 sold,4.3,New shoppers save $15.84 | Lowest price in 90 days,CN,si,https://www.aliexpress.us/item/3256812410180787.html,https://ae-pic-a1.aliexpress-media.com/kf/S7a1de8ea2c1a4faa8d6ba9767ec5a21dF.jpeg
rain chain bird bath,3256807277895270,New Bird Parrot Foot Chain Stainless Steel Flying Training Bird Anklet Rings Away Accessories Flee-proof Rings,1.09,3.74,70,22 sold,5,New shoppers save $2.65,CN,si,https://www.aliexpress.us/item/3256807277895270.html,https://ae-pic-a1.aliexpress-media.com/kf/S920e379d67e44e0889c90dc61df4b567j.jpg
rain chain bird bath,3256812308028583,"Outdoor Hanging Solar Bird Bath Fountain, 3-Tier Water Feature with Feeder Tray for Hummingbirds, Garden Pond ",41.32,,,21 sold,4.8,Free shipping | 4 × $10.33 with no interest,CN,si,https://www.aliexpress.us/item/3256812308028583.html,https://ae-pic-a1.aliexpress-media.com/kf/S08a5a273f0e74ef3bdeb47c12ae7dd49s.jpg
rain chain bird bath,3256806965065090,Stainless Steel Bird foot Chain Parrot Anti-flying Traction Rope Bird Feet Bracelet Alloy Foot Ring Pet Bird T,1.09,3.53,69,152 sold,4.5,New shoppers save $2.44 | Lowest price in 90 days,CN,si,https://www.aliexpress.us/item/3256806965065090.html,https://ae-pic-a1.aliexpress-media.com/kf/S892f44ec9e2f46eeb0fb2a4c9dac795cV.jpg
rain chain bird bath,3256808973005163,Metal Rain Chain 1m Rain Chains Decorative Hanging rain chain drain for water drop,27.09,,,106 sold,4,,CN,si,https://www.aliexpress.us/item/3256808973005163.html,https://ae-pic-a1.aliexpress-media.com/kf/S0d063831043a42a4ad71b99ba47548aen.jpg
rain chain bird bath,3256811465052121,Automatic Bird Cage Bath 26 Hole Circulating Parrot Shower for Cockatiel Budgie Parakeet Lovebird Pet Bird Bat,12.08,44.17,72,34 sold,4.6,"$11.48 each, ≥ 2 pieces | New shoppers save $32.09",CN,si,https://www.aliexpress.us/item/3256811465052121.html,https://ae-pic-a1.aliexpress-media.com/kf/S405b4a0b6e2747ee92b949c52ef392ccw.jpg
rain chain bird bath,3256811358602727,Bronze Rain Chains for Gutters Outdoor Metal Downspout Cup Rainwater Drain Chain for Home Garden Decor,19.69,36.47,46,1 sold,,,CN,si,https://www.aliexpress.us/item/3256811358602727.html,https://ae-pic-a1.aliexpress-media.com/kf/Sfefadff36bd3461cb7126c2f266ea963K.jpg
rain chain bird bath,3256812948470287,Rainwater Collection Basin Decorative Rain Chain Anchoring Basin Outdoor Garden Patio Water Catcher Fountain D,25.56,52.17,51,,,,CN,si,https://www.aliexpress.us/item/3256812948470287.html,https://ae-pic-a1.aliexpress-media.com/kf/S00984a327cf44f5591349847a06af082p.jpg
rain chain bird bath,3256813055899323,Decorative Metal Rain Chain Basin for Villa Roof Garden Balcony Rain Catching Tray Hanging Water Bowl Outdoor ,56.74,,,,,4 × $14.19 with no interest,CN,si,https://www.aliexpress.us/item/3256813055899323.html,https://ae-pic-a1.aliexpress-media.com/kf/Sbdc4775d7b8e459a9e7a359e8c4368abn.jpg
rain chain bird bath,3256812456759955,3-Layer Bird Water Bowl Rain Collector & Bird Feeder with Metal Stake Bird Water Feeding Bowl Bird Bath for Ou,1.53,24.03,93,4 sold,,"$1.45 each, ≥ 2 pieces | New shoppers save $22.5",CN,si,https://www.aliexpress.us/item/3256812456759955.html,https://ae-pic-a1.aliexpress-media.com/kf/Sc7bd6ab45ef14741a56b18215f2df6f4E.jpg
rain chain bird bath,3256812742702910,"Rain Chain Basin Decorative Rain Chain Bowl Water Collection Base Long-Lasting Modern for Homeowners, Garden, ",12.81,21,39,,,,CN,si,https://www.aliexpress.us/item/3256812742702910.html,https://ae-pic-a1.aliexpress-media.com/kf/S810fc498bd4b46f9aa2fe9d8d35d32838.jpg
rain chain bird bath,3256812742830352,"Rain Chain Basin Hand-Hammered Rain Chain Bowl Water Collection Base Decorative Heavy-Duty for Homeowners, Gar",14.32,18.6,23,,,,CN,si,https://www.aliexpress.us/item/3256812742830352.html,https://ae-pic-a1.aliexpress-media.com/kf/S1f9d808807fd4804b0f24f8bfdb47e99K.jpg
rain chain bird bath,3256812666278902,Bird Bath Copper Birdbath Purifier with Triple-Point Support Bath Disk Ornaments Feeder Accessories for Outdoo,1.09,9.61,88,57 sold,,New shoppers save $8.52 | Delivery: Oct 05 - 13,CN,si,https://www.aliexpress.us/item/3256812666278902.html,https://ae-pic-a1.aliexpress-media.com/kf/S66a56387c376487d936a7f759aff7445O.jpg
rain chain bird bath,3256812071079629,Japanese Style Metal Tulip Rain Chain Hanging Iron Art Rain Chain for Gutters Flower-shaped 7 Cups Water Drain,4.49,14.49,69,7 sold,,New shoppers save $10,CN,si,https://www.aliexpress.us/item/3256812071079629.html,https://ae-pic-a1.aliexpress-media.com/kf/Sf81d800250644822961ae26b5326b04db.jpg
rain chain bird bath,3256812069995879,Japanese Style Metal Tulip Rain Chain 7 Cups Iron Art Rain Chain for Gutters Flower-shaped Directs Water,10.01,21.76,54,3 sold,,,CN,si,https://www.aliexpress.us/item/3256812069995879.html,https://ae-pic-a1.aliexpress-media.com/kf/S3dc46a44924344318ef0ce0ebf885b54q.png
rain chain bird bath,3256810403107624,High Quality Automatic Parrot Bird Bath Tub USB Electric Pet Circulating Water Bathtub Bird Bathtub Shower Fou,10.09,19.85,49,357 sold,4.7,New shoppers save $9.76 | Lowest price in 90 days,CN,si,https://www.aliexpress.us/item/3256810403107624.html,https://ae-pic-a1.aliexpress-media.com/kf/Se9452b290c9642ebb2617b4864469761t.png
rain chain bird bath,3256811790265708,Hanging Hummingbird Feeders Solar Wild Birds Bath Cascade Hanging Feeding Station for Outdoor Garden Backyard ,12.11,42.22,71,34 sold,4.2,"$11.5 each, ≥ 2 pieces | New shoppers save $30.11",CN,si,https://www.aliexpress.us/item/3256811790265708.html,https://ae-pic-a1.aliexpress-media.com/kf/S278e7ca9a43945aeb09ee19fef92bf71j.jpg
rain chain bird bath,3256812886610554,Antique Green Cast Iron Bird Feeder Hanging Umbrella Frog With Chain For Home Garden Outdoor Decoration Hand C,29.98,61.18,51,,,Extra 5% off with coins,CN,si,https://www.aliexpress.us/item/3256812886610554.html,https://ae-pic-a1.aliexpress-media.com/kf/S77480b41778c498db2a3c0c146240ac7R.jpg
rain chain bird bath,3256812742848283,"Rain Chain Basin Hand-Hammered Rain Chain Bowl Water Collection Base Decorative Modern for Homeowners, Garden,",13.95,23.64,41,,,,CN,si,https://www.aliexpress.us/item/3256812742848283.html,https://ae-pic-a1.aliexpress-media.com/kf/S6dc08d89cecc4b72b107f6da62a1739b2.jpg
rain chain bird bath,3256809153410875,"A72P Japanese Garden Rain Chain - Decorative Drainage Chain For Villa Eaves, Rain Bell Sink Pipe Funnel Access",10.05,20.94,52,5 sold,5,,CN,si,https://www.aliexpress.us/item/3256809153410875.html,https://ae-pic-a1.aliexpress-media.com/kf/S9a078c26140542459f71bdae44e62532j.jpeg
rain chain bird bath,3256809764424327,Stainless Steel Parrot Leg Ring with Chain Bird Ankle Foot Chain Ring Anti Bite Wire Rope Outdoor Flying Train,1.09,3.49,68,27 sold,5,New shoppers save $2.4 | Extra 2% off with coins,CN,si,https://www.aliexpress.us/item/3256809764424327.html,https://ae-pic-a1.aliexpress-media.com/kf/S2ac5f98a79c9489993f5a3b52488a955C.jpg
rain chain bird bath,3256812303770410,Parrot Electric Bath Tub Automatic Circulation Bird Bath Pot Toilet Pot for Bird Shower Gadget,12.94,,,1 sold,,Extra 5% off with coins,CN,si,https://www.aliexpress.us/item/3256812303770410.html,https://ae-pic-a1.aliexpress-media.com/kf/Sb9d6a113f58c48bb8ff3333834f2147eW.jpg
rain chain bird bath,3256812722467399,Hanging Rain Chain Rainwater Catcher Metal Roof Downspout Decorative Drain for Villa Courtyard,36.56,,,,,4 × $9.14 with no interest,CN,si,https://www.aliexpress.us/item/3256812722467399.html,https://ae-pic-a1.aliexpress-media.com/kf/S4809cf229d5f42a292221a85351905e4y.jpg
rain chain bird bath,3256812209666985,"Hanging Bird Baths for Outdoors Heavy Duty Versatile Bird Paddling Pool Birdbath, Bird Water Feeders for Yard ",18.98,40.38,53,,,Free shipping,CN,si,https://www.aliexpress.us/item/3256812209666985.html,https://ae-pic-a1.aliexpress-media.com/kf/S2fecb21da79047b58bfe6d12a25ae02fx.jpg
rain chain bird bath,3256812206420093,Rain Chain Spill Bowl Anchoring Aluminum Alloy Basin for Lawn Patio Garden Water Feature Courtyard,21.27,38.68,45,3 sold,,,CN,si,https://www.aliexpress.us/item/3256812206420093.html,https://ae-pic-a1.aliexpress-media.com/kf/S6d028ecd7a91467e9c08b7a225f189b4M.jpg
exfoliating shower glove,3256806810306410,2Pcs/Pair Bath for Peeling Exfoliating Mitt Glove with Shower Scrub Gloves Resistance Body Massage Sponge Wash,1.33,3.96,66,"5,000+ sold",4.9,Delivery: Oct 05 - 13,CN,si,https://www.aliexpress.us/item/3256806810306410.html,https://ae-pic-a1.aliexpress-media.com/kf/Sbb33167ff2c34cdea3786e1abb5301993.jpg
exfoliating shower glove,3256813049951111,"Exfoliating Body Scrubber Set, Back Scrubber Bath Glove Shower Sponge Loofah for Deep Skin Clean & Vitalize",2.74,7.93,65,1 sold,,"Early bird deal, only 4 left | Delivery: Oct 05 - 13",CN,si,https://www.aliexpress.us/item/3256813049951111.html,https://ae-pic-a1.aliexpress-media.com/kf/Saba040c198a74179bb72f987bd4880b4s.jpg
exfoliating shower glove,3256813098549664,Exfoliating Shower Glove with Colorful Honeycomb Weave and TPU High Elasticity Antibacterial Material - Gentle,7.44,14.89,50,,,Delivery: Oct 05 - 13 | Extra 1% off with coins,CN,si,https://www.aliexpress.us/item/3256813098549664.html,https://ae-pic-a1.aliexpress-media.com/kf/Sa45539691c4640e5947c0717cd02c4bd4.jpg
exfoliating shower glove,3256811890783731,50pcs Exfoliating Gloves for Shower Body Scrubs Exfoliator Bath Mitt Glove,35.01,58.35,40,6 sold,,4 × $8.75 with no interest,CN,si,https://www.aliexpress.us/item/3256811890783731.html,https://ae-pic-a1.aliexpress-media.com/kf/Sda4b6e26911f41e2bbd87fddbbdbe7b7R.jpg
exfoliating shower glove,3256806718267719,1Pc Five Finger Shower Gloves Frosted Mud Rubbing Towel Scrubbing Tool for Mud Bath Exfoliating Glove with Gri,0.97,2.03,52,"5,000+ sold",4.9,Delivery: Oct 05 - 13 | Extra 2% off with coins,CN,si,https://www.aliexpress.us/item/3256806718267719.html,https://ae-pic-a1.aliexpress-media.com/kf/S40384d4241c744878142d9442cc785eeC.jpg
exfoliating shower glove,3256813054004492,"Exfoliating shower gloves, double-sided fiber body scrub gloves, used for hydrotherapy, showering, body scrub",1.78,6.32,71,,,"Early bird deal, only 1 left | Delivery: Oct 05 - 13",CN,si,https://www.aliexpress.us/item/3256813054004492.html,https://ae-pic-a1.aliexpress-media.com/kf/S83cf8fcee66847ffb81e92936cc3172co.jpg
exfoliating shower glove,3256806984349214,Exfoliating Body Care Kit Includes Back Scrubber Bath Glove Loofah Pumice Sponge For Dead Skin Removal And Com,1.09,5.31,79,"10,000+ sold",4.9,New shoppers save $4.22 | Lowest price in 90 days,CN,si,https://www.aliexpress.us/item/3256806984349214.html,https://ae-pic-a1.aliexpress-media.com/kf/Sd837fb882bbc4756a5e523727caedc08I.png
exfoliating shower glove,3256811878724514,Body Cleaning Gloves Washcloth Soft Brush Home Hotel Bathroom Shower Ball Back Scrubber Set Exfoliating Skin T,1,1.61,38,36 sold,5,Extra 5% off with coins,CN,si,https://www.aliexpress.us/item/3256811878724514.html,https://ae-pic-a1.aliexpress-media.com/kf/Scda8d1e8250241ad89976b1c86e79b3aA.jpg
exfoliating shower glove,3256808219922929,Hemp Back Scrubber Bath Towel Jute Exfoliating Loofah Back Strap with Gloves for Shower Body Cleaning Kit for ,4.52,9.42,52,"2,000+ sold",4.9,Delivery: Oct 05 - 13 | Extra 2% off with coins,CN,si,https://www.aliexpress.us/item/3256808219922929.html,https://ae-pic-a1.aliexpress-media.com/kf/Sadf07f1f43654f3585049991c9ea3eb1M.jpg
exfoliating shower glove,3256812865708524,Bath Exfoliating Glove Body Scrub Mitt Soft Dead Skin Remover Shower Gloves For Body Skin Care Bath Accessory,2.3,4.6,50,1 sold,,Delivery: Oct 05 - 13 | Extra 1% off with coins,CN,si,https://www.aliexpress.us/item/3256812865708524.html,https://ae-pic-a1.aliexpress-media.com/kf/Se93c07829bd145eebaee4c32c0fa0a10l.jpg
exfoliating shower glove,3256812948821683,Silicone Bath Mitt Exfoliating Glove Honeycomb Body Scrubber Massage Body Scrub Gloves for Home Spa Massage & ,7.58,16.12,53,,,Delivery: Oct 05 - 13 | Extra 1% off with coins,CN,si,https://www.aliexpress.us/item/3256812948821683.html,https://ae-pic-a1.aliexpress-media.com/kf/S386504a7b7dc45e48c47e5db4f5437c90.jpg
exfoliating shower glove,3256810121005100,4PCS Set Silicone Body Scrubber Soft Exfoliating Brush for Face Gentle Shower Massage and Skin Cleansing Bathr,6.39,13.6,53,"5,000+ sold",4.7,Top selling on AliExpress | Delivery: Oct 05 - 13,CN,si,https://www.aliexpress.us/item/3256810121005100.html,https://ae-pic-a1.aliexpress-media.com/kf/S42dfd689d0d04175bf7d2c8db5e69694V.png
exfoliating shower glove,3256812921820989,1/3/5/10 pcs Extreme Comfort Durable Portable Viscose Fiber Cleaner Washcloth Bath Glove Shower Scrubber Exfol,1.5,4.28,65,,,"Early bird deal, only 1 left | Delivery: Oct 05 - 13",CN,si,https://www.aliexpress.us/item/3256812921820989.html,https://ae-pic-a1.aliexpress-media.com/kf/Sf480adcf516a4d729c0a3a67982a869dA.jpg
exfoliating shower glove,3256812415015906,"2-piece bath flower scrubbing towel, powerful dirt-removing scrub, bathing essential, household bath towel, ba",2.62,7.71,66,,,"Early bird deal, only 1 left | Delivery: Oct 05 - 13",CN,si,https://www.aliexpress.us/item/3256812415015906.html,https://ae-pic-a1.aliexpress-media.com/kf/A12275994b42543aeaf6846bca34738e61.jpeg
exfoliating shower glove,3256810145942150,Double Sided Gentle Body Peeling Glove Soft Hammam Exfoliator Mitt  Gentle Skin Exfoliating Glove 1Pc Double S,0.33,5.52,93,"1,000+ sold",4.9,Delivery: Oct 05 - 13,CN,si,https://www.aliexpress.us/item/3256810145942150.html,https://ae-pic-a1.aliexpress-media.com/kf/S1e18736138e34ea2b06943d4b2a00bbcj.jpg
exfoliating shower glove,3256807133740430,1pc Body Massage Sponge Gloves Shower Exfoliating Bath Gloves Shower Scrubber for Daily Use Bathroom Supplies,1.09,2.21,50,142 sold,4.9,New shoppers save $1.12 | Lowest price in 90 days,CN,si,https://www.aliexpress.us/item/3256807133740430.html,https://ae-pic-a1.aliexpress-media.com/kf/Sc4ddac2d554945bf9adaf672c0e0050eA.jpg
exfoliating shower glove,3256812996762461,"(.) Exfoliating Body Scrubber Set - Includes Back Scrubber, Bath Glove And Shower Bath Sponge Loofah - Deep Cl",3.14,8.05,61,,,"Early bird deal, only 4 left | Delivery: Oct 05 - 13",CN,si,https://www.aliexpress.us/item/3256812996762461.html,https://ae-pic-a1.aliexpress-media.com/kf/S51b3ff2aba014a8c8d292e026f34cfb1o.jpg
exfoliating shower glove,3256812831804496,Double-sided Towel Korean Exfoliating Bath Washcloth Body Scrub Shower Towel Mitt Removal Kessa Exfoliate Peel,2.5,5.21,52,,,Delivery: Oct 05 - 13 | Extra 1% off with coins,CN,si,https://www.aliexpress.us/item/3256812831804496.html,https://ae-pic-a1.aliexpress-media.com/kf/S11befbbeb2284552a7e3776e8d4003a4h.jpeg
exfoliating shower glove,3256812996275197,Exfoliating Bath Gloves and Back Scrubber Set Easy Shower Body Cleaning Tool for Home Bath,3.34,13.38,75,,,"Early bird deal, only 1 left | Delivery: Oct 05 - 13",CN,si,https://www.aliexpress.us/item/3256812996275197.html,https://ae-pic-a1.aliexpress-media.com/kf/S22a92af7745e46d5899d761a84b26f7ch.jpg
exfoliating shower glove,3256808112152680,Soft Silicone Body Scrubber Shampoo Brush Handheld Shower Cleansing Brushes Exfoliating Bath Brush Head Massag,1.09,4.98,78,30 sold,5,New shoppers save $3.89 | Extra 5% off with coins,CN,si,https://www.aliexpress.us/item/3256808112152680.html,https://ae-pic-a1.aliexpress-media.com/kf/Sae26cf568234476e9c4cfed3e009c307y.jpg
exfoliating shower glove,3256812355690437,Garshana Raw Silk Massage Gloves Exfoliating And Bathing deep body frosted Gloves Shampoo Bath Brushsage Tool ,1.09,17.3,93,,,New shoppers save $16.21 | Delivery: Oct 05 - 13,CN,si,https://www.aliexpress.us/item/3256812355690437.html,https://ae-pic-a1.aliexpress-media.com/kf/Sf1ca86cdc9144ba7b0b6fbbfe5cb83bfC.jpg
exfoliating shower glove,3256813058142932,3 In 1 Exfoliating Body Scrubber Set Long Handle Back Scrubber Shower Glove & Soft Loofah Sponge Deep Cleansin,2.07,6.92,70,,,"Early bird deal, only 1 left | Delivery: Oct 05 - 13",CN,si,https://www.aliexpress.us/item/3256813058142932.html,https://ae-pic-a1.aliexpress-media.com/kf/S5f77937ce25a49748f2c65437671d4e1V.jpg
exfoliating shower glove,3256809948554447,"Exfoliating Gloves for Dead Skin, Bath, Shower, Spa, Massage, Body Washcloth",0.33,4.15,92,900+ sold,4.4,Delivery: Oct 05 - 13,CN,si,https://www.aliexpress.us/item/3256809948554447.html,https://ae-pic-a1.aliexpress-media.com/kf/Scefbcd412a3544b6a7ea181b39d8f630L.jpg
exfoliating shower glove,3256808890058689,Japanese Exfoliating Bath Towel Ultra-Long Shower Scrubber for Back Antibacterial Foam Washcloth Multi-Use for,,,,"3,000+ sold",4.7,,,,https://www.aliexpress.us/item/3256808890058689.html,https://ae-pic-a1.aliexpress-media.com/kf/S89610f43b7e84e3aabee47a5e5840bfbS.jpg
exfoliating shower glove,3256812322489943,2026 Shower Spa Exfoliator Two-sided Bath Glove Body Cleaning Shower Gloves Scrubbing Gloves Random Color Bath,1.09,5.3,79,2 sold,,New shoppers save $4.21 | Delivery: Oct 05 - 13,CN,si,https://www.aliexpress.us/item/3256812322489943.html,https://ae-pic-a1.aliexpress-media.com/kf/S0dc2f22aff154649aa2e526055efa3fdt.jpeg
exfoliating shower glove,3256810112847573,Natural Fiber Bath Exfoliating Glove Scrubber Washcloths Bathing Glove Massage,3.22,6.58,51,11 sold,5,"$3.06 each, ≥ 3 pieces | Delivery: Oct 05 - 13",CN,si,https://www.aliexpress.us/item/3256810112847573.html,https://ae-pic-a1.aliexpress-media.com/kf/S439764a2f07b411599a52d5ab2aa6f37L.jpg
exfoliating shower glove,3256812184209230,"2PCS Exfoliating Gloves for Body Bath, Exfoliating Bath Glove, Exfoliating Gloves for Shower for Bath, Shower,",25,53.21,53,39 sold,4.9,Free shipping,US,si,https://www.aliexpress.us/item/3256812184209230.html,https://ae-pic-a1.aliexpress-media.com/kf/Sd39095a81ed44afdb9d973b6f8ae40dc0.jpg
exfoliating shower glove,3256811986492841,"6pcs Natural Loofah Exfoliating Sponges - Gentle Body Scrubber for Shower & Bath, Bamboo Fiber Cleaning Pads 2",24.85,52.87,53,"5,000+ sold",4.9,Free shipping,US,si,https://www.aliexpress.us/item/3256811986492841.html,https://ae-pic-a1.aliexpress-media.com/kf/Sa9cc3c6d15cc4a9c996c506e7c1116fdR.jpg
exfoliating shower glove,3256812531729493,2 Pcs Korean Exfoliating Washcloth and Mitts Set Long Exfoliating Back Italy Towel Scrub Mitt Wash Cloth Scrub,5.26,22.89,77,,,"Early bird deal, only 1 left | Free shipping",US,si,https://www.aliexpress.us/item/3256812531729493.html,https://ae-pic-a1.aliexpress-media.com/kf/Sfc6840932cec457d94c776162fdfcaa0I.jpg
exfoliating shower glove,3256812654498471,Exfoliating Body Massage Sponge Bath Gloves Skin Bath Shower Wash Cloth Shower Scrubber Exfoliating Bath Glove,4.27,9.1,53,,,Delivery: Oct 05 - 13 | Extra 1% off with coins,CN,si,https://www.aliexpress.us/item/3256812654498471.html,https://ae-pic-a1.aliexpress-media.com/kf/S4a4c8bbb8efb459ba1a78ad7254c5c1ac.jpg
exfoliating shower glove,3256810379011003,"3Pcs Exfoliating Bath Set - Gentle Loofah & Soft Glove Washcloth for Body Scrub, Spa Essentials | Eco Friendly",3.41,6.95,51,5 sold,,Delivery: Oct 05 - 13 | Extra 1% off with coins,CN,si,https://www.aliexpress.us/item/3256810379011003.html,https://ae-pic-a1.aliexpress-media.com/kf/S21800d56ed7d44359b1ea85bad01962au.jpg
exfoliating shower glove,3256810064375720,Body Cleaning Gloves Washcloth Soft Brush Home Hotel Bathroom Shower Ball Back Scrubber Set Exfoliating Skin T,1.54,,,53 sold,4.8,,CN,si,https://www.aliexpress.us/item/3256810064375720.html,https://ae-pic-a1.aliexpress-media.com/kf/S3ec8d109cd28479a98ebe29b59dc6fbaT.jpg
exfoliating shower glove,3256812201073355,Rubbing Towel Five Finger Shower Gloves Shower Frosted Mud Shower Tools Frosted Shower Towel Scrubbing Tool Sh,1.09,4.69,76,3 sold,,New shoppers save $3.6 | Delivery: Oct 05 - 13,CN,si,https://www.aliexpress.us/item/3256812201073355.html,https://ae-pic-a1.aliexpress-media.com/kf/S6d45c1a408894030a758b8f6699249abA.jpg
exfoliating shower glove,3256812520661255,Shower Exfoliating Back Scrubber Bath Belt Towel Ball Glove Deep Mud Clean Korean Body Washcloth Japanese Rear,1.09,13.84,92,1 sold,,New shoppers save $12.75 | Lowest price in 90 days,CN,si,https://www.aliexpress.us/item/3256812520661255.html,https://ae-pic-a1.aliexpress-media.com/kf/Sdbc37c547c4c458d8c036e634cc44cf9J.jpg
exfoliating shower glove,3256812816056565,Bath Exfoliating Glove Set with Stretch Mesh Bath Sponge Loofah Body Scrubber Rich Foam Shower Cleaning Bathin,2.9,5.93,51,,,Delivery: Oct 05 - 13 | Extra 1% off with coins,CN,si,https://www.aliexpress.us/item/3256812816056565.html,https://ae-pic-a1.aliexpress-media.com/kf/S587d7a4be1a94fdd8e199007111031c3t.png
exfoliating shower glove,3256811661361700,"PeaKalo Authentic African Net Sponge-2Pcs Exfoliating Bath Shower Loofah Sponge, Gentle Back Scrubber for All ",6.99,15.44,54,"1,000+ sold",4.8,Top selling on AliExpress | Delivery: Oct 05 - 13,CN,si,https://www.aliexpress.us/item/3256811661361700.html,https://ae-pic-a1.aliexpress-media.com/kf/Sa32c0e85deae4f70a929553b761be524c.png
exfoliating shower glove,3256808671312808,Exfoliating Bath Gloves SPA Shower Body Scrubber Mitt for Deep Cleaning Massage Reusable Wash Tool Exfoliating,2.18,4.46,51,52 sold,3.5,"$2.07 each, ≥ 3 pieces | Delivery: Oct 05 - 13",CN,si,https://www.aliexpress.us/item/3256808671312808.html,https://ae-pic-a1.aliexpress-media.com/kf/S53175e50fc524d519421053a69fad4f4S.jpg
exfoliating shower glove,3256810326595382,Fashion Body Massage Shower Gloves Exfoliating Bath Scrubber for Daily Use Bathroom Supplies 2026 New,1.09,6.83,84,3 sold,,"$1.02 each, ≥ 2 pieces | New shoppers save $5.74",CN,si,https://www.aliexpress.us/item/3256810326595382.html,https://ae-pic-a1.aliexpress-media.com/kf/S0afb6ae2814b4a78a0f648c65d328183X.jpg
exfoliating shower glove,3256812505846873,Moroccan Shower Exfoliating Glove Hammam Bath Body Cleaning Scrub Massage Mitt Kessa Peeling Towel Glove,1.09,7.96,86,1 sold,,New shoppers save $6.87 | Delivery: Oct 05 - 13,CN,si,https://www.aliexpress.us/item/3256812505846873.html,https://ae-pic-a1.aliexpress-media.com/kf/Sb15eae4822d54f51a4328cc1589b879et.jpg
exfoliating shower glove,3256812659281537,"6pcs Natural Loofah Exfoliating Sponges - Gentle Body Scrubber for Shower & Bath, Bamboo Fiber Cleaning Pads",1.68,2.95,43,51 sold,5,Extra 5% off with coins,CN,si,https://www.aliexpress.us/item/3256812659281537.html,https://ae-pic-a1.aliexpress-media.com/kf/S0afb957e73a74790aeb01cca9a22e120Y.jpg
exfoliating shower glove,3256812117659066,Oxygen Body Mask Exfoliating Glove Disposable Bath Towel Skin Cleaning Exfoliating Towel Daily Beauty Care Acc,1.09,12.65,91,1 sold,,New shoppers save $11.56 | Delivery: Oct 05 - 13,CN,si,https://www.aliexpress.us/item/3256812117659066.html,https://ae-pic-a1.aliexpress-media.com/kf/Sf949cd2cddc742eaa68f2eac80a6cdb2S.jpg
exfoliating shower glove,3256812157286880,100% Silk Exfoliating Face Wash Beauty Towel Soft Exfoliating Skin Bath Scrub Silk Bath Face Wash Gloves,1.09,12.96,91,2 sold,5,New shoppers save $11.87 | Delivery: Oct 05 - 13,CN,si,https://www.aliexpress.us/item/3256812157286880.html,https://ae-pic-a1.aliexpress-media.com/kf/S86f0a7f713864018bb5266efebe2bcbfR.jpg
exfoliating shower glove,3256812328785883,Super Soft Exfoliating Bath Mitt-Painless To The Skin Sponge Children Adult Bathing Scrub Gloves Durable Showe,1.09,6.83,84,3 sold,4.7,New shoppers save $5.74 | Delivery: Oct 05 - 13,CN,si,https://www.aliexpress.us/item/3256812328785883.html,https://ae-pic-a1.aliexpress-media.com/kf/Se9a54fdfc56d4b8f92f1386c09b7cbbaB.jpg
exfoliating shower glove,3256807826955804,2-in-1 Bath Soft Back Brush Gentle Exfoliating Body Brush Bath Shower Sponge Scrubbing Brush Bathroom Shower C,1.09,3.99,72,379 sold,4.4,New shoppers save $2.9 | Lowest price in 90 days,CN,si,https://www.aliexpress.us/item/3256807826955804.html,https://ae-pic-a1.aliexpress-media.com/kf/S6452b5008f6b4e56b29b62340deccaebR.jpg
exfoliating shower glove,3256812336648572,"Honeycomb Exfoliating Shower Finger Caps，Available in Various Colors,Cleanses The Skin And Safe, Breathable Od",1.09,9.09,87,3 sold,5,New shoppers save $8 | Delivery: Oct 05 - 13,CN,si,https://www.aliexpress.us/item/3256812336648572.html,https://ae-pic-a1.aliexpress-media.com/kf/Sefabc9af47b64c09afd1ceb31c2ec26dq.jpg
exfoliating shower glove,3256812019285685,Round Shape Bath Scrub Pad Magic Dead Skin Remover Towel Painless Body Exfoliating Glove Universal Shower Tool,1.09,13.57,91,2 sold,1,New shoppers save $12.48 | Delivery: Oct 05 - 13,CN,si,https://www.aliexpress.us/item/3256812019285685.html,https://ae-pic-a1.aliexpress-media.com/kf/Saf37daa0e11d411b9279590e03470d41A.jpg
exfoliating shower glove,3256812324879663,【X】Soft Exfoliating Skin Bath Scrub Silk Bath Face Wash Gloves 100% Silk Exfoliating Face Wash Beauty Towel,1.09,12.46,91,2 sold,,New shoppers save $11.37 | Delivery: Oct 05 - 13,CN,si,https://www.aliexpress.us/item/3256812324879663.html,https://ae-pic-a1.aliexpress-media.com/kf/S672aaafa5bff431a9c64eeb5fa9699f2r.jpg
exfoliating shower glove,3256809111007153,"Exfoliating Back Scrubber, Shower Bath Towel Strap with Handle",1.09,7.11,84,212 sold,4.6,New shoppers save $6.02 | Lowest price in 90 days,CN,si,https://www.aliexpress.us/item/3256809111007153.html,https://ae-pic-a1.aliexpress-media.com/kf/S542974bbdf9c4bbea016b1f043ae005cn.jpg
exfoliating shower glove,3256812682796838,Cute Cartoon Bath Scrub Gloves for Kids - Fun Animal Shower Mitts. Gentle Body Exfoliator & Washcloth. Soft Ra,3.88,7.77,50,,,Delivery: Oct 05 - 13 | Extra 1% off with coins,CN,si,https://www.aliexpress.us/item/3256812682796838.html,https://ae-pic-a1.aliexpress-media.com/kf/S82c58fe85c7242bbabb715fb21c7a72b6.png
exfoliating shower glove,3256810560131108,Exfoliating Shower Glove With Colorful Honeycomb Weave And TPU High Elasticity Antibacterial Material Gentle S,4.78,30.8,84,6 sold,,New shoppers save $26.02 | Delivery: Oct 05 - 13,CN,si,https://www.aliexpress.us/item/3256810560131108.html,https://ae-pic-a1.aliexpress-media.com/kf/S841ea330aba34d4e9508fce3b0b2c2e2X.jpg
exfoliating shower glove,3256812148109122,Body Exfoliating TPU Bath Gloves Quick Dry Honeycomb Texture Scrub Brush Shower Tool For Face Body Exfoliation,6.73,13.45,50,,,Delivery: Oct 05 - 13 | Extra 1% off with coins,CN,si,https://www.aliexpress.us/item/3256812148109122.html,https://ae-pic-a1.aliexpress-media.com/kf/Sead1d8b59f5f4d14a24978dce74c8c66j.jpg
exfoliating shower glove,3256812248042530,3D Magic Children Bath Sponge Body Exfoliating Dead Skin Sponge Massager Cleaning Shower Brushes Peeling Spong,8.56,33.47,74,"10,000+ sold",4.9,New shoppers save $24.91,US,si,https://www.aliexpress.us/item/3256812248042530.html,https://ae-pic-a1.aliexpress-media.com/kf/Sef5f728506f446fca83ecc62e7fb049cg.jpg
exfoliating shower glove,3256807612717946,Revitalize Your Skin: Multi-Color Soft Pore Cleansing Bath Gloves for Dead Skin Exfoliation & Invigorating Bod,1.09,5.94,81,3 sold,,"$1.04 each, ≥ 3 pieces | New shoppers save $4.85",CN,si,https://www.aliexpress.us/item/3256807612717946.html,https://ae-pic-a1.aliexpress-media.com/kf/Sec80a969d3de410aba092090bb95b9ec6.jpg
exfoliating shower glove,3256812570180189,NEW Multi Color Honeycomb Body Scrub Finger Caps Odorless Breathable Shower Exfoliating Mitt Gentle Bath Skin ,1.09,14.25,92,2 sold,,New shoppers save $13.16 | Delivery: Oct 05 - 13,CN,si,https://www.aliexpress.us/item/3256812570180189.html,https://ae-pic-a1.aliexpress-media.com/kf/Se48fe8509b504c28a61c75f5190fdad3x.jpg
exfoliating shower glove,3256813042226518,Exfoliating Bath Mitt Unisex Body Rubbing Gloves Scrub Shower Towel Rose Red,9.11,82.53,88,,,"Early bird deal, only 1 left | Free shipping",US,si,https://www.aliexpress.us/item/3256813042226518.html,https://ae-pic-a1.aliexpress-media.com/kf/Sc46261c4295e4f3cbb806e35eeefbd61P.jpg
exfoliating shower glove,3256812432007678,Exfoliating Gloves Dead Skin Bath Shower Spa Massage Body Bath Towel,1.12,1.86,40,3 sold,,Extra 5% off with coins,CN,si,https://www.aliexpress.us/item/3256812432007678.html,https://ae-pic-a1.aliexpress-media.com/kf/S95d4d91c69c04bf4afce6fac7fc7d3feH.jpg
exfoliating shower glove,3256812085829471,Multi Color Honeycomb Bath Mitt Exfoliating Body Scrub Glove Breathable Shower Cleansing Skin Care Accessory,1.09,5.5,80,1 sold,4,New shoppers save $4.41 | Extra 2% off with coins,CN,si,https://www.aliexpress.us/item/3256812085829471.html,https://ae-pic-a1.aliexpress-media.com/kf/S70f8c93adde84dfe97f2d3fa6b1613dcs.jpg
exfoliating shower glove,3256809821641947,New Honeycomb TPU Shower Gloves Scrubber Sponge Loofah Bath Gloves Skin Exfolia Quick Drying Body Scrub Gloves,3.43,5.91,42,19 sold,,,CN,si,https://www.aliexpress.us/item/3256809821641947.html,https://ae-pic-a1.aliexpress-media.com/kf/S4941e36a6baf4664a58a1d263c5a8c1bk.jpg
exfoliating shower glove,3256812525640765,"Korean Exfoliating Mitt 4PCS, 150D Fine Texture Exfoliating Washcloth Set, Body Scrubber Glove for Deep Skin C",3.5,15.21,77,,,"Early bird deal, only 1 left | Free shipping",US,si,https://www.aliexpress.us/item/3256812525640765.html,https://ae-pic-a1.aliexpress-media.com/kf/S1776b54e97874490adac3c1830bf7815j.jpg
exfoliating shower glove,3256811990925512,Bath Soft Silicone Back Brush Bath Shower Sponge Scrubbing Brush with Handle Exfoliating Scrub Skin Massager E,22.72,54.36,58,"3,000+ sold",4.9,Free shipping,US,si,https://www.aliexpress.us/item/3256811990925512.html,https://ae-pic-a1.aliexpress-media.com/kf/S167c344ce03b4d1a92b090e778ba07efj.jpg
high pressure hose nozzle,3256806814485802,1/3/5pcs High Pressure Water Gun  Car Washing Garden Watering Hose Nozzle Sprinkler Foam Jug Water Faucet Join,0.33,8.04,95,"10,000+ sold",4.4,Top selling on AliExpress | Delivery: Oct 05 - 13,CN,si,https://www.aliexpress.us/item/3256806814485802.html,https://ae-pic-a1.aliexpress-media.com/kf/S5f8235f453eb4f83a1fc6a0065c953f8t.jpg
high pressure hose nozzle,3256811941398689,"High-Pressure Car Washing Water Gun, Equipped With Multi-Functional Garden Hose Nozzle Or Foam Canister,Adjust",3.33,13.71,75,135 sold,4,,CN,si,https://www.aliexpress.us/item/3256811941398689.html,https://ae-pic-a1.aliexpress-media.com/kf/S14d0c2b9e0ae493e91647a353f87bfa2d.jpeg
high pressure hose nozzle,3256808368267849,8 Mode High Pressure Garden Water Gun Hose Nozzle Car Washing Yard Water Sprayer Irrigation Pipe Tube Nozzle S,0.33,5.9,94,"4,000+ sold",4.9,Delivery: Oct 05 - 13,CN,si,https://www.aliexpress.us/item/3256808368267849.html,https://ae-pic-a1.aliexpress-media.com/kf/S78e1cac8fc094d268d6aa4bb5c3bca89z.jpg
high pressure hose nozzle,3256812075411136,High Pressure Power Washer Nozzle Garden Hose Sprayer Car Washing and Outdoor Cleaning Watering and Pressure C,0.99,8.01,87,43 sold,5,New shoppers save $7.02,CN,si,https://www.aliexpress.us/item/3256812075411136.html,https://ae-pic-a1.aliexpress-media.com/kf/Sff536dc0b2bb4c71aca92db0c14a4f704.jpg
high pressure hose nozzle,3256810587131923,"5/7Pcs Color-Coded Pressure Washer Nozzles Kit, 1/4"" Quick Connect Spray Tips with Holder Base for Car Home Cl",,,,"1,000+ sold",4.9,,,,https://www.aliexpress.us/item/3256810587131923.html,https://ae-pic-a1.aliexpress-media.com/kf/S0d7d8677dff2499da04a11ac344844047.jpg
high pressure hose nozzle,3256806931854574,Turbo Nozzle for Pressure Washer Rotating for Hot and Cold Water With 1/4 Quick Connect Stainless Steel 3625 P,10.79,24.31,55,"3,000+ sold",4.8,Top selling on AliExpress | Delivery: Oct 05 - 13,CN,si,https://www.aliexpress.us/item/3256806931854574.html,https://ae-pic-a1.aliexpress-media.com/kf/S60925f262a114eb2bcb76c95d462ce98r.jpg
high pressure hose nozzle,3256806825324886,"1/4"" Female NPT Connect Pressure Washer Sewer Jetter Nozzle for Pressure Drain Jetter Hose Compatible with Mos",1.33,3.41,60,"3,000+ sold",4.9,Delivery: Oct 05 - 13,CN,si,https://www.aliexpress.us/item/3256806825324886.html,https://ae-pic-a1.aliexpress-media.com/kf/Sa4d8dbe991ad46dd9ba53af35d98b77bV.jpg
high pressure hose nozzle,3256811613297659,Adjustable Garden Sprayer High Pressure Water Hose Nozzle Spray Gun for Plant Watering with 4-Point Universal ,11.19,25.55,56,500+ sold,4.5,Delivery: Oct 05 - 13,CN,si,https://www.aliexpress.us/item/3256811613297659.html,https://ae-pic-a1.aliexpress-media.com/kf/Sac640be72f5a43ba8dff6453582cc3a91.jpg
high pressure hose nozzle,3256811986351162,Car Washing High Pressure Water Sprayer Washer  Jet Washer Hose Pipe Wand Nozzle Sprinkler Garden Cleaning ﻿Ca,13.33,34.81,61,"1,000+ sold",4.9,Delivery: Oct 05 - 13,CN,si,https://www.aliexpress.us/item/3256811986351162.html,https://ae-pic-a1.aliexpress-media.com/kf/S7b7cb59fa7a64998aba46289c06aa519q.jpg
high pressure hose nozzle,3256810516436183,"Water Jet High Pressure Sprayer Nozzle Clean Sewer 1/4"" Stainless Steel Pressure Washer Quick Plug Drain Hose ",,,,"2,000+ sold",4.6,,,,https://www.aliexpress.us/item/3256810516436183.html,https://ae-pic-a1.aliexpress-media.com/kf/S58f2dc60607449afa240a1749a74267d5.jpg
high pressure hose nozzle,3256812252291694,"High-Pressure Garden Spray Gun for Outdoor Watering - Adjustable Nozzle, Multi-Purpose Sprinkler Head for Outd",1.33,10.24,86,"1,000+ sold",4.9,Delivery: Oct 05 - 13,CN,si,https://www.aliexpress.us/item/3256812252291694.html,https://ae-pic-a1.aliexpress-media.com/kf/Sc100149d01394d638561d16774fca3bfO.jpg
high pressure hose nozzle,3256809668636525,Household Garden Water Gun Hose Nozzle Long Rod Watering Irrigation Spray Guns High-pressure Foam Kettle Car W,6.33,20.08,68,600+ sold,4.3,Delivery: Oct 05 - 13,CN,si,https://www.aliexpress.us/item/3256809668636525.html,https://ae-pic-a1.aliexpress-media.com/kf/Sf0abfc72db1d41bbb1871e9f0fbd7e85G.jpg
high pressure hose nozzle,3256806915927366,6~25m suitable for karcher k series adapter sewer nozzle sewer pipe cleaning high pressure cleaning machine ho,37.06,94.44,60,104 sold,4.8,New shoppers save $57.38 | Delivery: Oct 05 - 13,CN,si,https://www.aliexpress.us/item/3256806915927366.html,https://ae-pic-a1.aliexpress-media.com/kf/Saaf55a40e3b44649a661b349fbd40a79J.jpg
high pressure hose nozzle,3256809857871810,High Pressure Water Nozzle 0°15°25°40°65° For Quick Connector Car Wash Garden Irrigation Durable,3.05,6.09,50,"1,000+ sold",4.9,Lowest price in 90 days | Delivery: Oct 05 - 13,CN,si,https://www.aliexpress.us/item/3256809857871810.html,https://ae-pic-a1.aliexpress-media.com/kf/S671d397277eb4e0998145900d4656409b.jpg
high pressure hose nozzle,3256810500361689,3/4 Inch High Pressure Variable Direct Injection Type Water Gun Garden Irrigation Pipe Nozzle Car Washing Spri,5.56,,,92 sold,4.6,Extra 1% off with coins,CN,si,https://www.aliexpress.us/item/3256810500361689.html,https://ae-pic-a1.aliexpress-media.com/kf/S1a25d2a36af34f6db94dd6c370e4683eF.jpg
high pressure hose nozzle,3256811870147591,High Pressure Water Spray Gun Metal Brass Nozzle Garden Hose Pipe Lawn Car Wash Sprayer Sprinkler Car Wash Too,3.33,15.04,77,"2,000+ sold",4.8,Top selling on AliExpress | Delivery: Oct 05 - 13,CN,si,https://www.aliexpress.us/item/3256811870147591.html,https://ae-pic-a1.aliexpress-media.com/kf/S862c314b631842948985cd87a33d1357R.jpg
high pressure hose nozzle,3256812520523130,Metal Brass High Pressure Water Spray Gun Adjustable Nozzle Handheld Sprayer for Garden Lawn Car Cleaning,0.99,13.44,92,15 sold,4,"$0.94 each, ≥ 2 pieces | New shoppers save $12.45",CN,si,https://www.aliexpress.us/item/3256812520523130.html,https://ae-pic-a1.aliexpress-media.com/kf/S197df2b317fa4a2c91fb1505e8d6df6eQ.jpg
high pressure hose nozzle,3256806103924711,High Pressure Water Gun Car Wash Gun Garden Watering Guns Garden Hose Washing Nozzle Sprayer Washer Pipe Foam ,0.99,3.03,67,"1,000+ sold",4.3,New shoppers save $2.04,CN,si,https://www.aliexpress.us/item/3256806103924711.html,https://ae-pic-a1.aliexpress-media.com/kf/S63afe27ce87d478caa6033aa406e327c5.jpg
high pressure hose nozzle,3256810272661409,5pcs High Pressure Water Gun 14mm M22 Socket Car Wash Water Gun Car Washing Garden Cleaning Tools Five Color F,0.99,13.12,92,14 sold,5,New shoppers save $12.13 | Free shipping,US,si,https://www.aliexpress.us/item/3256810272661409.html,https://ae-pic-a1.aliexpress-media.com/kf/S778b06ab050546dfbda1841cc7f3bcb2C.jpg
high pressure hose nozzle,3256805726799821,Adjustable High Pressure Washer Gun Patterns Car Wash Machine Garden Watering Hose Nozzle Sprinkler Universal ,0.99,6.79,85,60 sold,4.4,New shoppers save $5.8,CN,si,https://www.aliexpress.us/item/3256805726799821.html,https://ae-pic-a1.aliexpress-media.com/kf/S9c2c8d525ab04a6b8d3c84839f946992g.jpg
high pressure hose nozzle,3256809716317213,"180° Pivoting Pressure Washer Coupler with 5 Angle Nozzle Tips, 1/4"" Quick Connect Gutter Cleaner Attachment f",3.33,14.23,76,274 sold,4.5,Delivery: Oct 05 - 13,CN,si,https://www.aliexpress.us/item/3256809716317213.html,https://ae-pic-a1.aliexpress-media.com/kf/S830ac116348144c0b38d29927a9acec5W.jpg
high pressure hose nozzle,3256811713291431,"High-Pressure Car Washing Water Gun, External Cleaning Of RV, Foam Kettle Cleaning, Garden Water Hose Nozzle, ",3.33,13.92,76,"2,000+ sold",4.4,Delivery: Oct 05 - 13,CN,si,https://www.aliexpress.us/item/3256811713291431.html,https://ae-pic-a1.aliexpress-media.com/kf/S3c412898ec034b419dc2bfecb07f374dE.jpg
high pressure hose nozzle,3256813016312039,"High Pressure Car Wash Water Gun Garden Water Pipe Nozzle, Multifunctional Watering Tool, Powerful Cleaning Fo",0.99,34.45,97,2 sold,,"New shoppers save $33.46 | Early bird deal, only 4 left",US,si,https://www.aliexpress.us/item/3256813016312039.html,https://ae-pic-a1.aliexpress-media.com/kf/S1003ffe1c1f44d188fe9e5c66b135a5b5.png
high pressure hose nozzle,3256812080331379,Car Washing Water Gun Garden Hose Nozzle Sprayer High Pressure Leak-proof Water Hose Nozzle Garden Watering An,0.99,8.1,87,268 sold,3.7,New shoppers save $7.11,CN,si,https://www.aliexpress.us/item/3256812080331379.html,https://ae-pic-a1.aliexpress-media.com/kf/Sb95310d1c7ab47beaf9dd766dc6b8cf9r.jpg
high pressure hose nozzle,3256812911591526,High-pressure Nozzle Car Washing Tool Set Extension Hose Water Hose for Pressure Cleaner Telescopic Water Pipe,4.26,29.83,85,5 sold,,"New shoppers save $25.57 | Early bird deal, only 15 left",CN,si,https://www.aliexpress.us/item/3256812911591526.html,https://ae-pic-a1.aliexpress-media.com/kf/S8223f13697e4444c93b598f38fe4eff3J.jpg
high pressure hose nozzle,3256805585303726,High-Pressure Water Gun Household Car Wash Water Black Car Wash Nozzle Diamond Water Watering Pipe Car Wash Gu,0.99,5.4,81,"5,000+ sold",4.1,New shoppers save $4.41 | Top selling on AliExpress,CN,si,https://www.aliexpress.us/item/3256805585303726.html,https://ae-pic-a1.aliexpress-media.com/kf/S58248dc686804c26af4a6abebec61860v.jpg
high pressure hose nozzle,3256805638006457,"1pcs 1/4"" Quick Connect Garden High Pressure Washer Spray Nozzle 0 15 25 40 60Degree Watering Soap Nozzle Tip ",,,,600+ sold,4.6,,,,https://www.aliexpress.us/item/3256805638006457.html,https://ae-pic-a1.aliexpress-media.com/kf/Sfc6e5fbd167c40e49b8edab5b4c7999bL.jpg
high pressure hose nozzle,3256812293133211,Metal Multi-function High Pressure Garden Spray Gun Adjustable Manual Hose Nozzle Sprinkler Gardening Tool For,16.98,,,,,Free shipping,CN,si,https://www.aliexpress.us/item/3256812293133211.html,https://ae-pic-a1.aliexpress-media.com/kf/S624d5d5fe230428796c989507d9241f06.jpg
high pressure hose nozzle,3256806912942690,Car Washing Maintenance High Pressure Power Water Gun Pipe Hose Water Cleaning Jet Washer Sprayer Nozzle Tool ,1.31,9.1,85,700+ sold,4.4,New shoppers save $7.79,CN,si,https://www.aliexpress.us/item/3256806912942690.html,https://ae-pic-a1.aliexpress-media.com/kf/S6f091154861342429c75b3b4b6669b526.jpg
high pressure hose nozzle,3256807203246272,"High Pressure Wash Gun Shower Sprayer Nozzle Tip With 1/4"" Quick Plug For Quick Hitch  Cars Garden Urban Tool",1.33,8.85,84,"2,000+ sold",4.9,Delivery: Oct 05 - 13,CN,si,https://www.aliexpress.us/item/3256807203246272.html,https://ae-pic-a1.aliexpress-media.com/kf/S081bbda2c85e456a9573e8989b8bbd3d9.jpg
high pressure hose nozzle,3256812094365903,High-Pressure Wash Water Gun Nozzles For Car Washing Cleaning Glass Garden Watering Irrigation Spray Gun Kit A,3.99,8.81,54,"1,000+ sold",4.2,Delivery: Oct 05 - 13,CN,si,https://www.aliexpress.us/item/3256812094365903.html,https://ae-pic-a1.aliexpress-media.com/kf/S3c421224e091429fa046ed539bbc5fe2u.jpg
high pressure hose nozzle,3256812148698438,High-Pressure Car Washing Water Gun Garden Hose Nozzle Irrigation Hose Sprayer Home Cleaning Tool Long Handle ,18,25.79,30,7 sold,,New shoppers save $7.79,CN,si,https://www.aliexpress.us/item/3256812148698438.html,https://ae-pic-a1.aliexpress-media.com/kf/S66b0a4044a7e4b05b54bd54f539aace52.jpg
high pressure hose nozzle,3256808053822153,"Sewer Jetter Kit,1600PSI 1.45m Nozzle Hose+2.20m 3/8 Quick Connect Hose for Pressure Washer,Drain Unclog & Aut",26.01,71.92,63,260 sold,4.3,New shoppers save $45.91 | Delivery: Oct 05 - 13,CN,si,https://www.aliexpress.us/item/3256808053822153.html,https://ae-pic-a1.aliexpress-media.com/kf/S4218f3c8e65f419f856f3d42aa10266fQ.jpg
high pressure hose nozzle,3256810140063152,Household High Pressure Water Gun Hose with Quick Connect - Car Washing Garden Landscaping Rod Air Conditioner,6.33,21.24,70,401 sold,4.6,Delivery: Oct 05 - 13,CN,si,https://www.aliexpress.us/item/3256810140063152.html,https://ae-pic-a1.aliexpress-media.com/kf/Sd9eb3a81a5d041138adb765836ae8744q.png
high pressure hose nozzle,3256812333134526,Adjustable Metal Garden Spray Gun High Pressure Car Wash Strong Water Gun Sprinkler Hose Nozzle Lawn Watering ,8.8,17.6,50,177 sold,4.9,Delivery: Oct 05 - 13 | Extra 2% off with coins,CN,si,https://www.aliexpress.us/item/3256812333134526.html,https://ae-pic-a1.aliexpress-media.com/kf/S8c34b236a5914d5fae2c165eefbcd74eV.jpg
high pressure hose nozzle,3256812503450695,"High-Pressure Car Washing Water Gun, External Cleaning Of RV, Foam Kettle Cleaning, Garden Water Hose Nozzle, ",5.33,19.22,72,95 sold,4.3,Delivery: Oct 05 - 13,CN,si,https://www.aliexpress.us/item/3256812503450695.html,https://ae-pic-a1.aliexpress-media.com/kf/Sa5910ec2e7a64c568ee1e4cd90b5f886d.jpg
high pressure hose nozzle,3256811401052707,Car Wrap High Pressure Sprayer Nozzle Kit With Filter & Long Hose For PPF Auto Film Installation Detailing Too,36.84,105.24,65,38 sold,5,4 × $9.21 with no interest | Extra 5% off with coins,CN,si,https://www.aliexpress.us/item/3256811401052707.html,https://ae-pic-a1.aliexpress-media.com/kf/Sc843efc69b2744ddb486b41973969b32f.png
high pressure hose nozzle,3256811906557789,Adjustable Brass Nozzle Quick Connect High Pressure Water Gun for Car Washing Garden Irrigation Hose Connector,5.07,10.78,53,58 sold,2.8,"$4.82 each, ≥ 2 pieces | Delivery: Oct 05 - 13",CN,si,https://www.aliexpress.us/item/3256811906557789.html,https://ae-pic-a1.aliexpress-media.com/kf/S0d201c52ec2e44c1bf50524c1b0671deY.jpg
high pressure hose nozzle,3256809928307853,Pressure Washer Water Gun Kit for Car Cleaning Hose Connector For Karcher Nilfisk Parkside Bosch Quick Connect,17.09,51.83,67,"5,000+ sold",4.9,New shoppers save $34.74 | Lowest price in 90 days,CN,si,https://www.aliexpress.us/item/3256809928307853.html,https://ae-pic-a1.aliexpress-media.com/kf/S7f092431f28346138f13c0fd7db4feeev.jpg
high pressure hose nozzle,3256807245879938,ZOMASOU 1/2Pcs Garden Hose Water Spray Gun 8 Modes Car Wash High Pressure Sprayer Watering Nozzle for Plant La,0.99,9.06,89,487 sold,4.8,New shoppers save $8.07,CN,si,https://www.aliexpress.us/item/3256807245879938.html,https://ae-pic-a1.aliexpress-media.com/kf/S587aa429cfdf4be1afed357b07c852f67.jpg
high pressure hose nozzle,3256803417702743,3/4 Inch Garden Hose Spray Nozzle Lawn Watering Sprinkler Irrigation Spray Nozzles High Pressure Car Washer Fi,2.43,12.19,80,150 sold,4.7,New shoppers save $9.76 | Lowest price in 90 days,CN,si,https://www.aliexpress.us/item/3256803417702743.html,https://ae-pic-a1.aliexpress-media.com/kf/S758a652ebcae4dddb79b0947c440b0b60.jpg
high pressure hose nozzle,3256810596082609,"1/4"" Quick Connect Pressure Washer Nozzle Tips, Multiple Degrees Spray Nozzles 4000PSI for Car Garden High Pre",,,,"1,000+ sold",4.8,,,,https://www.aliexpress.us/item/3256810596082609.html,https://ae-pic-a1.aliexpress-media.com/kf/Sdc9f803842254301a7aeda262a63e6dfk.jpg
high pressure hose nozzle,3256812002049605,4 Modes Garden Water Gun High Pressure Car Wash Gun Adjustable Irrigation Watering Hose Nozzle Lawn Yard Water,11.33,30.4,62,164 sold,4.3,Delivery: Oct 05 - 13 | Free shipping,CN,si,https://www.aliexpress.us/item/3256812002049605.html,https://ae-pic-a1.aliexpress-media.com/kf/S3e32388b7d91406693a9f8a2cdb7309f4.jpg
high pressure hose nozzle,3256812588195714,10 Meter Telescopic Water Pipe with High-pressure Nozzle Car Washing Tool Set Extension Hose Water Hose for Pr,6.52,,,,,Extra 3% off with coins,CN,si,https://www.aliexpress.us/item/3256812588195714.html,https://ae-pic-a1.aliexpress-media.com/kf/S8d30a82224b24723a844753ec80125b0i.jpg
high pressure hose nozzle,3256812434642444,"90° U-Shaped Pressure Washer Extension Wand, Fan Spray Nozzle Car Wash Cleaning Lance",0.99,10.34,90,31 sold,5,New shoppers save $9.35 | Delivery: Oct 05 - 13,CN,si,https://www.aliexpress.us/item/3256812434642444.html,https://ae-pic-a1.aliexpress-media.com/kf/S91ba61dd5ea445eeafeaa150eda9cd89P.jpg
high pressure hose nozzle,3256812907573712,2~50m High Pressure Washer Hose 5800PSI Sewer Drain Water Cleaning Hose Sewage Cleaning Nozzle For Karcher Nil,28.69,53.13,46,13 sold,5,Free shipping | Extra 5% off with coins,CN,si,https://www.aliexpress.us/item/3256812907573712.html,https://ae-pic-a1.aliexpress-media.com/kf/S14d52338162c478fb0eb7e2a71dc3387M.jpg
high pressure hose nozzle,3256812600469090,1/2 1/4 3/8 Inch Pressure Washer Sewer Jetter Nozzle Pipe Cleaning Tool Stainless Steel Nozzle Hose Nozzle Flo,42.85,75.17,43,4 sold,5,Free shipping | 4 × $10.71 with no interest,CN,si,https://www.aliexpress.us/item/3256812600469090.html,https://ae-pic-a1.aliexpress-media.com/kf/S5ed5692043bd4b8d84d68c85ca8ef536V.jpeg
high pressure hose nozzle,3256812419088423,4 Modes Garden Water Gun High Pressure Car Wash Gun Adjustable Irrigation Watering Hose Nozzle Lawn Yard Water,9.16,15.52,41,26 sold,4.5,Extra 4% off with coins,CN,si,https://www.aliexpress.us/item/3256812419088423.html,https://ae-pic-a1.aliexpress-media.com/kf/Sd62a183824e240eb92c06d5f73b99ea7C.jpg
high pressure hose nozzle,3256811889851211,Spray Lawn Watering Multi-Function Car Wash High Pressure Durable Hand-Held Tools Hose Sprinkle Nozzle Garden ,14.25,28.5,50,6 sold,5,"$13.68 each, ≥ 2 pieces | Delivery: Oct 05 - 13",CN,si,https://www.aliexpress.us/item/3256811889851211.html,https://ae-pic-a1.aliexpress-media.com/kf/Sba2582e7d50c45f8b60306b302f66ba9w.jpg
high pressure hose nozzle,3256812295809692,SCIMAKER Spray Nozzle Water Gun Brass High Pressure Direct Spray Sprinkler Quick Connector Home Garden Hose Ad,,,,378 sold,4.8,,,,https://www.aliexpress.us/item/3256812295809692.html,https://ae-pic-a1.aliexpress-media.com/kf/S53bcec5ca27543d99600255d19e81b4do.jpg
high pressure hose nozzle,3256812630768241,10 Meter Telescopic Water Pipe with High-pressure Nozzle Car Washing Tool Set Extension Hose Water Hose for Pr,0.99,12.76,92,6 sold,,New shoppers save $11.77 | Delivery: Oct 05 - 13,CN,si,https://www.aliexpress.us/item/3256812630768241.html,https://ae-pic-a1.aliexpress-media.com/kf/S17ca7a67fc7740d0b23a2cd7b77f7577x.jpg
high pressure hose nozzle,3256807246614944,1/2Pcs Garden Hose Water Spray Gun 8 Mode Car Wash High Pressure Sprayer Watering Nozzle for Lawn Plant Yard W,1.69,9.48,82,27 sold,4.5,New shoppers save $7.79 | Lowest price in 90 days,CN,si,https://www.aliexpress.us/item/3256807246614944.html,https://ae-pic-a1.aliexpress-media.com/kf/Sa00ee7b430344852ab6a97b9f03fecd0P.jpg
high pressure hose nozzle,3256809736484838,High Pressure Car Wash Spray Water Gun M416 High Pressure Cleaner AK47 Garden Watering Hose Nozzle Sprinkler C,58.52,83.6,30,85 sold,4.4,4 × $14.63 with no interest,CN,si,https://www.aliexpress.us/item/3256809736484838.html,https://ae-pic-a1.aliexpress-media.com/kf/S408cdae1af5341799d5fd59a819a4b2dk.jpg
high pressure hose nozzle,3256810582965759,Heavy Duty Brass Garden Sprayer High Pressure Adjustable Water Hose Nozzle Multi Spray Gun For Plant Watering ,0.99,17.9,94,100 sold,4.9,"$0.94 each, ≥ 2 pieces | New shoppers save $16.91",CN,si,https://www.aliexpress.us/item/3256810582965759.html,https://ae-pic-a1.aliexpress-media.com/kf/S6bcff53fcfeb45f68c4597a86ac56bb9Y.png
high pressure hose nozzle,3256806526739441,Car Wash Gun High-Pressure Water Gun Household Car Wash Water Gun Black Diamond Water Gun Watering Pipe Car Wa,0.99,9.77,89,273 sold,4.1,"$0.94 each, ≥ 2 pieces | New shoppers save $8.78",CN,si,https://www.aliexpress.us/item/3256806526739441.html,https://ae-pic-a1.aliexpress-media.com/kf/S23dad206d7a9447892129069ebdcc3270.jpg
high pressure hose nozzle,3256812598466956,Car Wash Gun Telescopic Water Pipe with High-pressure Nozzle Car Washing Tool Set Extension Hose Water Hose fo,6.72,,,1 sold,,Extra 3% off with coins,CN,si,https://www.aliexpress.us/item/3256812598466956.html,https://ae-pic-a1.aliexpress-media.com/kf/S2757e1220c6244f4926f709e7ae772c3u.jpg
high pressure hose nozzle,3256812976806617,"Anti-Splash High Pressure Atomizing Sprayer Nozzle, Stainless Steel Quick Connect Tip for Home Paint & Putty S",1.12,22.64,95,9 sold,,New shoppers save $21.52 | Delivery: Oct 05 - 13,CN,si,https://www.aliexpress.us/item/3256812976806617.html,https://ae-pic-a1.aliexpress-media.com/kf/S7c7903d4ede448ad88224d04a3d25fb49.jpg
high pressure hose nozzle,3256811978167081,Upgrade Leak-Free Jet Nozzle High Pressure Hose Nozzle Power Washer Wand with 5 High Pressure Hydro Nozzles an,7.6,36.94,79,16 sold,3.8,"$7.22 each, ≥ 2 pieces | New shoppers save $29.34",CN,si,https://www.aliexpress.us/item/3256811978167081.html,https://ae-pic-a1.aliexpress-media.com/kf/Sb6e5b7a9ac904ba0af5c1ccd429ec05dT.jpg
high pressure hose nozzle,3256807605687868,High Pressure Water Gun 360 Degree Rotating Nozzle Can Be Fanned Or Straight  Water Jet For Washing Car for Ka,2.33,9.95,76,"2,000+ sold",4.9,Delivery: Oct 05 - 13,CN,si,https://www.aliexpress.us/item/3256807605687868.html,https://ae-pic-a1.aliexpress-media.com/kf/S46fe7658d95f493c927480d2da262e47y.jpg
high pressure hose nozzle,3256807247176348,Top Garden Hose Water Spray Gun 8 Mode Car Wash High Pressure Sprayer Watering Nozzle for Lawn Plant Yard Wate,0.99,8.27,88,222 sold,4.9,New shoppers save $7.28,CN,si,https://www.aliexpress.us/item/3256807247176348.html,https://ae-pic-a1.aliexpress-media.com/kf/S337abcc0f3c44e528043c454fd48f923m.jpg
