consulta,id,titulo,precio,tachado,dto_%,vendidos,estrellas,envio_etiquetas,sale_desde,precio_nuevo_usuario,url,imagen
push up board,3256812772881173,Portable Multifunctional Push Up Board Fitness and Muscle Training Device Home Workout Set Foldable Push Up Ba,4.72,42.89,88,33 sold,4.9,New shoppers save $38.17 | Free shipping,US,si,https://www.aliexpress.us/item/3256812772881173.html,https://ae-pic-a1.aliexpress-media.com/kf/S3d6196e29b8342ca881f55e095fd526b5.png
push up board,3256812781653457,20 in 1 Portable Home Gym Workout Set Foldable Push Up Board with Resistance Bands Pilates Bar Ab Roller Hand ,26.36,69.9,62,16 sold,,New shoppers save $43.54 | Lowest price in 90 days,US,si,https://www.aliexpress.us/item/3256812781653457.html,https://ae-pic-a1.aliexpress-media.com/kf/Sccae8bda15e74e2ca38d21912e9557bfC.jpg
push up board,3256808243818458,Portable Multifunctional Push-up Board Set With Handles Foldable Fitness Equipment For Chest Abdomen Arms And ,12.66,26.37,52,"2,000+ sold",4.9,Delivery: Oct 05 - 13 | Extra 2% off with coins,CN,si,https://www.aliexpress.us/item/3256808243818458.html,https://ae-pic-a1.aliexpress-media.com/kf/Sdd02bc0de67d4e9e887c43c30277574dA.jpg
push up board,3256808459875719,S-Type Push Up Support Anti-Skid Foam Handle Thickened Steel Pipe Household Fitness Equipment Pectoral Muscle ,3.68,19.75,81,"1,000+ sold",4.6,New shoppers save $16.07 | Delivery: Oct 05 - 13,CN,si,https://www.aliexpress.us/item/3256808459875719.html,https://ae-pic-a1.aliexpress-media.com/kf/Sad9950e78ce1463888d69218063bb218n.png
push up board,3256813019213706,Portable Multifunctional Push Up Board Fitness and Muscle Training Device Home Workout Set Foldable Push Up Ba,17.43,34.86,50,101 sold,5,Delivery: Oct 05 - 13 | Extra 2% off with coins,CN,si,https://www.aliexpress.us/item/3256813019213706.html,https://ae-pic-a1.aliexpress-media.com/kf/S9bdbe9b336624229b84712d412c7a6a66.png
push up board,3256813069300165,Multifunctional 28-Hole Push Up Board System Portable Home Gym Exercise Equipment for Chest Arms Core Training,13.69,86.22,84,1 sold,,"New shoppers save $72.53 | Early bird deal, only 3 left",US,si,https://www.aliexpress.us/item/3256813069300165.html,https://ae-pic-a1.aliexpress-media.com/kf/Sb88165705ce349acafb9c8e31d4ebdffq.jpg
push up board,3256813063848006,"Foldable Push Up Board with Durable 1.0-Inch Tubing & 300 lb Weight Capacity, Compact Home Workout Equipment f",19.13,74.95,74,,,"Early bird deal, only 1 left | Free shipping",US,si,https://www.aliexpress.us/item/3256813063848006.html,https://ae-pic-a1.aliexpress-media.com/kf/A4632500a82494c189114e2cf6ecfe77co.jpg
push up board,3256812870442082,S-Type Push Up Support Anti-Skid Foam Handle Thickened Steel Pipe Household Fitness Equipment Pectoral Muscle ,4.05,6.54,38,,,Extra 6% off with coins,CN,si,https://www.aliexpress.us/item/3256812870442082.html,https://ae-pic-a1.aliexpress-media.com/kf/S828aea4612544e12a94881e09bdf3180U.jpg
push up board,3256812972470655,"Outdoor, indoor and home fitness equipment - flexible, suitable for both men and women, portable and foldable ",1.09,14.48,92,15 sold,5,New shoppers save $13.39 | Delivery: Oct 05 - 13,CN,si,https://www.aliexpress.us/item/3256812972470655.html,https://ae-pic-a1.aliexpress-media.com/kf/S9da8f6d488914a0b84073b96c62fc678j.jpg
push up board,3256813006170296,1 Pcs Foldable Multifunctional Push‑up Board Set with Handles Portable Fitness Trainer for Chest Abdomen Arms ,10.89,27.93,61,,,"Early bird deal, only 1 left | Delivery: Oct 05 - 13",CN,si,https://www.aliexpress.us/item/3256813006170296.html,https://ae-pic-a1.aliexpress-media.com/kf/S228cbdc1bdba48bbbf7011d818c191e9x.jpg
push up board,3256813037053524,1 Pcs Foldable Multifunctional Push‑up Board Set with Handles Portable Fitness Trainer for Chest Abdomen Arms ,11.73,28.76,59,1 sold,,"Early bird deal, only 15 left | Delivery: Oct 05 - 13",CN,si,https://www.aliexpress.us/item/3256813037053524.html,https://ae-pic-a1.aliexpress-media.com/kf/Sc0570234f18a4a51b22c9f3ef4d816e3v.jpg
push up board,3256812272908457,Solid Color Soft Cross Back Fitness Bra Women Tights Yoga Vest High Strength Shockproof Gym Sports Top Push Up,12.61,21.38,41,11 sold,5,,CN,si,https://www.aliexpress.us/item/3256812272908457.html,https://ae-pic-a1.aliexpress-media.com/kf/S89d90dca17ea428ca686162ab13f4f8di.jpg
push up board,3256812607074901,Home Gym Push Up 24 Holes Push Up Stand 1 Set Multifunctional Thicken Push Up Board Fitness Muscle,8.19,26.38,68,3 sold,,New shoppers save $18.19 | Lowest price in 90 days,CN,si,https://www.aliexpress.us/item/3256812607074901.html,https://ae-pic-a1.aliexpress-media.com/kf/S723864ed590b49c4a19d74ede83ec156Z.jpg
push up board,3256812909146380,Foldable Portable Home Fitness Push-up Board Chest Abdomen Arm and Back Training Multifunctional Push-up Board,12.05,34.43,65,,,"Early bird deal, only 1 left | Delivery: Oct 05 - 13",CN,si,https://www.aliexpress.us/item/3256812909146380.html,https://ae-pic-a1.aliexpress-media.com/kf/Sfd42864efb8b489c84d08a49370df8d2K.jpg
push up board,3256812911283194,Non Slip Push-Up Board Foldable Portable Foldable Push-Up Board With Handles Abdominal Enhancement Push-Ups St,10.8,22.97,53,,,"Early bird deal, only 15 left | Delivery: Oct 05 - 13",CN,si,https://www.aliexpress.us/item/3256812911283194.html,https://ae-pic-a1.aliexpress-media.com/kf/S0297f9cf2d4245acb5388aa3a84341b3z.jpg
push up board,3256812622597767,Yoga Bra Women's Breathable Push Up Sports Underwear Yoga Vest Gym Fitness Brassiere Female Workout Beauty Bac,18.08,25.47,29,,,,CN,si,https://www.aliexpress.us/item/3256812622597767.html,https://ae-pic-a1.aliexpress-media.com/kf/S632bdfbed91448faae4ac72d2594c2ecu.jpg
push up board,3256813017192360,Push Up Board with Plank Support Timer and Resistance Bands Multifunctional Home Gym Strength Training Equipme,72.1,167.66,57,,,"Early bird deal, only 1 left | Delivery: Oct 05 - 13",CN,si,https://www.aliexpress.us/item/3256813017192360.html,https://ae-pic-a1.aliexpress-media.com/kf/S971206451d444abcb37dc1fcd7650fd2i.jpg
push up board,3256813007370817,"Multifunctional Push Up Board with Resistance Bands, Portable Home Gym Workout Equipment for Chest, Shoulder, ",23.04,96.01,76,,,"Early bird deal, only 1 left | Free shipping",US,si,https://www.aliexpress.us/item/3256813007370817.html,https://ae-pic-a1.aliexpress-media.com/kf/A4f21c1b97d1e4d97ad843e148a262842n.png
push up board,3256812777397042,"Plank Trainer Stand for Core & Abs - Multi-Function Push Up Board with Protective Elbow Pads, Home Fitness Equ",23.24,46.49,50,,,Delivery: Oct 05 - 13 | Extra 1% off with coins,CN,si,https://www.aliexpress.us/item/3256812777397042.html,https://ae-pic-a1.aliexpress-media.com/kf/Sfc33c42c79ed4e879781f757a142ab26Y.jpg
push up board,3256812007236283,Women Yoga Bra Hanging Neck Sports Bra Gym Top Running Push Up Breathable Sports Underwear Women Fitness Bra W,14.7,22.97,36,8 sold,5,,CN,si,https://www.aliexpress.us/item/3256812007236283.html,https://ae-pic-a1.aliexpress-media.com/kf/Se0c6d8eaeda647b78f919608096371ddC.jpg
push up board,3256813065134907,"Foldable Push Up Board with Resistance Bands, Multi-Function Push-Up Bar Home Gym Equipment for Chest Back Sho",31.27,130.31,76,,,"Early bird deal, only 1 left | Free shipping",US,si,https://www.aliexpress.us/item/3256813065134907.html,https://ae-pic-a1.aliexpress-media.com/kf/Ad265f4e443834f8a9be3dd5088f1aeb75.png
push up board,3256812314657579,"Portable Multi-Functional Push-Up Board, Trainer with Handle, Foldable Household Fitness Equipment for Both Me",9.87,29.74,66,4 sold,5,New shoppers save $19.87 | Delivery: Oct 05 - 13,CN,si,https://www.aliexpress.us/item/3256812314657579.html,https://ae-pic-a1.aliexpress-media.com/kf/S2c6834eac03e4df597b2f0bd824f0257d.jpg
push up board,3256812949825601,"Push Up Board with Handles, Adjustable Pushup Bar System, Home Gym Strength Training Equipment for Chest, Back",22.87,67.18,65,,,"Early bird deal, only 1 left | Free shipping",US,si,https://www.aliexpress.us/item/3256812949825601.html,https://ae-pic-a1.aliexpress-media.com/kf/S3aba5efb4f2c4548a38b79ba54ad115fm.png
push up board,3256812270158969,Rock Climbing Hangboard 7 Grip Multi-Size Finger Strengthener Pull-Up Board for Climbing Forearm Hand Strength,27.73,33.73,17,2 sold,,New shoppers save $6,CN,si,https://www.aliexpress.us/item/3256812270158969.html,https://ae-pic-a1.aliexpress-media.com/kf/S502b35a7ae904b3d9699bc56823b7e975.jpg
push up board,3256812840268218,Multifunctional Portable Push‑Up Board Non‑Slip Handles Home Upper Body Strength Training Kit for Beginner & F,31.43,75.9,58,1 sold,,New shoppers save $44.47 | Delivery: Oct 05 - 13,CN,si,https://www.aliexpress.us/item/3256812840268218.html,https://ae-pic-a1.aliexpress-media.com/kf/S6e4fc5015f64484a9fce31c2a791fe0ei.jpg
push up board,3256812984981735,Foldable Push-up Board Non Slip Fitness Muscle Exerciser Portable Abdominal Support Pad With Handles Push Up S,1.09,16.78,93,6 sold,,"New shoppers save $15.69 | Early bird deal, only 15 left",CN,si,https://www.aliexpress.us/item/3256812984981735.html,https://ae-pic-a1.aliexpress-media.com/kf/Sbe10d7a68f304c0194a17a204de6413bh.jpg
push up board,3256812506686570,1Set Multifunctional Thicken Push Up Board Fitness Muscle Home Gym Push Up 20 Holes Push Up Stand,6.52,23.65,72,14 sold,4.7,New shoppers save $17.13 | Lowest price in 90 days,CN,si,https://www.aliexpress.us/item/3256812506686570.html,https://ae-pic-a1.aliexpress-media.com/kf/S9fa1e4c1ce6a4d8e89b0d297670adeb90.jpg
push up board,3256806650769169,Solid Color Tight Comprehensive Training Women Fitness Bra Cross Back Yoga Underwear Gym Sport Top Hollow Back,7.39,16.26,54,"2,000+ sold",4.7,Top selling on AliExpress | Delivery: Oct 05 - 13,CN,si,https://www.aliexpress.us/item/3256806650769169.html,https://ae-pic-a1.aliexpress-media.com/kf/S6583e338233c4722996c3b0cfedbfcddk.jpg
push up board,3256812905579669,"1PC Foldable Push-Up Board, Portable Multifunction Workout Tool for Chest, Arms & Shoulders, Home Gym Fitness ",10.89,33.73,67,4 sold,5,New shoppers save $22.84 | Delivery: Oct 05 - 13,CN,si,https://www.aliexpress.us/item/3256812905579669.html,https://ae-pic-a1.aliexpress-media.com/kf/S6c283db907284851825dd686d16b37cfc.jpg
push up board,3256812633162161,Innstar Push Up Bar Push-ups Stands Board for Bodybuilding Chest Muscles Strength Training Home Gym Push Up Bo,148.3,,,,,4 × $37.08 with no interest | Extra 5% off with coins,CN,si,https://www.aliexpress.us/item/3256812633162161.html,https://ae-pic-a1.aliexpress-media.com/kf/Sa3baa76b3b8f4a7884ce520aa2c501c2m.jpg
push up board,3256812633050735,Portable Push-Up Stand with Handle Anti Slip Chest Press Rack Ergonomic Foldable Push Up Board Set Sit-Up Supp,21.62,27.62,21,1 sold,,New shoppers save $6,CN,si,https://www.aliexpress.us/item/3256812633050735.html,https://ae-pic-a1.aliexpress-media.com/kf/S61be53e063ac4ec287cf7d6200ad2773j.png
push up board,3256809087241593,Solid Color Butter Cross Back Soft Push Up Gym Yoga Underwear Women Hollow back shoulder strap Fitness Tight s,2.6,8.8,70,192 sold,4.8,New shoppers save $6.2 | Lowest price in 90 days,CN,si,https://www.aliexpress.us/item/3256809087241593.html,https://ae-pic-a1.aliexpress-media.com/kf/S80e19bf51a404c48bbd53fd85cf9c00c7.jpg
push up board,3256808683040163,Multi Functional Push Up Stand Equipment Home chest expander Electronic counting Push Up Board,36.9,85.81,56,7 sold,5,New shoppers save $48.91 | Delivery: Oct 05 - 13,CN,si,https://www.aliexpress.us/item/3256808683040163.html,https://ae-pic-a1.aliexpress-media.com/kf/S7689418f27924e54b489915cfc0b4977D.jpg
push up board,3256812925242135,With Handles Push-Up Board Foldable Non-Slip Push-Up Stands Strength Training Portable Push Up Board Fitness U,23.22,,,,,,CN,si,https://www.aliexpress.us/item/3256812925242135.html,https://ae-pic-a1.aliexpress-media.com/kf/S659e7868ae4f4dd1818fd6f2152dcbcch.png
push up board,3256812998453076,"Push-up Board, Portable Multi-function Push-up Board, High-load Push-up Board, Fitness, Multi-part Home Traini",7.61,27.91,72,1 sold,,"New shoppers save $20.3 | Early bird deal, only 15 left",CN,si,https://www.aliexpress.us/item/3256812998453076.html,https://ae-pic-a1.aliexpress-media.com/kf/Sa2f19cd9b7ff493dbcc5aed6c699adf8l.jpg
push up board,3256812924845669,Support Pad With Handles Push-Up Board Portable Foldable Push-Up Stands Strength Training Non-Slip Push Up Boa,23.8,,,,,,CN,si,https://www.aliexpress.us/item/3256812924845669.html,https://ae-pic-a1.aliexpress-media.com/kf/Sc117c643f5444408bef72bb9ec5bd516l.png
push up board,3256812915146825,With Handles Push-Up Board Portable Foldable Push-Up Stands Strength Training Non-Slip Push Up Board Home Use,23.17,,,,,,CN,si,https://www.aliexpress.us/item/3256812915146825.html,https://ae-pic-a1.aliexpress-media.com/kf/S12bd3170872946b3a26f7dd7342d7d804.jpg
push up board,3256812864387653,Home Men's Muscle Exercise Machine Multifunctional Plank Support Trainer Push-ups Abdominal Training Board,85.9,92.37,7,,,Free shipping | 4 × $21.48 with no interest,CN,si,https://www.aliexpress.us/item/3256812864387653.html,https://ae-pic-a1.aliexpress-media.com/kf/Sac69a746d98e4c979e27245ea17df758e.jpg
push up board,3256812400142330,"New Portable Foldable Multi-Function Push-Up Board with Handle and Resistance Band - Fitness equipment, Home G",11.21,35.12,68,3 sold,,New shoppers save $23.91 | Delivery: Oct 05 - 13,CN,si,https://www.aliexpress.us/item/3256812400142330.html,https://ae-pic-a1.aliexpress-media.com/kf/S2d0bc70db0584225af3c985ce5dd5c6fZ.jpg
push up board,3256812998570291,Portable Multifunctional Push-up Board - Fitness and Muscle Training Device Home Workout Set Foldable Push Up ,6.26,27.46,77,1 sold,,"New shoppers save $21.2 | Early bird deal, only 14 left",CN,si,https://www.aliexpress.us/item/3256812998570291.html,https://ae-pic-a1.aliexpress-media.com/kf/S36b5450bad114757ab5ba56688fa04dej.jpg
push up board,3256812944562934,Non Slip Push-Up Board Foldable Portable Foldable Push-Up Board With Handles Abdominal Enhancement Push-Ups St,17.65,,,,,,CN,si,https://www.aliexpress.us/item/3256812944562934.html,https://ae-pic-a1.aliexpress-media.com/kf/S208f42c172534619a505f6cd7c7b5c0cW.png
push up board,3256809433885654,New Multi-functional Fitness Board for Home Push-ups Abdominal Muscle Training Web Pilates Yoga Exercise Web C,210.31,309.28,32,,,4 × $52.58 with no interest | Extra 2% off with coins,CN,si,https://www.aliexpress.us/item/3256809433885654.html,https://ae-pic-a1.aliexpress-media.com/kf/S9028fbc4db37445ba1621ec5793de091m.jpg
push up board,3256812913926777,Dip Stands With Handles Push-Up Board Portable Foldable Push-Up Stands Strength Training Non-Slip Push Up Boar,13.05,21.75,40,,,,CN,si,https://www.aliexpress.us/item/3256812913926777.html,https://ae-pic-a1.aliexpress-media.com/kf/S10555e4546cc4f42b0a09f30c1ebc723H.jpg
push up board,3256812573615939,[TG823]1 Set Multifunctional Thicken Push Up Board Fitness Muscle Home Gym Push Up 20 Holes Push Up Stand,6.92,25.46,72,14 sold,5,New shoppers save $18.54 | Delivery: Oct 05 - 13,CN,si,https://www.aliexpress.us/item/3256812573615939.html,https://ae-pic-a1.aliexpress-media.com/kf/S29c8a12522bf437ca6e5f9c686b5146dW.jpg
push up board,3256812922940622,Dip Stands With Handles Push-Up Board Foldable Non-Slip Push-Up Stands Portable Strength Training Push Up Boar,14.46,30.76,53,,,Extra 5% off with coins,CN,si,https://www.aliexpress.us/item/3256812922940622.html,https://ae-pic-a1.aliexpress-media.com/kf/S9a09046af22f4b849aa3bfe24872aca9F.jpg
push up board,3256812906128975,Non Slip Push-Up Board Portable Foldable Foldable Push-Up Board Abdominal Enhancement With Handles Push-Ups St,13.28,24.6,46,,,,CN,si,https://www.aliexpress.us/item/3256812906128975.html,https://ae-pic-a1.aliexpress-media.com/kf/S4399820f7c884054b62d34cc0a5de28eP.png
push up board,3256812594898147,5-in-1 Foldable Pilates Abs Board Push-up Core Abdominal Strength Trainer Leg Arm Multifunctional Fitness Equi,34.55,143.95,76,1 sold,,"Early bird deal, only 4 left | Free shipping",US,si,https://www.aliexpress.us/item/3256812594898147.html,https://ae-pic-a1.aliexpress-media.com/kf/Sb7960318e4b1461294f8168e98f043201.jpeg
push up board,3256812915162513,Support Pad With Handles Push-Up Board Portable Foldable Push-Up Stands Strength Training Non-Slip Push Up Boa,14.9,21.6,31,,,,CN,si,https://www.aliexpress.us/item/3256812915162513.html,https://ae-pic-a1.aliexpress-media.com/kf/S55b2357d540a4c07b7a6cde0777f57f0p.png
push up board,3256812943800931,Non Slip Push-Up Board Foldable Portable Foldable Push-Up Board With Handles Abdominal Enhancement Push-Ups St,18.21,,,,,,CN,si,https://www.aliexpress.us/item/3256812943800931.html,https://ae-pic-a1.aliexpress-media.com/kf/Sff9a3d62d44241dbbbc25dba086f913dX.jpg
push up board,3256808193759215,Push Up Stand Training Board Solid Wood Inverted Stand Auxiliary Chest Muscle Training Tool Dormitory Fitness ,18.06,30.1,40,38 sold,5,Lowest price in 30 days | Extra 5% off with coins,CN,si,https://www.aliexpress.us/item/3256808193759215.html,https://ae-pic-a1.aliexpress-media.com/kf/Sb804a3d497ec47c1b8a5cf345cbdc470Y.jpg
push up board,3256810491435903,Portable Multi-Functional Push-Up Board Set - Foldable Sports Equipment - Home Gym Muscle Strength Machine - P,13.58,37.92,64,141 sold,4.4,New shoppers save $24.34 | Delivery: Oct 05 - 13,CN,si,https://www.aliexpress.us/item/3256810491435903.html,https://ae-pic-a1.aliexpress-media.com/kf/Sd4b5557d5c4e4e81913ee456faf8879aM.png
push up board,3256812959348788,【2026】Multi-Function Push-Up Workout Board With Resistance Bands For Home Gym Fitness Training Sports & Entert,72.27,85.02,15,1 sold,,4 × $18.07 with no interest,CN,si,https://www.aliexpress.us/item/3256812959348788.html,https://ae-pic-a1.aliexpress-media.com/kf/Sce05b779bd87457d86a0546d1204ea452.jpg
push up board,3256809520128429,Push-up Board Multi-function Foldable Flat Panel Support Assistive Bracket Training Abdominal Muscle Fitness E,38.12,59.57,36,1 sold,,4 × $9.53 with no interest | Extra 2% off with coins,CN,si,https://www.aliexpress.us/item/3256809520128429.html,https://ae-pic-a1.aliexpress-media.com/kf/S6dacec0ee3cb44c5a13b4599de2b6741m.jpg
push up board,3256812590285612,Foldable Fitness Equipment For Chest Abdomen Arms And Back Training Portable Multifunctional Push-up Board Set,20.75,,,,,,CN,si,https://www.aliexpress.us/item/3256812590285612.html,https://ae-pic-a1.aliexpress-media.com/kf/Sb32a57e10e84424db3846dc0f6770babg.jpg
push up board,3256812889554022,Push Up Board Double Spring Push Up Assist Trainer PP Indoor Portable Strength Training Equipment for Home Fit,78.62,,,,,4 × $19.66 with no interest | Extra 5% off with coins,CN,si,https://www.aliexpress.us/item/3256812889554022.html,https://ae-pic-a1.aliexpress-media.com/kf/Sfd860ea880514b2db7e4739ba370a027z.jpg
push up board,3256807689989474,Innstar Push Up Bar Push-ups Stands Board for Bodybuilding Chest Muscles Strength Training Home Gym Push Up Bo,106.46,,,1 sold,,4 × $26.62 with no interest | Extra 3% off with coins,CN,si,https://www.aliexpress.us/item/3256807689989474.html,https://ae-pic-a1.aliexpress-media.com/kf/S9f5796b707604900853227814208613aX.jpg
push up board,3256809328592250,"Portable Folding Push-Up Board, Multi-Functional Anti-Slip Mat With Handle, Home Fitness Exercise For Chest",10.02,30.65,67,35 sold,5,New shoppers save $20.63 | Delivery: Oct 05 - 13,CN,si,https://www.aliexpress.us/item/3256809328592250.html,https://ae-pic-a1.aliexpress-media.com/kf/S806fcc6eb665412dac1bf38426ac27c7D.jpg
push up board,3256808422456997,Push-up Board Set Portable Multifunctional Push-up Bar Foldable Fitness Equipment For Chest Abdomen Arms/Back ,32.84,67.02,51,5 sold,,Delivery: Oct 05 - 13 | 4 × $8.21 with no interest,CN,si,https://www.aliexpress.us/item/3256808422456997.html,https://ae-pic-a1.aliexpress-media.com/kf/Sc16d0cbe7b454672bcfc8210c8c77deds.jpg
push up board,3256812735877693,"Foldable Multifunctional Home Workout Board, Portable Abdominal Core Trainer with Resistance Bands, Push‑Up Ha",39.5,164.59,76,2 sold,4,"Early bird deal, only 3 left | Free shipping",US,si,https://www.aliexpress.us/item/3256812735877693.html,https://ae-pic-a1.aliexpress-media.com/kf/S8fe858fed32644efa43f04da2b35fd31S.jpg
push up board,3256803310599688,Foldable 160lbs Rubber Bands Deep Squat Bar ABS Push Up Stands Board Frames Rack Chest Arm Home Gym Muscle Str,30.77,33.45,8,7 sold,5,4 × $7.69 with no interest | Extra 5% off with coins,CN,si,https://www.aliexpress.us/item/3256803310599688.html,https://ae-pic-a1.aliexpress-media.com/kf/H5a4b421c1a734647a74169391e45d182k.jpg
pedal resistance band,3256811754873752,Foot Pedal Resistance Band for Home Yoga & Fitness Full Body Slimming Waist Leg Arm Training Tool,1.09,5.99,81,"10,000+ sold",4.9,New shoppers save $4.9 | Lowest price in 90 days,US,si,https://www.aliexpress.us/item/3256811754873752.html,https://ae-pic-a1.aliexpress-media.com/kf/Sc461580696ed47afafad684d91928886b.jpg
pedal resistance band,3256812845280522,"Heavy-Duty Foot Pedal Resistance Band, Sturdy PVC & TPE Fitness Puller with Anti-Slip Footrest, Ideal for Leg ",3.92,26.3,85,40 sold,,New shoppers save $22.38 | Free shipping,US,si,https://www.aliexpress.us/item/3256812845280522.html,https://ae-pic-a1.aliexpress-media.com/kf/S60510afb504e492e9e922574bcdce0ec3.jpg
pedal resistance band,3256811467967704,Adjustable Resistance Foot Pedal Resistance Band Home Gym Equipment for Waist Leg Arm Full Body Training,1.09,6.05,82,700+ sold,4.9,New shoppers save $4.96 | Free shipping,US,si,https://www.aliexpress.us/item/3256811467967704.html,https://ae-pic-a1.aliexpress-media.com/kf/S2a477b8a081345969b7c5180b8ea9d04e.jpg
pedal resistance band,3256812724144823,"4 foot pedal resistance bands, sit up assistant, portable home fitness equipment for abdominal and leg exercis",1.09,12.42,91,360 sold,5,New shoppers save $11.33 | Free shipping,US,si,https://www.aliexpress.us/item/3256812724144823.html,https://ae-pic-a1.aliexpress-media.com/kf/S00508bd65cec49d392c5c07d740e556co.jpg
pedal resistance band,3256812483480784,4-Tube Elastic Pull Rope Yoga Pedal Resistance Bands Durable Fitness Gear for Yoga Beginners Home  Workout,1.09,11.09,90,2 sold,,New shoppers save $10 | Delivery: Oct 05 - 13,CN,si,https://www.aliexpress.us/item/3256812483480784.html,https://ae-pic-a1.aliexpress-media.com/kf/S5a9c59dd452d4bafaa8c781df4280350G.jpg
pedal resistance band,3256812134408134,Multi-Functional Four-Tube Pedal Tensioner Yoga Elastic Band Home Fitness Equipment Abdominal Strengthening Te,1.09,18.35,94,35 sold,5,"New shoppers save $17.26 | Early bird deal, only 2 left",US,si,https://www.aliexpress.us/item/3256812134408134.html,https://ae-pic-a1.aliexpress-media.com/kf/S1aa25acf261b4d5d90afa1a09be5a8948.jpg
pedal resistance band,3256809691781112,6-Tube Fitness Pedal Resistance Band with LED Display Yoga Strap Pedal Puller sit-ups Tension Rope Elastic Wor,4.88,21.03,76,45 sold,4.1,New shoppers save $16.15 | Lowest price in 90 days,CN,si,https://www.aliexpress.us/item/3256809691781112.html,https://ae-pic-a1.aliexpress-media.com/kf/S708518b4eb284ff8b4ec8de879dbcac5T.jpg
pedal resistance band,3256812944380861,Resistance Band Set 4 Tubes Elastic Pull Rope Pedal Sit-up Resistance Band Expander Tension Rope for Fitness S,9.2,,,,,,CN,si,https://www.aliexpress.us/item/3256812944380861.html,https://ae-pic-a1.aliexpress-media.com/kf/S3f3d616dc33443d98c7ba55c0caa91c64.jpg
pedal resistance band,3256811885876305,"Durable Foot Pedal Tension Strap (With Handle), Thick Latex Tube+Soft Foam Foot Pedal, Sit Up Fitness Equipmen",5.79,22.97,74,3 sold,5,New shoppers save $17.18 | Delivery: Oct 05 - 13,CN,si,https://www.aliexpress.us/item/3256811885876305.html,https://ae-pic-a1.aliexpress-media.com/kf/Sc10ed26b0a9b445d8a2024370eaac445O.jpg
pedal resistance band,3256810531073057,Adjustable Resistance Foot Pedal Resistance Band Home Gym Equipment for Waist Leg Arm Full Body Training,1.09,9.52,88,360 sold,4.4,New shoppers save $8.43 | Free shipping,US,si,https://www.aliexpress.us/item/3256810531073057.html,https://ae-pic-a1.aliexpress-media.com/kf/S2a477b8a081345969b7c5180b8ea9d04e.jpg
pedal resistance band,3256812134201675,Four-Tube Pedal Tensioner Multi-Functional Household Fitness Equipment Yoga Abdominal Strengthening Elastic Ba,1.09,17.49,93,37 sold,,"New shoppers save $16.4 | Early bird deal, only 4 left",US,si,https://www.aliexpress.us/item/3256812134201675.html,https://ae-pic-a1.aliexpress-media.com/kf/S24227282d234476a8d7f1c7cac107e26Q.jpg
pedal resistance band,3256809979832534,​​1pc Stackable Heavy Tension TPE Resistance Band Set - Anti-Snap for Home Gym Muscle Strength & Body Stretchi,2.59,6.21,58,"5,000+ sold",4.7,Top selling on AliExpress | Delivery: Oct 05 - 13,CN,si,https://www.aliexpress.us/item/3256809979832534.html,https://ae-pic-a1.aliexpress-media.com/kf/S34d20c32ba7945f4be32ab81847c919cm.png
pedal resistance band,3256812626943698,"4 Tubes Pedal Resistance Bands, Heavy Duty Leg Hip Booty Trainer, Portable Home Gym Pilates Fitness Equipment ",8.54,21.91,61,4 sold,,"Early bird deal, only 2 left | Free shipping",US,si,https://www.aliexpress.us/item/3256812626943698.html,https://ae-pic-a1.aliexpress-media.com/kf/Sae472ea807df44d29abe5b64bc365569H.jpg
pedal resistance band,3256813006518151,6 Tubes Pedal Resistance Band Elastic Pull Rope Sit Up Expander Fitness Equipment For Abdomen Waist Leg Arm Yo,4.91,10.45,53,,,"Early bird deal, only 13 left | Delivery: Oct 05 - 13",CN,si,https://www.aliexpress.us/item/3256813006518151.html,https://ae-pic-a1.aliexpress-media.com/kf/Sb039512e81284f9e81245a2950b25d208.jpg
pedal resistance band,3256812976558113,6 Tube Pedal Resistance Band Portable Sit Up Pull Rope Foot Exerciser for Home Fitness Yoga Stretching Arm Leg,3.7,9.49,61,,,"Early bird deal, only 1 left | Delivery: Oct 05 - 13",CN,si,https://www.aliexpress.us/item/3256812976558113.html,https://ae-pic-a1.aliexpress-media.com/kf/S7b4090e407ca4cbc95ebe22021075690n.jpg
pedal resistance band,3256812854714845,Four-Tube Pedal Tensioner Multi-Functional Household Fitness Equipment Yoga Abdominal Strengthening Elastic Ba,2.13,3.43,38,3 sold,5,Extra 6% off with coins,CN,si,https://www.aliexpress.us/item/3256812854714845.html,https://ae-pic-a1.aliexpress-media.com/kf/S6eb12644b56e4029b37a5b056d1830can.jpg
pedal resistance band,3256812919782980,"3-in-1 detachable 10-pin pedal puller, yoga elastic band, household fitness equipment, abdominal strengthening",7.58,22.29,66,,,"Early bird deal, only 1 left | Delivery: Oct 05 - 13",CN,si,https://www.aliexpress.us/item/3256812919782980.html,https://ae-pic-a1.aliexpress-media.com/kf/S922ff0b3fd0b44cea67e682ec468174ci.jpg
pedal resistance band,3256813020213940,Portable Foot Pedal Resistance Band Home Fitness Gear for Yoga Pilates Abdominal Training Core Muscle Workout ,4.03,12.2,67,,,"Early bird deal, only 1 left | Delivery: Oct 05 - 13",CN,si,https://www.aliexpress.us/item/3256813020213940.html,https://ae-pic-a1.aliexpress-media.com/kf/S52ee637ae60f46838c83df31af6d16ddb.jpg
pedal resistance band,3256813051334352,Multi-Functional Four-Tube Pedal Tensioner Yoga Elastic Band Home Fitness Equipment Abdominal Strengthening Te,7.84,9.04,13,,,"Early bird deal, only 1 left",CN,si,https://www.aliexpress.us/item/3256813051334352.html,https://ae-pic-a1.aliexpress-media.com/kf/S000ff85bd9654de7a6c12a5771fccfcft.jpeg
pedal resistance band,3256812525289414,"5 Levels Yoga Fitness Tensioner Resistance Band With Handles, Elastic TPE Straight Bar Yoga Pull Rope Fitness ",1.09,7.85,86,149 sold,5,New shoppers save $6.76 | Top selling on AliExpress,CN,si,https://www.aliexpress.us/item/3256812525289414.html,https://ae-pic-a1.aliexpress-media.com/kf/Se33df9099e20455fb9318b72185f5f26d.jpg
pedal resistance band,3256813017718535,"1PC 4-Tube Resistance Band with Pedal, TPE Pull Rope for Full Body Training, Abs, Rowing, Strength & Flexibili",4.64,11.32,59,,,"Early bird deal, only 2 left | Delivery: Oct 05 - 13",CN,si,https://www.aliexpress.us/item/3256813017718535.html,https://ae-pic-a1.aliexpress-media.com/kf/Sa094109412d44e0e8e7b1fdbf827504cy.jpg
pedal resistance band,3256812606572745,6-Tube Resistance Band Trainer Pink Sit Up Assistant Equipment Pedal Pull Rope Elastic Fitness Home Gym Leg Ar,6.16,19.03,67,2 sold,5,Free shipping,US,si,https://www.aliexpress.us/item/3256812606572745.html,https://ae-pic-a1.aliexpress-media.com/kf/S9714768a87c345ab881ee6fc68d4d840k.jpg
pedal resistance band,3256813006138085,"Pedal Resistance Band, Portable Fitness Stretch Band for Abdomen, Waist, Leg, Arm Workout, Home Gym Yoga Train",3.66,18.93,80,1 sold,,"Early bird deal, only 4 left | Free shipping",US,si,https://www.aliexpress.us/item/3256813006138085.html,https://ae-pic-a1.aliexpress-media.com/kf/Sdbcb39939b8d491ca2019cb1e0fc47ces.jpg
pedal resistance band,3256807146971896,"3pcs/set, Yoga Tension Belt, Elastic Fitness Resistance Band For Men Women, Yoga Stretch Belt For Strength Tra",,,,"1,000+ sold",4.7,,,,https://www.aliexpress.us/item/3256807146971896.html,https://ae-pic-a1.aliexpress-media.com/kf/S0a2327e6507b447a8d3d7c6cf619ac27o.jpg
pedal resistance band,3256810302050643,6-Tube Resistance Band Multi Function Tension Rope Fitness Bands 6-Tube Elastic Yoga Pedal Puller For Sports E,4.99,10.56,52,177 sold,4.6,Delivery: Oct 05 - 13,CN,si,https://www.aliexpress.us/item/3256810302050643.html,https://ae-pic-a1.aliexpress-media.com/kf/S08bd2a9111524fbc915930b7e651f7a2B.jpg
pedal resistance band,3256812986854524,"SPDJUMPER Adjustable Resistance Tension Rope with Pedal & Handles, 4 Cords 25 lbs Each, Full Body Home Gym Wor",14.52,41.47,65,,,"Early bird deal, only 1 left | Delivery: Oct 05 - 13",CN,si,https://www.aliexpress.us/item/3256812986854524.html,https://ae-pic-a1.aliexpress-media.com/kf/Sdbf4d2d7056b4f34b5743bce071d4da7N.jpg
pedal resistance band,3256808248069763,Tension Rope with Non-slip Handle Portable Slimming Waist Arm Training Yoga Pedal Puller Resistance Band Fitne,1.09,13.76,92,85 sold,4.7,New shoppers save $12.67 | Lowest price in 90 days,CN,si,https://www.aliexpress.us/item/3256808248069763.html,https://ae-pic-a1.aliexpress-media.com/kf/S88a3b55b1b16484b8ba35bcac354a9c94.jpg
pedal resistance band,3256809044227358,4pcs Latex TPE Resistance Band Yoga Fitness Tension Band Pull Up Training Elastic Band Weight-Bearing Resistan,14.13,29.44,52,204 sold,4.8,Delivery: Oct 05 - 13 | Extra 1% off with coins,CN,si,https://www.aliexpress.us/item/3256809044227358.html,https://ae-pic-a1.aliexpress-media.com/kf/S654336fefd8f40988f3fddc25b5836eep.jpg
pedal resistance band,3256812702720816,Foot Pedal Resistance Band Yoga Pull Rope Abdominal Waist Trainer Home Fitness Elastic Exerciser for Arm Leg B,21.26,27.26,22,1 sold,,New shoppers save $6,CN,si,https://www.aliexpress.us/item/3256812702720816.html,https://ae-pic-a1.aliexpress-media.com/kf/Sabd62dba87144e318a8369aabd247c11O.jpg
pedal resistance band,3256812509264480,4-Tube Resistance Bands with Foot Pedal Full Body Workout Pull Rope Portable Home Gym Exercise Equipment for M,1.09,11.59,90,2 sold,,New shoppers save $10.5 | Delivery: Oct 05 - 13,CN,si,https://www.aliexpress.us/item/3256812509264480.html,https://ae-pic-a1.aliexpress-media.com/kf/S2dee42dccdbd4508b8956a75c8fb8cfa9.jpg
pedal resistance band,3256812503998458,6 Tube Foot Pedal Resistance Band Elastic Pull Rope Abdominal Trainer Home Yoga Slim Leg Arm Back Fitness Work,2.35,14.7,84,4 sold,,New shoppers save $12.35 | Delivery: Oct 05 - 13,CN,si,https://www.aliexpress.us/item/3256812503998458.html,https://ae-pic-a1.aliexpress-media.com/kf/S169dae400f3540318fec2e0ee530f473u.jpg
pedal resistance band,3256813001458892,"2Pcs Multi Loop Yoga Stretch Strap, 10/12 Loops Adjustable Elastic Resistance Band for Dance Gymnastics Traini",5.63,9.08,38,,,,CN,si,https://www.aliexpress.us/item/3256813001458892.html,https://ae-pic-a1.aliexpress-media.com/kf/S5e82182950b14662bcfd6ebd802ed92c9.jpg
pedal resistance band,3256812983489203,Multifunctional Fabric Foot Pedal Resistance Band Yoga Pull Rope Sit Up Leg Stretch Core Full Body Home Fitnes,12.44,38.87,68,,,"Early bird deal, only 1 left | Delivery: Oct 05 - 13",CN,si,https://www.aliexpress.us/item/3256812983489203.html,https://ae-pic-a1.aliexpress-media.com/kf/Sc7ad4d8e5ef941858cec2c29756d2925L.jpg
pedal resistance band,3256812627809252,"1 PCS Elastic Rope Yoga Pedal Tensioner Resistance Band, Used for Abdominal/Waist/Arm/Leg Stretching and Slimm",1.09,11.05,90,2 sold,,New shoppers save $9.96 | Delivery: Oct 05 - 13,CN,si,https://www.aliexpress.us/item/3256812627809252.html,https://ae-pic-a1.aliexpress-media.com/kf/S2926c8a8829847d387d61a306add4225x.jpg
pedal resistance band,3256809775753067,"5-Piece Yoga Fitness Set, Eva Material Elastic Bands Resistance Pedal Puller Figure Eight Leg Muscle Trainer, ",8.99,27.98,67,16 sold,5,New shoppers save $18.99 | Lowest price in 90 days,CN,si,https://www.aliexpress.us/item/3256809775753067.html,https://ae-pic-a1.aliexpress-media.com/kf/S3186e49ab96a4c63ad3301099a9f9039g.jpg
pedal resistance band,3256812799289072,TPE Fitness Elastic Band for Strength Training - Pull-Up Assisted Squat Yoga Resistance Band with Tension for ,15.34,,,,,Extra 5% off with coins,CN,si,https://www.aliexpress.us/item/3256812799289072.html,https://ae-pic-a1.aliexpress-media.com/kf/Sc9e13cfcf072430a9ebf21c5b7414cdfX.jpg
pedal resistance band,3256809814325713,Foot Pedal Resistance Band 4-Tube Pedal Tension Rope Yoga Elastic Pull Rope Fitness Sit-up Exercise Equipment ,2.81,16.62,83,7 sold,5,New shoppers save $13.81 | Lowest price in 90 days,CN,si,https://www.aliexpress.us/item/3256809814325713.html,https://ae-pic-a1.aliexpress-media.com/kf/Sa66ba76bfba441be8300d2be887f88b3O.jpg
pedal resistance band,3256812622766638,Pedal Puller Resistance Rope Yoga Pedal Puller Resistance Band with Handle Pedal Exerciser Multifunctional for,6,12,50,1 sold,4,New shoppers save $6,CN,si,https://www.aliexpress.us/item/3256812622766638.html,https://ae-pic-a1.aliexpress-media.com/kf/Sad69a2464c694edd9dadb7cd9364f484k.jpg
pedal resistance band,3256812468164617,3pcs Pedal Tensioner Home Fitness Yoga Elastic Band Resistance Training Fitness Equipment Beautiful Legs and F,23.63,60.47,60,,,New shoppers save $36.84 | Delivery: Oct 05 - 13,CN,si,https://www.aliexpress.us/item/3256812468164617.html,https://ae-pic-a1.aliexpress-media.com/kf/S1404f583856c4d63a7561812c03ceea2P.jpg
pedal resistance band,3256813010767907,Portable Fitness Equipment 35LB Traction Elastic Tension Band 8-Shaped Resistance Band for Boxing Sanda Aerial,7.81,9.31,16,,,"Early bird deal, only 1 left | Extra 5% off with coins",CN,si,https://www.aliexpress.us/item/3256813010767907.html,https://ae-pic-a1.aliexpress-media.com/kf/See5a20b9fea143869a041dd1c76d68f6h.jpg
pedal resistance band,3256806952260728,Fitness Gum 4 And 6 Tube Latex Pedal Exerciser Sit-up Pull Rope Expander Elastic Bands Yoga Equipment Pilates ,1.09,13.09,91,6 sold,5,New shoppers save $12 | Delivery: Oct 05 - 13,CN,si,https://www.aliexpress.us/item/3256806952260728.html,https://ae-pic-a1.aliexpress-media.com/kf/Sdb0d264488cf4d979da4c0fc4c8cc7ebr.jpg
pedal resistance band,3256809768059087,New 6-Tube Resistance Bands Set with Foam Sport At Home Yoga Elastic Band Shoulder Opening TPE Yoga Pedal Pull,2.33,12.24,80,269 sold,4.6,Delivery: Oct 05 - 13,CN,si,https://www.aliexpress.us/item/3256809768059087.html,https://ae-pic-a1.aliexpress-media.com/kf/S268d5183a2254522a90a2f357d2f7728z.jpg
pedal resistance band,3256812912133979,1 Pair with Handle Fitness Resistance Bands Detachable Multi-purpose Pedal Exercise Bands Durable Strength Tra,3.72,8.72,57,1 sold,,New shoppers save $5,CN,si,https://www.aliexpress.us/item/3256812912133979.html,https://ae-pic-a1.aliexpress-media.com/kf/S3db0f277cbfb4231b917167c6230b812n.jpg
pedal resistance band,3256808458324644,Fitness elastic band TPE strength training track and field resistance band pull up tension band assisted squat,7.97,13.97,42,11 sold,5,New shoppers save $6 | Extra 5% off with coins,CN,si,https://www.aliexpress.us/item/3256808458324644.html,https://ae-pic-a1.aliexpress-media.com/kf/S1e3781e4bc554bc196103ecf311c5819W.jpg
pedal resistance band,3256808741978484,Elastic Sit Up Pull Rope Pedal Resistance Band Powerful Spring Drawstring Tummy Trimmer Equipment for Home Gym,16.6,33.2,50,2 sold,,Free shipping,CN,si,https://www.aliexpress.us/item/3256808741978484.html,https://ae-pic-a1.aliexpress-media.com/kf/S9fdd5f9e853a46c1bfdda8f456a84334i.jpg
pedal resistance band,3256810509370541,"Pedal Resistance Band, Home Fitness Pull Rope/Sit-Up Aid, Four-Tube Elastic Band, Portable Pilates & Yoga Trai",1.09,10.86,89,35 sold,4.3,New shoppers save $9.77 | Lowest price in 90 days,CN,si,https://www.aliexpress.us/item/3256810509370541.html,https://ae-pic-a1.aliexpress-media.com/kf/S3457d9c10deb4411bbe24d7b4c4080f6e.jpg
pedal resistance band,3256808810753671,Four-Tube Pedal Tensioner Multi-Functional Household Fitness Equipment Yoga Abdominal Strengthening Elastic Ba,1.09,10.98,90,291 sold,4.7,New shoppers save $9.89 | Lowest price in 90 days,CN,si,https://www.aliexpress.us/item/3256808810753671.html,https://ae-pic-a1.aliexpress-media.com/kf/Sadefb58622a04d59b9f603ebfa8f0f27K.jpg
pedal resistance band,3256811357443144,Different Resistance Bands Yoga Band Fitness Exercise Training Hip Tension Band Leg Squat Dance Elastic Loop S,1.09,4.25,74,316 sold,4.5,New shoppers save $3.16 | Lowest price in 90 days,CN,si,https://www.aliexpress.us/item/3256811357443144.html,https://ae-pic-a1.aliexpress-media.com/kf/Sc4100b820a4f4926a487daa01021544fo.jpg
pedal resistance band,3256810094180385,"4 Tube Resistance Bands with Ergonomic Pedal, Full Body Workout, Yoga, Pilates, Core, Glutes, Hamstrings,Quads",1.09,9.91,88,36 sold,4.3,New shoppers save $8.82 | Delivery: Oct 05 - 13,CN,si,https://www.aliexpress.us/item/3256810094180385.html,https://ae-pic-a1.aliexpress-media.com/kf/Sdd3ee1d66d5841f08437b97fdefa10beN.jpg
pedal resistance band,3256812557194087,4-Tube Resistance Bands Yoga Pedal Puller Elastic Pull Rope Fitness Equipment for Abdomen Waist Arm Training,5.33,11.12,52,27 sold,,Delivery: Oct 05 - 13,CN,si,https://www.aliexpress.us/item/3256812557194087.html,https://ae-pic-a1.aliexpress-media.com/kf/S288187ebf6a34836b905dc03aa9246aes.png
pedal resistance band,3256812708310046,New 4-Tube Resistance Bands Yoga Pedal Puller Elastic Pull Rope Fitness Equipment For Abdomen Waist Arm Traini,1.09,11.69,90,3 sold,3,New shoppers save $10.6 | Delivery: Oct 05 - 13,CN,si,https://www.aliexpress.us/item/3256812708310046.html,https://ae-pic-a1.aliexpress-media.com/kf/S45cd431f0d674911ac0b6177099072a5e.jpg
pedal resistance band,3256811836564646,Unisex Fitness Band Pull Up Elastic Rubber Bands Resistance Loop Energy Set Home Gym Workout Expander Strength,1.09,3.79,71,10 sold,,New shoppers save $2.7,CN,si,https://www.aliexpress.us/item/3256811836564646.html,https://ae-pic-a1.aliexpress-media.com/kf/S46b884ccea594a1881f39cc3ae96e898Y.jpg
pedal resistance band,3256812551776266,With Handles Yoga Pedal Resistance Band Elastic 120lb Sit Up Pull Rope Portable Anti-Broken Full-Body Excercis,8.91,13.92,36,2 sold,,,CN,si,https://www.aliexpress.us/item/3256812551776266.html,https://ae-pic-a1.aliexpress-media.com/kf/S685e04a9bec348698effbc1e277bacfcW.jpg
pedal resistance band,3256809639263884,Yoga Pedal Puller Portable Resistance Band 4-Tube Pedal Ankle Puller Abdominal Exerciser Elastic Pedal Booster,2.39,15.08,84,32 sold,,New shoppers save $12.69 | Delivery: Oct 05 - 13,CN,si,https://www.aliexpress.us/item/3256809639263884.html,https://ae-pic-a1.aliexpress-media.com/kf/S8f7f78e94d6943998a293cb1e0ed165cF.jpg
pedal resistance band,3256812770801652,Multifunctional Sports Resistance Rope 6-Tube Pedal Elastic Band Yoga Leg Puller Sit-Up AB Trainer Fitness Equ,1.09,11.49,90,14 sold,2,New shoppers save $10.4 | Delivery: Oct 05 - 13,CN,si,https://www.aliexpress.us/item/3256812770801652.html,https://ae-pic-a1.aliexpress-media.com/kf/S608b851509b54aef914ebc19a2f5b2ea5.jpg
pedal resistance band,3256812663492121,Resistance Band Set Pull Up Assistance Bands Stretch Band Resistance Heavy Workout Exercise for Physical Thera,1.09,4.28,74,24 sold,5,New shoppers save $3.19 | Lowest price in 90 days,CN,si,https://www.aliexpress.us/item/3256812663492121.html,https://ae-pic-a1.aliexpress-media.com/kf/S3615fe6fd3404be98b298350b962ffeao.png
pedal resistance band,3256812646956937,Fitness Equipment 4-Tube Yoga Pedal Puller Thicken Rubber Resistance Band Abdominal Exerciser Elastic Pull Rop,3.37,8.37,59,1 sold,,New shoppers save $5,CN,si,https://www.aliexpress.us/item/3256812646956937.html,https://ae-pic-a1.aliexpress-media.com/kf/Saa4edf00540241ba8f9acd709d14b199P.jpg
pedal resistance band,3256812757186426,Multifunctional Sports Resistance Rope with 6 Tubes And Foot Pedals Yoga Leg Puller Sit-Up AB Trainer for Home,5.52,11.51,52,4 sold,,Delivery: Oct 05 - 13 | Extra 1% off with coins,CN,si,https://www.aliexpress.us/item/3256812757186426.html,https://ae-pic-a1.aliexpress-media.com/kf/S9e8627e0a650494684f34f98eba362c6u.jpg
pedal resistance band,3256811876162914,Professional Sit Up Equipment Fitness Resistance Bands Elastic Multi-purpose Stretch Bands AB Training Pedal E,7.17,,,1 sold,,,CN,si,https://www.aliexpress.us/item/3256811876162914.html,https://ae-pic-a1.aliexpress-media.com/kf/Sa633864ebf354a27945ccd3ef5506f41C.jpg
pedal resistance band,3256812963226932,11Pcs Resistance Bands Set Portable Fitness Pull Rope Elastic Exercise Band with Door Anchor Ankle Strap Handl,11.19,34.95,68,2 sold,,"Early bird deal, only 4 left | Extra 5% off with coins",CN,si,https://www.aliexpress.us/item/3256812963226932.html,https://ae-pic-a1.aliexpress-media.com/kf/S273df121922549b9bf7b89ca38a68472J.jpg
pilates ring,3256809462963347,Yoga Pilates Ring Durable Non-Slip Exercise Circle Magic Exercise Circle with Dual Grip for Thigh Pelvic Floor,9.77,19.55,50,"5,000+ sold",4.9,Delivery: Oct 05 - 13 | Extra 2% off with coins,CN,si,https://www.aliexpress.us/item/3256809462963347.html,https://ae-pic-a1.aliexpress-media.com/kf/S3c52f0b67e0c4daa8b7db4fdb4e0d936d.jpg
pilates ring,3256809462573193,NEW Pilates Ball And Ring Set Pilates Fitness Ring Resistance Band Exercise Workout Fitness Equipment For Preg,15.62,32.54,52,800+ sold,4.9,Lowest price in 90 days | Delivery: Oct 05 - 13,CN,si,https://www.aliexpress.us/item/3256809462573193.html,https://ae-pic-a1.aliexpress-media.com/kf/S2873169bd48a45119c737d3d52099bcaf.jpg
pilates ring,3256811596589473,NEW Pilates Ball And Ring Set Pilates Fitness Ring Resistance Band Exercise Workout Fitness Equipment For Preg,16.3,32.6,49,312 sold,4.9,Delivery: Oct 05 - 13 | Extra 2% off with coins,CN,si,https://www.aliexpress.us/item/3256811596589473.html,https://ae-pic-a1.aliexpress-media.com/kf/Sd3bc473486b8410bb9c10abde83d522b1.jpg
pilates ring,3256812489777910,Yoga Fitness Ring Pilates Ring Women Girl Exercise Home Resistance Elasticity Yoga Gym Workout Pilates Circle ,2.57,4.15,38,28 sold,,Extra 6% off with coins,CN,si,https://www.aliexpress.us/item/3256812489777910.html,https://ae-pic-a1.aliexpress-media.com/kf/S0b4714a6302044c8ae22d91eaedbdad0u.jpg
pilates ring,3256810241304987,"Pilates Ring Stretch Circle, Home Exercise Equipment for Women, Resistance Body Workout and Fascia Massage Too",1.09,7.15,84,4 sold,,"$1.03 each, ≥ 2 pieces | New shoppers save $6.06",CN,si,https://www.aliexpress.us/item/3256810241304987.html,https://ae-pic-a1.aliexpress-media.com/kf/S5b5130bfba7041139861978be0c95ef70.jpg
pilates ring,3256813102342778,"13-Piece Complete Pilates Ring Set, 14'' Magic Circle with Padded Handles, 9.8'' Anti-Burst Mini Ball, 3-Level",19.21,79.13,75,,,Free shipping,US,si,https://www.aliexpress.us/item/3256813102342778.html,https://ae-pic-a1.aliexpress-media.com/kf/S2a0efb8ebec04b07be0fda356c3005ff0.jpg
pilates ring,3256812438724509,13Pcs/Set Yoga Circle Gym Set Pilates Ball Set Body Shaping Professional Pilates Equipment Kit Improve Health ,22.1,57.34,61,1 sold,,New shoppers save $35.24 | Delivery: Oct 05 - 13,CN,si,https://www.aliexpress.us/item/3256812438724509.html,https://ae-pic-a1.aliexpress-media.com/kf/S909b33fa696549c6aaeeaead0bbd68ff8.jpg
pilates ring,3256812854589223,Aleaf Pastel Yoga Ring Calf Ring (Set of 2) Soft Hard Pilates Zen Ring,2.48,4.2,41,5 sold,,Extra 6% off with coins,CN,si,https://www.aliexpress.us/item/3256812854589223.html,https://ae-pic-a1.aliexpress-media.com/kf/Sa3ee9a1b0aff4a1faacf2e55caa543fei.jpg
pilates ring,3256812969453583,Pilates Magic Ring Fitness Circle Resistance Trainer Toning Thighs Abs Legs Body Shaping Yoga Home Workout Gea,1.09,11.44,90,15 sold,,New shoppers save $10.35 | Delivery: Oct 05 - 13,CN,si,https://www.aliexpress.us/item/3256812969453583.html,https://ae-pic-a1.aliexpress-media.com/kf/S78830a5d1eb644fd8d88f2292c12eea4z.jpg
pilates ring,3256810176820197,Yoga Circle Pilates Stretch Ring Home Women Fitness Equipment Fascia Massage Body Workout Exercise Resistance ,1.09,7.26,84,63 sold,4.6,"$1.04 each, ≥ 2 pieces | New shoppers save $6.17",CN,si,https://www.aliexpress.us/item/3256810176820197.html,https://ae-pic-a1.aliexpress-media.com/kf/S4f4b3c17d2d5464d838d65ce6a701488S.jpg
pilates ring,3256812467753724,Exercise Yoga Pilates Ring Yoga Equipment Sports Resistance Ring Yoga Fitness Ring Circle Multi-function,1.47,13.54,89,14 sold,5,New shoppers save $12.07 | Delivery: Oct 05 - 13,CN,si,https://www.aliexpress.us/item/3256812467753724.html,https://ae-pic-a1.aliexpress-media.com/kf/S42dfe2ac203a4fa1bcf3adcf6b7d4f7dA.jpg
pilates ring,3256811454219477,New Silicone Yoga Wheel Wear Resistant Beginner Training Tool Massage Roller Double-layer Thickened Pilates Ri,40.74,45.74,10,1 sold,,New shoppers save $5 | 4 × $10.19 with no interest,CN,si,https://www.aliexpress.us/item/3256811454219477.html,https://ae-pic-a1.aliexpress-media.com/kf/Seab5199c3ef340f98212a428c0fa65b7l.jpg
pilates ring,3256808502802858,Yoga Pilates Ring Yoga Supplies Fitness Magic Ring Yoga Ring Pilates ring grip ring,4.95,10.95,54,34 sold,5,New shoppers save $6 | Lowest price in 90 days,CN,si,https://www.aliexpress.us/item/3256808502802858.html,https://ae-pic-a1.aliexpress-media.com/kf/S3a453a0135f641d5bedcdb4b91b3b8e3q.jpg
pilates ring,3256812970155666,"1 set Pilates Ring Yoga Magic Circle, Fitness Training Stretch Ring for Body Toning, Home Workout Exercise Too",43.52,54.4,20,,,4 × $10.88 with no interest | Extra 5% off with coins,CN,si,https://www.aliexpress.us/item/3256812970155666.html,https://ae-pic-a1.aliexpress-media.com/kf/Saa6b6ea7eaf442c28661d44f90f129e0E.jpg
pilates ring,3256812497574299,Yoga Ring & Pilates Circle with Dual Grip Pelvic Floor Muscle Trainer Leg Resistance Training Circle for Gym W,14.56,29.11,50,,,Delivery: Oct 05 - 13 | Extra 1% off with coins,CN,si,https://www.aliexpress.us/item/3256812497574299.html,https://ae-pic-a1.aliexpress-media.com/kf/S9ed0100a33cf4f0b94fd47b5b0b0589fS.jpg
pilates ring,3256812900538265,Exercise Yoga Pilates Ring Yoga Equipment Multi-function Yoga Fitness Ring Circle Sports Resistance Ring,6.73,13.46,50,,,Delivery: Oct 05 - 13 | Extra 1% off with coins,CN,si,https://www.aliexpress.us/item/3256812900538265.html,https://ae-pic-a1.aliexpress-media.com/kf/Sf3ba1e4691534b819ea8e105382fc106t.jpg
pilates ring,3256812502875902,Yoga Ring & Pilates Circle with Dual Grip Pelvic Floor Muscle Trainer Leg Resistance Training Circle for Gym W,14.56,29.11,50,,,Delivery: Oct 05 - 13 | Extra 1% off with coins,CN,si,https://www.aliexpress.us/item/3256812502875902.html,https://ae-pic-a1.aliexpress-media.com/kf/Se0ecda4983f840f58b619934484c89dcU.jpg
pilates ring,3256812416736553,New 1Pc Yoga Ring Fitness Stretch Relaxation Pilates Soft Fascia Stretch Fitness Fascia Massage Training Yoga ,1.09,10.64,89,1 sold,,New shoppers save $9.55 | Delivery: Oct 05 - 13,CN,si,https://www.aliexpress.us/item/3256812416736553.html,https://ae-pic-a1.aliexpress-media.com/kf/S3b0363c87f914ac2afb15f7691eef04cF.jpg
pilates ring,3256809980263989,Pilates Ring Yoga Rings with Non Slip Handles Fitness Circle Flexible Resistance Exercise Equipment for Thighs,1.87,13.75,86,20 sold,4.5,"$1.78 each, ≥ 2 pieces | New shoppers save $11.88",CN,si,https://www.aliexpress.us/item/3256809980263989.html,https://ae-pic-a1.aliexpress-media.com/kf/Scfefcf02028f400cac694c07f91390afN.jpg
pilates ring,3256812701453089,Yoga Wheel Back Opening Yoga Equipment Beginner Fitness Yoga Wheel Back Bending Artifact Roller Ring Home Pila,8.15,13.14,38,3 sold,,Extra 5% off with coins,CN,si,https://www.aliexpress.us/item/3256812701453089.html,https://ae-pic-a1.aliexpress-media.com/kf/Sc7fcaaf0138548d384292f41ac1bf935l.jpg
pilates ring,3256812474962297,Home Use Pilates Fitness Set Pink Yoga Ring Massage Ball Portable Storage Bag Women's Home Stretching Training,30.72,64.01,52,,,Delivery: Oct 05 - 13 | 4 × $7.68 with no interest,CN,si,https://www.aliexpress.us/item/3256812474962297.html,https://ae-pic-a1.aliexpress-media.com/kf/Sfc6bedd6b54649a39c8357c4ddb15b84F.jpg
pilates ring,3256810472935708,Yoga Circle Pilates Circle Home Yoga Circle Fitness Equipment Shoulder Opening Back Beauty Magic Ring,1.09,11.31,90,2 sold,,"$1.04 each, ≥ 2 pieces | New shoppers save $10.22",CN,si,https://www.aliexpress.us/item/3256810472935708.html,https://ae-pic-a1.aliexpress-media.com/kf/S8ef90e9e1c854f0ca9264a3934c9fa61q.jpg
pilates ring,3256813000634488,Pilates Ring Fiberglass 14 Inch Non-Slip Dual Grip Magic Circle For Thigh Toning Body Shaping Yoga Home Workou,17.24,,,,,Extra 6% off with coins,CN,si,https://www.aliexpress.us/item/3256813000634488.html,https://ae-pic-a1.aliexpress-media.com/kf/Sa2d37a54c21d4d2fba1f8a5abd3b1614j.jpg
pilates ring,3256812191521718,"Yoga Pilates 5-Piece Set, Stretching and Stretching Band, Yoga Ring, Tube Ball, Home Exercise, Beauty Training",11.13,33.61,66,1 sold,,New shoppers save $22.48 | Delivery: Oct 05 - 13,CN,si,https://www.aliexpress.us/item/3256812191521718.html,https://ae-pic-a1.aliexpress-media.com/kf/S2d03f55bd77e47919b4e7cfb8a059464Z.jpg
pilates ring,3256812535809288,Beautiful Leg Waist Training Tool Fitness Equipment Yoga Wheel Open Shoulder Beautiful Back Bending Artifact R,28.93,59.04,51,,,Delivery: Oct 05 - 13 | Extra 1% off with coins,CN,si,https://www.aliexpress.us/item/3256812535809288.html,https://ae-pic-a1.aliexpress-media.com/kf/Sfe594f9064a64675bbacc75f58305069F.jpg
pilates ring,3256810600111204,"5-Piece Set of Women's and Girls' Yoga Fitness Circular Training Rings, Pilates Elastic Resistance Rings, Fitn",2.35,17.04,86,156 sold,4.6,"$2.23 each, ≥ 2 pieces | New shoppers save $14.69",CN,si,https://www.aliexpress.us/item/3256810600111204.html,https://ae-pic-a1.aliexpress-media.com/kf/S6a932ace072641eaa5371e8ba89ce7e2F.png
pilates ring,3256812967603799,"New Pilates Ring Yoga Circle for Leg Resistance Training, Pelvic Floor, and Full Body Shaping Fitness Gear",27.3,75.69,63,1 sold,,"New shoppers save $48.39 | Early bird deal, only 4 left",CN,si,https://www.aliexpress.us/item/3256812967603799.html,https://ae-pic-a1.aliexpress-media.com/kf/Sb9ec6fdea42a46d49b0dfd4229d2f419L.jpg
pilates ring,3256812698891819,Yoga Fitness Ring Pilates Ring Women Girl Exercise Home Resistance Elasticity Yoga Gym Workout Pilates Circle ,5.33,8.59,38,,,Extra 5% off with coins,CN,si,https://www.aliexpress.us/item/3256812698891819.html,https://ae-pic-a1.aliexpress-media.com/kf/S93ee67f80c044700a8884e108e2f1c43F.jpg
pilates ring,3256812639740373,Custom Logo Silicone Iron Weighted Pilates Ring Non Slip Full Body Yoga Fitness Training Ring Weights Poilates,19.29,,,1 sold,,Extra 5% off with coins,CN,si,https://www.aliexpress.us/item/3256812639740373.html,https://ae-pic-a1.aliexpress-media.com/kf/Sd0cf67c120b943bc9b0da5a57ca94f7bm.jpg
pilates ring,3256812249025942,"Pilates Kit 7-in-1 Set 9"" Anti-Burst Mini Ball, Yoga Rings for Leg, 5 Resistance Bands Full Body Home Workout ",19.36,129.04,85,,,"Early bird deal, only 1 left | Free shipping",US,si,https://www.aliexpress.us/item/3256812249025942.html,https://ae-pic-a1.aliexpress-media.com/kf/S5b4851eaf1cf40d8b36c7f5125ca89b6g.jpg
pilates ring,3256812863449783,Girls Pilate Equipment Gym Accessories Lose Weight Keep Fit Equipment Pilates Ring Fitness Circles Magic Circl,10.49,,,,,,CN,si,https://www.aliexpress.us/item/3256812863449783.html,https://ae-pic-a1.aliexpress-media.com/kf/S721408840ae54f8093bc2ee8c3718d47f.jpg
pilates ring,3256812708733943,"1pc Hard Yoga Ring Back Trainer, Tensioning and Opening Back Divine Tool, Pilates Ring, and Calf Varsion Corre",2.6,4.2,38,,,Extra 5% off with coins,CN,si,https://www.aliexpress.us/item/3256812708733943.html,https://ae-pic-a1.aliexpress-media.com/kf/Sa48764fa1b46412e92affea68969b724Y.jpg
pilates ring,3256812818573188,Multifunctional Pilates Resistance Ring Stretching Strengthening Home Fitness Magic Circle for Yoga Physical T,13.62,,,,,Extra 5% off with coins,CN,si,https://www.aliexpress.us/item/3256812818573188.html,https://ae-pic-a1.aliexpress-media.com/kf/S854534deecda430989da6dd8c2ed0dedp.jpg
pilates ring,3256812703807094,Wholesale Pilates Accessories Silicone Bracelet Hand Weight Power Ring Pilates Set for Home Fitness,80.89,89.88,10,,,4 × $20.22 with no interest,CN,si,https://www.aliexpress.us/item/3256812703807094.html,https://ae-pic-a1.aliexpress-media.com/kf/S18726bf4d654457eb57ca2db9c10e732r.jpg
pilates ring,3256812919744181,13 PCS Pilates Ball Set Resistance Bands & More Perfect  And Equipment For Home Workouts Pilates Ring For Home,37.57,,,,,Free shipping | 4 × $9.39 with no interest,CN,si,https://www.aliexpress.us/item/3256812919744181.html,https://ae-pic-a1.aliexpress-media.com/kf/S445b470e5faa418db7a7c4bdb5d4368cZ.jpg
pilates ring,3256811957925571,Fascia Massage Yoga Circle Exercise Support Resistance Support Stretch Ring Body Workout Pilates Ring Women Fi,1.22,6.22,80,3 sold,,New shoppers save $5,CN,si,https://www.aliexpress.us/item/3256811957925571.html,https://ae-pic-a1.aliexpress-media.com/kf/S1114326cd0414d8f95429f008860c9d9n.jpg
pilates ring,3256812831802731,Yoga Circle Pilates Stretch Ring Home Women Fitness Equipment Fascia Massage Body Workout Exercise Resistance ,5.15,8.59,40,,,Extra 5% off with coins,CN,si,https://www.aliexpress.us/item/3256812831802731.html,https://ae-pic-a1.aliexpress-media.com/kf/Sfefd084899e04f0fa3b46913031f3a86W.jpg
pilates ring,3256812723569113,5Pcs Pilates Essential Kit with Resistance Band & Ring Workout Equipment Set Portable Fitness Equipment for Be,42.99,,,,,4 × $10.75 with no interest,CN,si,https://www.aliexpress.us/item/3256812723569113.html,https://ae-pic-a1.aliexpress-media.com/kf/S4f501151f0f2424a95828212ddb3f276E.jpg
pilates ring,3256809152641936,Yoga Pilates Circle Equipment Ring Fitness Training Resistance Stretch Support Tool for Back Shoulder Neck Str,1.09,10.41,89,11 sold,5,"$1.04 each, ≥ 2 pieces | New shoppers save $9.32",CN,si,https://www.aliexpress.us/item/3256809152641936.html,https://ae-pic-a1.aliexpress-media.com/kf/S4deb3d054ad04867b7312c46f9254f390.jpg
pilates ring,3256812672029273,Full Essentials Pilates Ring Kit With Magic Circle& Foam Roller-Ergonomic Home Workout Equipment Set,31.95,57.06,44,,,4 × $7.99 with no interest | Extra 2% off with coins,CN,si,https://www.aliexpress.us/item/3256812672029273.html,https://ae-pic-a1.aliexpress-media.com/kf/Se703fbbe567a49a2813124802a6ed75bz.jpg
pilates ring,3256809943261341,"Pilates Ring Fitness Circle - Lightweight & Durable Foam Padded Handles, Flexible Resistance Exercise Equipmen",5.3,22.59,76,31 sold,4.3,"$5.03 each, ≥ 2 pieces | New shoppers save $17.29",CN,si,https://www.aliexpress.us/item/3256809943261341.html,https://ae-pic-a1.aliexpress-media.com/kf/Saf08d45d873e4ba7a5f14fdd248ce1c6t.png
pilates ring,3256808765574357,"6Pcs Pilates Loop Yoga Set, Including Yoga Ball, Tension Belt, Yoga Ring and Other Yoga Equipment, Yoga Access",33.76,47.55,29,2 sold,,4 × $8.44 with no interest | Extra 2% off with coins,CN,si,https://www.aliexpress.us/item/3256808765574357.html,https://ae-pic-a1.aliexpress-media.com/kf/S9362db62d9544e438d774d89118fafe3i.jpg
pilates ring,3256812815426943,Pilates 9-in-1 Fitness Set Yoga Ring Resistance Bands Ball Pull Rope Home Gym Full Body Workout Kit with Carry,36.74,,,1 sold,,4 × $9.19 with no interest | Extra 5% off with coins,CN,si,https://www.aliexpress.us/item/3256812815426943.html,https://ae-pic-a1.aliexpress-media.com/kf/S578b7919142e410d8c5f5a8d1fc6d3484.jpg
pilates ring,3256811513435388,AZ-Pilates Ring Magic Circle Body Sport Exercise Fitness Strength Yoga Tool-Black,8.56,19.02,55,1 sold,,,CN,si,https://www.aliexpress.us/item/3256811513435388.html,https://ae-pic-a1.aliexpress-media.com/kf/S3613b78f2a64460799e065de513d4835V.jpg
pilates ring,3256811582598502,38cm Women Lose Weight Home Workout Pilate Equipment Gym Accessories Yoga Circles Magic Circle Fitness Circles,7.74,12.29,37,22 sold,5,,CN,si,https://www.aliexpress.us/item/3256811582598502.html,https://ae-pic-a1.aliexpress-media.com/kf/S06298769a9b24c99a1668922fe867df17.jpg
pilates ring,3256810457470450,YTYIN New Style Power Ring Strength Hand Exercisers Strength Training Gym Yoga Pilates Weight Bearing Fitness ,124.22,138.02,10,1 sold,,4 × $31.06 with no interest | Extra 5% off with coins,CN,si,https://www.aliexpress.us/item/3256810457470450.html,https://ae-pic-a1.aliexpress-media.com/kf/S3edb050007e84d169132d1637c1d11c9L.jpg
pilates ring,3256812741286010,Yoga Fitness Pilates Ring Elasticity Resistance Circle For Women Girls Home Gym Exercise Workout Training Equi,8.89,17.77,50,9 sold,,Extra 5% off with coins,CN,si,https://www.aliexpress.us/item/3256812741286010.html,https://ae-pic-a1.aliexpress-media.com/kf/S0290082673584181af2b16534b9dded2g.jpg
pilates ring,3256812844341189,5pcs Pilates Ring Pilates Magic Fitness Circle for Toning Thighs Abs and Legs Resistance Training Body Sport F,12.51,20.18,38,,,Extra 5% off with coins,CN,si,https://www.aliexpress.us/item/3256812844341189.html,https://ae-pic-a1.aliexpress-media.com/kf/Sbe31803f379045b2959a744de697d263A.jpg
pilates ring,3256809493557737,Pilates Ring Fitness Ring with Non Slip Handles Fitness Circle Flexible Resistance Exercise Equipment for Thig,1.95,13.89,86,26 sold,5,"$1.85 each, ≥ 2 pieces | New shoppers save $11.94",CN,si,https://www.aliexpress.us/item/3256809493557737.html,https://ae-pic-a1.aliexpress-media.com/kf/S747a3ae80b344f9088923adbec7f5131r.jpg
pilates ring,3256812275652854,Pilates Ring Elastic Yoga Fitness Circle Home Gym Resistance Exercise Tool for Women Yoga Pilates Ring YJQ01,4.5,9.5,52,13 sold,,New shoppers save $5,CN,si,https://www.aliexpress.us/item/3256812275652854.html,https://ae-pic-a1.aliexpress-media.com/kf/S973e1959405f42f793839f91dfc1189b7.jpg
pilates ring,3256812238852486,Exercise Yoga Pilates Ring Yoga Equipment Sports Resistance Ring Yoga Fitness Ring Circle Multi-function,4.82,10.82,55,12 sold,3,New shoppers save $6,CN,si,https://www.aliexpress.us/item/3256812238852486.html,https://ae-pic-a1.aliexpress-media.com/kf/Sdd5682005b4e4713ae0bd2f531059a72m.jpg
pilates ring,3256808078032822,32cm Circles Pilates Ring Yoga Fitness Ring Women Girl Exercise Home Resistance Elasticity Yoga Gym Workout Pi,10.14,16.14,37,112 sold,4.5,New shoppers save $6,CN,si,https://www.aliexpress.us/item/3256808078032822.html,https://ae-pic-a1.aliexpress-media.com/kf/S48e27f1f92f1407c81c2d7b0368d0f2er.jpg
pilates ring,3256812861352436,Yoga Fitness Pilates Ring Yoga Ring Open Back Ring Magic Ring Pelvic Floor Muscle Training Yoga Supplies Pilat,2.47,3.98,38,11 sold,,Extra 6% off with coins,CN,si,https://www.aliexpress.us/item/3256812861352436.html,https://ae-pic-a1.aliexpress-media.com/kf/S03ca2f588ff3448196796710b860a2cfj.jpg
pilates ring,3256811337648011,"13 PCS Complete Pilates Set: Exercise Ball, Resistance Bands, Pilates Ring & More for Home Workouts",31.69,41.16,23,15 sold,,4 × $7.92 with no interest | Extra 2% off with coins,CN,si,https://www.aliexpress.us/item/3256811337648011.html,https://ae-pic-a1.aliexpress-media.com/kf/Sd21dbb23444b4efa84908b1848452bd8m.jpg
pilates ring,3256812189472561,Exercise Yoga Pilates Ring Multi-function Yoga Equipment Yoga Fitness Ring Circle Pelvic Floor Muscle Training,4.24,9.24,54,4 sold,,New shoppers save $5,CN,si,https://www.aliexpress.us/item/3256812189472561.html,https://ae-pic-a1.aliexpress-media.com/kf/Sc82a2073e787414a8645cb58ea0df7cdv.jpg
pilates ring,3256809540782304,Muscle Massage Yoga Wheel Back Training Waist Training Back Training Roller Multi-Functional Training Tool Pil,18.09,26.61,32,28 sold,5,,CN,si,https://www.aliexpress.us/item/3256809540782304.html,https://ae-pic-a1.aliexpress-media.com/kf/S1dfc0a096e964803b78719b462758b98r.jpg
pilates ring,3256812712281983,Exercise Yoga Pilates Ring Multi-function Yoga Equipment Yoga Fitness Ring Circle Sports Resistance Ring,4.06,9.06,55,1 sold,,New shoppers save $5,CN,si,https://www.aliexpress.us/item/3256812712281983.html,https://ae-pic-a1.aliexpress-media.com/kf/S45f6b3a50d3f4e368942b31ef986a29dN.jpg
pilates ring,3256810119929508,Fascia Massage Yoga Circle Exercise Support Body Workout Pilates Ring Resistance Support Resistance Tool Women,6.28,,,66 sold,5,,CN,si,https://www.aliexpress.us/item/3256810119929508.html,https://ae-pic-a1.aliexpress-media.com/kf/S0bff7bb6167e4d8d92f7776e4a2fd00fF.jpg
pilates ring,3256809686857842,Pilates Ring Fitness Ring Portable Fitness Circle Flexible Resistance Exercise Equipment for Toning Inner & Ou,2.01,14.03,85,8 sold,,"$1.91 each, ≥ 2 pieces | New shoppers save $12.02",CN,si,https://www.aliexpress.us/item/3256809686857842.html,https://ae-pic-a1.aliexpress-media.com/kf/S35bb98eea84141d9a22561ad73169658g.jpg
pilates ring,3256803962560286,Yoga Pilates Ring After Massage Calf Elastic Neck Yoga Ring Suitable For All Ages PP Material Ergonomic Design,1.09,4.79,77,85 sold,5,New shoppers save $3.7 | Lowest price in 90 days,CN,si,https://www.aliexpress.us/item/3256803962560286.html,https://ae-pic-a1.aliexpress-media.com/kf/S74c7d027cf6c4d48814d3df39cb68e3fu.jpg
grip strengthener,3256813071040830,"Hand Strengthener, 5-200Kg Adjustable Resistance Grip Strength Trainer (with Counter), Forearm Exerciser, Suit",4.99,12.48,60,,,"Early bird deal, only 4 left | Delivery: Oct 05 - 13",CN,si,https://www.aliexpress.us/item/3256813071040830.html,https://ae-pic-a1.aliexpress-media.com/kf/Seb3a2ebdbf4d46e5bbdc2b8fbb1a9867W.jpg
grip strengthener,3256812800294152,10-100Kg Adjustable Heavy Gripper Fitness Hand Exerciser Grip FatGrip Wrist Increase Strength Spring Finger Pi,4.36,8.72,50,"5,000+ sold",4.9,Lowest price in 90 days | Delivery: Oct 05 - 13,CN,si,https://www.aliexpress.us/item/3256812800294152.html,https://ae-pic-a1.aliexpress-media.com/kf/S2d815d1acba14320b5879f433b50ce499.png
grip strengthener,3256813066625102,1-6pcs Hand Grip Strengthener Physical Tools Finger Trainer Training And Exercise Gym 6th Level Resistance Gri,3.66,7.33,50,,,Delivery: Oct 05 - 13 | Extra 1% off with coins,CN,si,https://www.aliexpress.us/item/3256813066625102.html,https://ae-pic-a1.aliexpress-media.com/kf/S03ff93070ab24b1c914f3bae45c6a58eP.jpg
grip strengthener,3256806220927618,Grip Strengthener Strength Expander 5-60/100/150kg Grip Strength Gym Wrist Expander Hand Strengthener Adjustab,4.79,16.41,70,"50,000+ sold",4.6,Top selling on AliExpress | Delivery: Oct 05 - 13,CN,si,https://www.aliexpress.us/item/3256806220927618.html,https://ae-pic-a1.aliexpress-media.com/kf/S6ae14743a0d34b89913fdb2470907fe71.jpg
grip strengthener,3256813084134043,"10-100KG Adjustable Counting Hand Grip Strengthener, Hand Strength Trainer, Indoor Fitness Unisex",4.09,9.52,57,1 sold,,"Early bird deal, only 4 left | Delivery: Oct 05 - 13",CN,si,https://www.aliexpress.us/item/3256813084134043.html,https://ae-pic-a1.aliexpress-media.com/kf/S06f16079963d4812bfaa121d88ce1cf8r.png
grip strengthener,3256813053922096,Hand Exercise Ball Hand Grip Strength Trainer Soft Grip Strengthening Massage Ball Massage Grip Strength Ball ,1.94,5.56,65,1 sold,,"Early bird deal, only 4 left | Delivery: Oct 05 - 13",CN,si,https://www.aliexpress.us/item/3256813053922096.html,https://ae-pic-a1.aliexpress-media.com/kf/Sda06fcf006bb4030bd2dd35c7052d56av.jpg
grip strengthener,3256812800319870,5-100Kg Hand Gripper Gym Wrist Expander Hand Strengthener Adjustable Dynamometer Hand Grip Finger Forearm Trai,5.22,10.44,50,"50,000+ sold",4.9,Delivery: Oct 05 - 13 | Extra 2% off with coins,CN,si,https://www.aliexpress.us/item/3256812800319870.html,https://ae-pic-a1.aliexpress-media.com/kf/Sace742d21cb34c03933c4e6b3e93a1e51.jpg
grip strengthener,3256809580808018,Grip Strengthener Hand Grip Strength Trainer Forearm Strengthener Hand Squeezer Adjustable Resistance Hand Gri,0.33,9.01,96,"5,000+ sold",4.7,Top selling on AliExpress | Delivery: Oct 05 - 13,CN,si,https://www.aliexpress.us/item/3256809580808018.html,https://ae-pic-a1.aliexpress-media.com/kf/S79c3af07b6cc42a2b59912dcb32225b0D.jpeg
grip strengthener,3256813043808874,Grip Strengthener Forearm Bodybuilding Hand Finger Exercise Tool Finger Trainer Hand Squeezer Exercises Handle,4.71,17.27,72,6 sold,,"Early bird deal, only 1 left | Delivery: Oct 05 - 13",CN,si,https://www.aliexpress.us/item/3256813043808874.html,https://ae-pic-a1.aliexpress-media.com/kf/Sb1851772ddec4732b5cc0ab9e8198cc4f.jpg
grip strengthener,3256807449487422,Silicone Grip Strength Ring Professional Hand Strength Training equipment Arm Muscle Training Grip Strength Ba,2.39,6.25,61,"5,000+ sold",4.9,Delivery: Oct 05 - 13,CN,si,https://www.aliexpress.us/item/3256807449487422.html,https://ae-pic-a1.aliexpress-media.com/kf/Sdb06123a796e46589b088c0591bdeeccx.jpg
grip strengthener,3256812969374216,"Hand Grip Strengthener, High-Quality Foam Exercise & Massage Balls for Rehabilitation & Stress Relief,2-Size S",1.62,4.26,62,,,"Early bird deal, only 1 left | Delivery: Oct 05 - 13",CN,si,https://www.aliexpress.us/item/3256812969374216.html,https://ae-pic-a1.aliexpress-media.com/kf/S5bbf3592f5a64b77aa9d5d4bcb7f499eR.jpg
grip strengthener,3256805722355034,Grip Strengthener Finger Trainer Hand Grip Strengthener Physical Tools Guitar Finger Trainer Training and Exer,,,,"10,000+ sold",4.4,,,,https://www.aliexpress.us/item/3256805722355034.html,https://ae-pic-a1.aliexpress-media.com/kf/Sc4f425a9602a4992b63de36056b622aeK.jpg
grip strengthener,3256806596575927,Silicone Five-Finger Training Hand Expanders Exerciser Wrist Stretcher Finger Gripper Expander Strength Rehabi,1.33,3.86,65,"5,000+ sold",4.9,Delivery: Oct 05 - 13,CN,si,https://www.aliexpress.us/item/3256806596575927.html,https://ae-pic-a1.aliexpress-media.com/kf/Sfc9b7b8a83c64356a13d5faf38c40667X.png
grip strengthener,3256813047305229,[SU]Adjustable Gym Wrist Strength Exerciser Hand Grip Strengthener Finger Exerciser Wrist Arm Strength Relieve,2.77,6.44,57,1 sold,,"Early bird deal, only 4 left | Delivery: Oct 05 - 13",CN,si,https://www.aliexpress.us/item/3256813047305229.html,https://ae-pic-a1.aliexpress-media.com/kf/S32a633cd99cc493a9709eff3cf1173fbb.jpg
grip strengthener,3256813055613248,"Dual Resistance Grip Ring 40KG/50KG, Silicone Hand Grip Strengthener with Hollow Handle for Forearm Exercise, ",3.19,7.42,57,,,"Early bird deal, only 4 left | Delivery: Oct 05 - 13",CN,si,https://www.aliexpress.us/item/3256813055613248.html,https://ae-pic-a1.aliexpress-media.com/kf/S88ab45f761a8484f99af97839b3ac1778.png
grip strengthener,3256809069680774,Grip Strengthener Hand 5-60Kg Adjustable Heavy Hand Gripper Fitness Hand Exerciser Grip Wrist Training Finger ,0.33,9.13,96,"1,000+ sold",4.6,Delivery: Oct 05 - 13,CN,si,https://www.aliexpress.us/item/3256809069680774.html,https://ae-pic-a1.aliexpress-media.com/kf/S18a00a1d791443d286e2b6b29c883a4cV.jpg
grip strengthener,3256813053950931,Silicone Grip Ring Hand Strengthener Thick Dual Resistance Finger Trainer Forearm Wrist Exercise Fitness Equip,2.89,12.61,77,,,"Early bird deal, only 1 left | Delivery: Oct 05 - 13",CN,si,https://www.aliexpress.us/item/3256813053950931.html,https://ae-pic-a1.aliexpress-media.com/kf/S43a41e110e574ddc8711fa7aefa4e5c5t.png
grip strengthener,3256813038697541,"Hexagonal Silicone Grip Strengthener Ring, Finger Strength Trainer, Professional Hand Muscle Fitness Equipment",3.85,8.38,54,,,"Early bird deal, only 15 left | Delivery: Oct 05 - 13",CN,si,https://www.aliexpress.us/item/3256813038697541.html,https://ae-pic-a1.aliexpress-media.com/kf/S870c7a5c3be6434ab03354c031a145cfi.jpg
grip strengthener,3256812902163617,Finger Hand Strengthener Ergonomic Ball Gripper Exerciser Anti Slip For Musicians Athletes Strengthening Finge,3.55,8.67,59,,,"Early bird deal, only 4 left | Delivery: Oct 05 - 13",CN,si,https://www.aliexpress.us/item/3256812902163617.html,https://ae-pic-a1.aliexpress-media.com/kf/Scd6da8d05e3b418eb4e47cf56e64f2e91.jpg
grip strengthener,3256808764746770,Grip Strengthener Hand 5-165Kg Adjustable Heavy Hand Grip Exercise Strengthener Gripper Finger Expander Arm Wr,15.33,17.01,9,358 sold,4.7,,CN,si,https://www.aliexpress.us/item/3256808764746770.html,https://ae-pic-a1.aliexpress-media.com/kf/S48cd12a8df5943e09598dfca0790e990P.png
grip strengthener,3256812781090233,Hand Grip Strength Tester Dynamometer Finger Arm Strengthener Trainer Arm wrist exercise equipment strength tr,5.49,10.97,50,,,Delivery: Oct 05 - 13 | Extra 1% off with coins,CN,si,https://www.aliexpress.us/item/3256812781090233.html,https://ae-pic-a1.aliexpress-media.com/kf/Sac4427d14f934c20b0d323784d8704f5Q.jpg
grip strengthener,3256813023421776,Digital Counting Hand Grip Strengthener Professional Wrist Arm Finger Strength Trainer For Men Fitness Rehabil,6.39,20.6,69,,,"Early bird deal, only 1 left | Delivery: Oct 05 - 13",CN,si,https://www.aliexpress.us/item/3256813023421776.html,https://ae-pic-a1.aliexpress-media.com/kf/S914e8f21df3f458f920f982136d184e2d.jpg
grip strengthener,3256812754198027,5-60Kg Adjustable Heavy Hand Gripper Fitness Hand Exerciser Grip Wrist Training Finger Gripper Hand Strengthen,10.22,21.29,52,,,Delivery: Oct 05 - 13 | Extra 1% off with coins,CN,si,https://www.aliexpress.us/item/3256812754198027.html,https://ae-pic-a1.aliexpress-media.com/kf/Sc7a7d64f16db4948b8f35f66d7e75a00s.jpg
grip strengthener,3256809753896593,Grip Strengthener Power Hand Wrist Power Hand Ball Auto-Start Grip Ball Strengthener Gyroscopic Arm Gyro Hand ,7.59,16.16,53,"10,000+ sold",4.6,Top selling on AliExpress | Delivery: Oct 05 - 13,CN,si,https://www.aliexpress.us/item/3256809753896593.html,https://ae-pic-a1.aliexpress-media.com/kf/Sb484b23af4514f0fbb62a056e475235ea.png
grip strengthener,3256812695916475,Unisex Silicone Finger Grip Double Strength Ergonomic Design Hand Strengthener Finger Grip Circle Wrist Suppor,3.3,6.73,51,,,Delivery: Oct 05 - 13 | Extra 1% off with coins,CN,si,https://www.aliexpress.us/item/3256812695916475.html,https://ae-pic-a1.aliexpress-media.com/kf/Sa2fa0b52ce504ebd8479a0938928bc7bG.png
grip strengthener,3256812924199315,"5-100kg Adjustable Hand Gripper – Wrist Strengthener with Resistance Dial, Forearm Builder & Rehabilitation To",7.54,25.13,70,,,"Early bird deal, only 1 left | Delivery: Oct 05 - 13",CN,si,https://www.aliexpress.us/item/3256812924199315.html,https://ae-pic-a1.aliexpress-media.com/kf/Sdbba77c0aa25439e87fe896085b7d3b1H.jpg
grip strengthener,3256807258822468,5 PCS Hand Grips Strengthener Trainer Set Adjustable Gripper Fingers Exerciser Ball Stretch and Exercise Ring ,0.99,19.76,94,2 sold,5,New shoppers save $18.77 | Delivery: Oct 05 - 13,CN,si,https://www.aliexpress.us/item/3256807258822468.html,https://ae-pic-a1.aliexpress-media.com/kf/Sc787b2f76102478e8f1af9e5e154b38bZ.png
grip strengthener,3256812924030253,Grip Strengthener 5-60/100/150kg Grip Strength Gym Wrist Expander Hand Strengthener Adjustable Muscle Recovery,2.38,12.14,80,1 sold,,New shoppers save $9.76,CN,si,https://www.aliexpress.us/item/3256812924030253.html,https://ae-pic-a1.aliexpress-media.com/kf/Sa198a803f68c46cf82cafa703a3e61bb7.png
grip strengthener,3256812700898603,Finger Strengthener Exerciser Grippers 5cm Strengthening Massage Hand Exercise Ball Grip Ball Toy For Training,3.3,6.74,51,,,Delivery: Oct 05 - 13 | Extra 1% off with coins,CN,si,https://www.aliexpress.us/item/3256812700898603.html,https://ae-pic-a1.aliexpress-media.com/kf/S253f0424f96b482cbef3075b9068bf6dW.jpg
grip strengthener,3256812952275524,Portable Arm Wrestling Hand Grip Exerciser Wrist Muscle Power Strengthener For Gym Home Spring Forearm Workout,34.38,78.13,56,,,"Early bird deal, only 4 left | Delivery: Oct 05 - 13",CN,si,https://www.aliexpress.us/item/3256812952275524.html,https://ae-pic-a1.aliexpress-media.com/kf/Se70e2578c6854955b71742c3bb4df7758.jpg
grip strengthener,3256812961924877,Climbing Finger Strength Trainer Hand Grip Exerciser for Finger Power Training Fitness Workout Gear,3.42,16.29,79,,,"Early bird deal, only 1 left | Delivery: Oct 05 - 13",CN,si,https://www.aliexpress.us/item/3256812961924877.html,https://ae-pic-a1.aliexpress-media.com/kf/Sf754794491ab438a9f5f908424d6d82bv.jpg
grip strengthener,3256812786057360,Grip Strengthener 5-165KG Adjustable Hand Grip Strengthener Gripper Nonslip Grip Trainer with 5-165KG Resistan,9.53,15.38,38,2 sold,,,CN,si,https://www.aliexpress.us/item/3256812786057360.html,https://ae-pic-a1.aliexpress-media.com/kf/S4a4500203be94a0fb49b0bdd07548db63.jpg
grip strengthener,3256807412060949,5-60kg Adjustable Hand Grip Strength Strengthener Trainer Full Set With Counter Wrist Forearm And Hand Exercis,9.59,32.57,70,"4,000+ sold",4.7,Delivery: Oct 05 - 13,CN,si,https://www.aliexpress.us/item/3256807412060949.html,https://ae-pic-a1.aliexpress-media.com/kf/Sc4205ae72fe14c67a6b71f8da395d800b.jpg
grip strengthener,3256812792390120,Finger Grip Strengthener High-Density Nylon Weightlifting Plate Holder Anti-Slip Training Tool for Gym Home Wo,9.72,19.84,51,,,Delivery: Oct 05 - 13 | Extra 1% off with coins,CN,si,https://www.aliexpress.us/item/3256812792390120.html,https://ae-pic-a1.aliexpress-media.com/kf/Sb90a64a4d02a4d61b626641d5e845ed08.jpg
grip strengthener,3256812490601301,6Pack 50-300LB Metal Hand Grip Strengthener Forearm Workout Rehabilitation Tool,47.24,94.48,50,,,Delivery: Oct 05 - 13 | 4 × $11.81 with no interest,CN,si,https://www.aliexpress.us/item/3256812490601301.html,https://ae-pic-a1.aliexpress-media.com/kf/S23d332de63f94cab9f24d8dc806d5094x.jpg
grip strengthener,3256812971697002,Grip Strengthener Wrist Power Hand Ball Auto-Start Grip Ball Strengthener Gyroscopic Arm Gyro Hand Ball Home F,4.73,7.62,38,2 sold,,,CN,si,https://www.aliexpress.us/item/3256812971697002.html,https://ae-pic-a1.aliexpress-media.com/kf/S2e0a9b97f82540aba9f43a9985aee680o.jpg
grip strengthener,3256812903694229,Gripper 5-60KG Adjustable R-Type Hand Grip Countable Exercise Strength Strengthening Pliers Spring Finger Pinc,4.31,13.89,69,,,"Early bird deal, only 1 left | Delivery: Oct 05 - 13",CN,si,https://www.aliexpress.us/item/3256812903694229.html,https://ae-pic-a1.aliexpress-media.com/kf/Sb1879fcc3b524f9fb08b2a0015f2debbz.jpg
grip strengthener,3256812996335303,"Grip Strengthener Set, Finger Exerciser for Hand & Fingers, Ideal for Fitness Training, Enhance Muscle Tone, D",2.96,10.98,73,,,"Early bird deal, only 1 left | Delivery: Oct 05 - 13",CN,si,https://www.aliexpress.us/item/3256812996335303.html,https://ae-pic-a1.aliexpress-media.com/kf/S128b3806ab42409586e5640d1e522b21H.jpg
grip strengthener,3256806818439112,"Twist Bars for Physical Therapy - Weighted Hand Grip Strength Trainer for Injury Recovery, Tennis, Golfers, El",0.99,19.98,95,1 sold,,New shoppers save $18.99 | Delivery: Oct 05 - 13,CN,si,https://www.aliexpress.us/item/3256806818439112.html,https://ae-pic-a1.aliexpress-media.com/kf/S1921c69a74c14fd2907e02b107750cb71.jpg
grip strengthener,3256809667650702,Grip Strengthener Forearm Bodybuilding Forearm Grip Hand Squeezer Exercises Forearm Trainer Grip Strengthener ,0.99,4.47,77,45 sold,5,New shoppers save $3.48,CN,si,https://www.aliexpress.us/item/3256809667650702.html,https://ae-pic-a1.aliexpress-media.com/kf/Sf58094e1d1d34c90abe9efa5d59fb77b1.jpg
grip strengthener,3256805058120113,Left 100lbs-350lbs Fitness Heavy Grips Wrist Rehabilitation Developer Hand grip Muscle Strength Training Devic,0.99,18.02,94,1 sold,,New shoppers save $17.03 | Delivery: Oct 05 - 13,CN,si,https://www.aliexpress.us/item/3256805058120113.html,https://ae-pic-a1.aliexpress-media.com/kf/Se455f6c78fd54b8aa041bdc95b975b3dD.jpg
grip strengthener,3256812164537272,Adjustable Finger Resistance Trainer Hand Grip Strengthener Finger Stretcher Band Gym Fitness Training Climbin,0.99,5.34,81,4 sold,3,New shoppers save $4.35 | Delivery: Oct 05 - 13,CN,si,https://www.aliexpress.us/item/3256812164537272.html,https://ae-pic-a1.aliexpress-media.com/kf/Sc610f581d9b1456c834c13f4ea90481f7.png
grip strengthener,3256807609232640,"1pc Finger Strengthener, Hand Grip Strength Trainer, Finger Trainer For Strength Training, Basketball Guitar P",0.99,8.4,88,36 sold,4.8,New shoppers save $7.41 | Delivery: Oct 05 - 13,CN,si,https://www.aliexpress.us/item/3256807609232640.html,https://ae-pic-a1.aliexpress-media.com/kf/Sb8ccda8d8e2f4c44b8ba29417f74545c5.jpg
grip strengthener,3256812781686395,Grip Strengthener Hand Silicone Adjustable Hand Grip Finger Trainer Exercise Carpal Expander Muscle Workout Gy,2.34,3.9,40,,,Extra 5% off with coins,CN,si,https://www.aliexpress.us/item/3256812781686395.html,https://ae-pic-a1.aliexpress-media.com/kf/S1070c76a334a42e293a98553e9ddb2021.jpg
grip strengthener,3256812685097607,"Hand Grip Strengthener, Silicone Grip Ring, Elastic Hand Trainer for Home &Office Fitness, Hand Rehabilitation",11.7,23.41,50,,,Delivery: Oct 05 - 13 | Extra 1% off with coins,CN,si,https://www.aliexpress.us/item/3256812685097607.html,https://ae-pic-a1.aliexpress-media.com/kf/S96a1b1eb80174364acecc3b641da80a46.jpg
grip strengthener,3256812856589740,Finger Strengthener Finger Exerciser for Forearm and Hand Strengthener Hand Grip Workout Equipment for Musicia,2.81,5.73,51,,,Delivery: Oct 05 - 13 | Extra 1% off with coins,CN,si,https://www.aliexpress.us/item/3256812856589740.html,https://ae-pic-a1.aliexpress-media.com/kf/Sba46f11316344e0aaf173d7ab901714ej.jpg
grip strengthener,3256812765185550,Grip Strength Muscle Arms Trainer Recovery Wrist Gym Equipment 1Pcs 50-300LB Metal Hand Gripper Strengthener F,7.78,16.2,52,,,Delivery: Oct 05 - 13 | Extra 1% off with coins,CN,si,https://www.aliexpress.us/item/3256812765185550.html,https://ae-pic-a1.aliexpress-media.com/kf/S926b38c6c78d41b8a106cb651768e1d10.jpg
grip strengthener,3256812852355679,"Grip Training Strengthener Single-Finger Training Grip Ball – Heart Shape Stress Reliever & Hand Strengthener,",3.58,,,,,,CN,si,https://www.aliexpress.us/item/3256812852355679.html,https://ae-pic-a1.aliexpress-media.com/kf/S037373fe48874899a901c4d25ee543661.jpg
grip strengthener,3256812987178961,SS Wrist Power Hand Ball Auto-Start Grip Ball Strengthener Gyroscopic Arm Gyro Hand Ball Home Fitness Forearm ,11.17,34.9,68,,,"Early bird deal, only 1 left | Delivery: Oct 05 - 13",CN,si,https://www.aliexpress.us/item/3256812987178961.html,https://ae-pic-a1.aliexpress-media.com/kf/S61b6d6a1809847e0a03c27ca4fabfd6eN.jpg
grip strengthener,3256807862533610,10-60LB Silicone Adjustable Hand Grip Finger Recovery Trainer Exercise Carpal Expander Muscle Workout Gym Fitn,0.99,8.36,88,7 sold,5,New shoppers save $7.37 | Delivery: Oct 05 - 13,CN,si,https://www.aliexpress.us/item/3256807862533610.html,https://ae-pic-a1.aliexpress-media.com/kf/S4d12a1ddc73e47669f6d2d5c4115206eA.jpg
grip strengthener,3256813028192598,"Metal Hand Gripper for Grip Strength Training, Forearm Strengthener and Grip Exerciser",52.82,220.1,76,,,"Early bird deal, only 1 left | Delivery: Oct 03 - 09",US,si,https://www.aliexpress.us/item/3256813028192598.html,https://ae-pic-a1.aliexpress-media.com/kf/Sa3a054eda70c4de698a8b2a6db716feea.jpg
grip strengthener,3256809068849007,Grip Hand Strength Hand Grip Fitness Arm Trainers Strength Foam Wrist Grippers Rehabilitation Finger Pow Muscl,0.77,1.3,41,278 sold,4.6,Extra 3% off with coins,CN,si,https://www.aliexpress.us/item/3256809068849007.html,https://ae-pic-a1.aliexpress-media.com/kf/Se8aafc4855524d2b99f68a18d20d6908Z.jpg
grip strengthener,3256809709068576,Professional Grip Ring Silicone Hand Grip Strength Exercise Arm Muscle Training Fitness Thickened Grip,0.99,13.55,92,5 sold,4,New shoppers save $12.56 | Delivery: Oct 05 - 13,CN,si,https://www.aliexpress.us/item/3256809709068576.html,https://ae-pic-a1.aliexpress-media.com/kf/Sf5b996be9d0d4c2bae9a490c7049990fv.jpg
grip strengthener,3256809437348259,"Hand Therapy Grip Strengthener Ball & Finger Stretcher - Fitness Exercise Equipment for Arm Muscle, Relaxation",0.99,9.89,90,31 sold,5,New shoppers save $8.9 | Delivery: Oct 05 - 13,CN,si,https://www.aliexpress.us/item/3256809437348259.html,https://ae-pic-a1.aliexpress-media.com/kf/Sc3b89771b8164a1cb2b49817222a8713j.jpg
grip strengthener,3256807364130880,Z-Shaped Elastic Hand Shaped Steel Spring Finger Strength Device Finger Grip Ring Finger Strength Training Dev,0.99,7.32,86,28 sold,,New shoppers save $6.33 | Delivery: Oct 05 - 13,CN,si,https://www.aliexpress.us/item/3256807364130880.html,https://ae-pic-a1.aliexpress-media.com/kf/S7c42b5c1ab89439593b373c3eadafda7O.jpg
grip strengthener,3256809704016244,Grip Strength Hand New 5PCS Adjustable Finger And Forearm Strengthening Kit - Improve Grip Strength And Flexib,6.51,14.3,54,34 sold,5,New shoppers save $7.79,CN,si,https://www.aliexpress.us/item/3256809704016244.html,https://ae-pic-a1.aliexpress-media.com/kf/Sf057cb7687934d9da57edc1b8c750042M.jpg
grip strengthener,3256812901422815,Smart App Count Hand Grip Strengthener Portable Adjustable Hand Exerciser Professional Silicones Grip Trainer ,7.62,,,,,Extra 2% off with coins,CN,si,https://www.aliexpress.us/item/3256812901422815.html,https://ae-pic-a1.aliexpress-media.com/kf/S098b61bded724d02af16e6d152b5d2e7U.jpg
grip strengthener,3256812848852168,**Adjustable Hand Grip Strengthener 5-100KG with Digital Counter Forearm Finger Trainer Exerciser for Men Wome,23.52,,,,,Free shipping | Extra 10% off with coins,CN,si,https://www.aliexpress.us/item/3256812848852168.html,https://ae-pic-a1.aliexpress-media.com/kf/S15d5bb75363d40708c7fc17be851629c1.png
grip strengthener,3256813043924411,10-120Kg Adjustable Grip Strength Gym Wrist Expander Hand Strengthener Adjustable Muscle Recovery Fitness Hand,12.37,,,,,,CN,si,https://www.aliexpress.us/item/3256813043924411.html,https://ae-pic-a1.aliexpress-media.com/kf/S6b2ea2a1198f41dcaf3981882c6d4a01j.jpg
grip strengthener,3256812864085355,"Grip Strength Equipment Wrist and Forearm Enhancer, Hand Exercise Device, Adjustable Tension to Improve Arm Gr",3.03,4.88,38,5 sold,,Extra 6% off with coins,CN,si,https://www.aliexpress.us/item/3256812864085355.html,https://ae-pic-a1.aliexpress-media.com/kf/Sc013dece007c44f3a7d779e211249372V.jpg
pilates bar kit,3256812899382732,14pcs Pilates Bar Kit Including 6 Resistance Multi Purpose Build Muscle Strength Indoor Daily Fitness Training,33.49,90.51,63,,,"Early bird deal, only 1 left | Delivery: Oct 05 - 13",CN,si,https://www.aliexpress.us/item/3256812899382732.html,https://ae-pic-a1.aliexpress-media.com/kf/S2b0e64b092854577b85cc5ad6a1970a4N.jpg
pilates bar kit,3256809179461528,"Pilates Bar Kit with Resistance Bands, Pilates Bar with Stackable Bands Workout Equipment",33.17,70.58,53,1 sold,5,Delivery: Oct 05 - 13 | 4 × $8.29 with no interest,CN,si,https://www.aliexpress.us/item/3256809179461528.html,https://ae-pic-a1.aliexpress-media.com/kf/S0943a1bf5a9044f9815115a28107b7caY.jpg
pilates bar kit,3256813015550978,Pilates Bar Kit & Resistance Bands Pilates Workout Equipment Exercise Bands Set Pilates Kit for Hip Back Arm F,65.93,,,,,4 × $16.48 with no interest,CN,si,https://www.aliexpress.us/item/3256813015550978.html,https://ae-pic-a1.aliexpress-media.com/kf/S6b50fc384fd4453f8686e3b73cc638eeV.jpg
pilates bar kit,3256812525289414,"5 Levels Yoga Fitness Tensioner Resistance Band With Handles, Elastic TPE Straight Bar Yoga Pull Rope Fitness ",1.09,7.85,86,149 sold,5,New shoppers save $6.76 | Top selling on AliExpress,CN,si,https://www.aliexpress.us/item/3256812525289414.html,https://ae-pic-a1.aliexpress-media.com/kf/Se33df9099e20455fb9318b72185f5f26d.jpg
pilates bar kit,2251832389746211,Pilates Stick Yoga Pilates Bar Barre Basic Kit Exercise Resistance Bands,92.41,181.2,49,28 sold,5,4 × $23.1 with no interest | Extra 2% off with coins,CN,si,https://www.aliexpress.us/item/2251832389746211.html,https://ae-pic-a1.aliexpress-media.com/kf/HTB1bYZRPXXXXXaeXpXXq6xXFXXXF.jpg
pilates bar kit,3256812675109675,Portable Pilates Bar Set W/ Resistance Bands Multi Purpose Yoga Stick Home Workout Gear for Shaping Arms Waist,73.1,80.1,8,4 sold,,New shoppers save $7 | 4 × $18.28 with no interest,CN,si,https://www.aliexpress.us/item/3256812675109675.html,https://ae-pic-a1.aliexpress-media.com/kf/S141649de231e4804a2229c7a4b827f88c.jpg
pilates bar kit,3256812784473837,Multifunctional Pilates Resistance Bar Set Full Body Sculpting Home Fitness Tool for Squats and Strength Train,11.23,37.98,70,20 sold,5,New shoppers save $26.75 | Delivery: Oct 05 - 13,CN,si,https://www.aliexpress.us/item/3256812784473837.html,https://ae-pic-a1.aliexpress-media.com/kf/Sf795aed4de454fca9322b97358d69a2fy.jpg
pilates bar kit,3256812680235475,5 Different Levels Resistance Bands Exercise Fitness Rubber Fitness Mini Bands Pilates Sport Extender Workout ,1.09,4.46,75,69 sold,,New shoppers save $3.37,CN,si,https://www.aliexpress.us/item/3256812680235475.html,https://ae-pic-a1.aliexpress-media.com/kf/S28a1689026334a26bf08e75cf8ed9e57E.png
pilates bar kit,3256812912669917,Pilates Bar Kit with Resistance Bands Portable Home Gym Fitness Stick for Full‑Body Workout Yoga Exercise Trai,24.54,30.3,19,,,Free shipping | Extra 2% off with coins,CN,si,https://www.aliexpress.us/item/3256812912669917.html,https://ae-pic-a1.aliexpress-media.com/kf/S0f4fbbf123444485bb94d5bce324cae5L.jpg
pilates bar kit,3256811343100350,Pilates Bar Kit for Men Women Chest Muscle Training for Working Out Portable,16.15,25.63,37,,,,CN,si,https://www.aliexpress.us/item/3256811343100350.html,https://ae-pic-a1.aliexpress-media.com/kf/S55c8ea3e069e47f1a51eff5d1700a1f8e.jpg
pilates bar kit,3256812570017920,Portable Pilates Bar Kit Professional with Resistance Ropes Heavy Duty Resistance Bands for Women Training Spo,32.74,60.62,46,,,4 × $8.19 with no interest,CN,si,https://www.aliexpress.us/item/3256812570017920.html,https://ae-pic-a1.aliexpress-media.com/kf/S827fb66f8a77477d87d1dc50473b429ag.jpg
pilates bar kit,3256811864170855,Pilates Bar Kit W/ Resistance Bands Multifunctional Pilates Bar Portable Yoga Pilates Stick Home Gym Strength ,43.75,93.08,53,,,4 × $10.94 with no interest | Extra 1% off with coins,CN,si,https://www.aliexpress.us/item/3256811864170855.html,https://ae-pic-a1.aliexpress-media.com/kf/S5690442bf60a498680428b6ae310dd8eE.jpg
pilates bar kit,3256812781653457,20 in 1 Portable Home Gym Workout Set Foldable Push Up Board with Resistance Bands Pilates Bar Ab Roller Hand ,25.36,69.9,63,16 sold,,New shoppers save $44.54 | Lowest price in 90 days,US,si,https://www.aliexpress.us/item/3256812781653457.html,https://ae-pic-a1.aliexpress-media.com/kf/Sccae8bda15e74e2ca38d21912e9557bfC.jpg
pilates bar kit,3256811856557449,Yoga Stick 2 Pieces Pilates Stretching Pole Adult Hump Corrector Bar for Runners Beginners Professionals Home ,9.02,32.05,71,14 sold,3,New shoppers save $23.03 | Extra 1% off with coins,CN,si,https://www.aliexpress.us/item/3256811856557449.html,https://ae-pic-a1.aliexpress-media.com/kf/Saa0c24df5d824d1099da0b5f2e317a17Z.jpg
pilates bar kit,3256812934867435,Portable Pilates Bar Stick Equip Foot Loop Exercise Resistance Band Fitness,16.87,35.9,53,,,"Early bird deal, only 15 left | Delivery: Oct 05 - 13",CN,si,https://www.aliexpress.us/item/3256812934867435.html,https://ae-pic-a1.aliexpress-media.com/kf/S6431b681a5574c47a340ad27985f7633p.jpg
pilates bar kit,3256812580572730,Pilates Kit Set Yoga Mat Dumbbells Set Pilates Accessories Customized Ankle Wrist Bangles Barbell Bar Beam Pow,165.52,179.91,8,,,4 × $41.38 with no interest,CN,si,https://www.aliexpress.us/item/3256812580572730.html,https://ae-pic-a1.aliexpress-media.com/kf/S95051515dbc3400ba297b057d1c67bdaI.jpg
pilates bar kit,3256812587165687,Yoga Mat Dumbbells Set Pilates Accessories Customized Ankle Wrist Bangles Barbell Bar Beam Power Ring Silicone,170.49,185.31,8,1 sold,,4 × $42.62 with no interest,CN,si,https://www.aliexpress.us/item/3256812587165687.html,https://ae-pic-a1.aliexpress-media.com/kf/S201099c1c74f434a97ef1e29eb6ce35fx.jpg
pilates bar kit,3256812615645217,Pilates Bar Home Gym Workout Pull Up Bar Sport Fitness Bar Equipment,34.47,,,,,4 × $8.62 with no interest,CN,si,https://www.aliexpress.us/item/3256812615645217.html,https://ae-pic-a1.aliexpress-media.com/kf/S22bd19d1ed224517ab28e0ce4c31fd2dn.jpg
pilates bar kit,3256812463581039,Customized Logo Barbell Bar Silicone Dumbbell Power Ring Yoga Mat Pilates Reformer Home Gym Fitness Set Yoga P,196.3,213.37,8,,,4 × $49.08 with no interest,CN,si,https://www.aliexpress.us/item/3256812463581039.html,https://ae-pic-a1.aliexpress-media.com/kf/Sff1c2eded62c40f9ace6d1859abcc31fR.jpg
pilates bar kit,3256812087199463,Multifunctional Pilates Bar Combination Fitness Bar Yoga Chest Expansion Tension Rope Back Trainer Elastic Rop,1.09,17.6,93,42 sold,5,New shoppers save $16.51 | Lowest price in 90 days,CN,si,https://www.aliexpress.us/item/3256812087199463.html,https://ae-pic-a1.aliexpress-media.com/kf/Sd2fe8cfdbab041c9942830c3cc0998d5R.jpeg
pilates bar kit,3256812899416628,14pcs Pilates Bar Set With 6 Resistance Bands Multi Functional Fitness Puller Workout Equipment For Home Gym S,31.09,86.38,64,,,"Early bird deal, only 1 left | Delivery: Oct 05 - 13",CN,si,https://www.aliexpress.us/item/3256812899416628.html,https://ae-pic-a1.aliexpress-media.com/kf/Sbb64f5d6b9ce492b8975281af8e9309f7.jpg
pilates bar kit,3256812483573379,"180lbs Resistance Bands with Adjustable Pilates Bar, Portable Home Gym Set for Full Body Strength & Pilates Wo",24.27,65.14,62,14 sold,4,New shoppers save $40.87 | Delivery: Oct 05 - 13,CN,si,https://www.aliexpress.us/item/3256812483573379.html,https://ae-pic-a1.aliexpress-media.com/kf/S0f25523fd893475a8c165e8e54cf9056l.jpg
pilates bar kit,3256812477828971,"180lbs Resistance Bands with Adjustable Pilates Bar, Portable Home Gym Set for Full Body Strength & Pilates Wo",23.64,65.19,63,8 sold,,New shoppers save $41.55 | Delivery: Oct 05 - 13,CN,si,https://www.aliexpress.us/item/3256812477828971.html,https://ae-pic-a1.aliexpress-media.com/kf/S19b6edd209ca441b98ce3867eb34afd2R.jpg
pilates bar kit,3256810098166038,Portable Yoga Pilates Bar Stick with Resistance Band Home Gym Muscle Toning Bar Fitness Stretching Sports Body,44.06,51.06,13,21 sold,5,New shoppers save $7 | Lowest price in 90 days,CN,si,https://www.aliexpress.us/item/3256810098166038.html,https://ae-pic-a1.aliexpress-media.com/kf/S664b0b34c33e49ad8863ecc05e7c5d46v.jpg
pilates bar kit,3256812610853845,"Multi-functional Pilates Bar with Resistance Bands, Buttock & Leg Shaping Trainer, Home Gym Gear for Men Women",1.09,19.09,94,2 sold,5,New shoppers save $18 | Delivery: Oct 05 - 13,CN,si,https://www.aliexpress.us/item/3256812610853845.html,https://ae-pic-a1.aliexpress-media.com/kf/S10a761e306f243dc837b4ffd3bf22439y.jpg
pilates bar kit,3256813054249794,Pilates Workout Equipment & Resistance Bands Portable Exercise Pilates Bar for Home Gym Fitness Yoga Strength ,65.37,,,,,4 × $16.34 with no interest,CN,si,https://www.aliexpress.us/item/3256813054249794.html,https://ae-pic-a1.aliexpress-media.com/kf/S08598cdef4584a76a78c65c76f32fdbbX.jpg
pilates bar kit,3256813030016672,Adjustable Stretching Rod for Yoga and Pilates Portable Metal Exercise Bar for Home Fitness Flexibility Traini,20.42,35.83,43,,,,CN,si,https://www.aliexpress.us/item/3256813030016672.html,https://ae-pic-a1.aliexpress-media.com/kf/S15408990071a4d21b19bc01019a6e85f3.jpg
pilates bar kit,3256807743620504,Custom Color Home Gym Fitness Yoga Pilates Set Rubber PU Yoga Mat Silicone Dumbbell Power Ring Barbell Bar Bea,10.26,10.8,5,2 sold,5,Extra 6% off with coins,CN,si,https://www.aliexpress.us/item/3256807743620504.html,https://ae-pic-a1.aliexpress-media.com/kf/S16a0257dc0a947448abc4a7de64c544fJ.jpg
pilates bar kit,3256812712384823,Multifunctional Pilates Bar Home Yoga Fitness Resistance Bar Elastic Rope Hip Exercise Training Equipment,2.59,25.19,89,1 sold,,New shoppers save $22.6 | Delivery: Oct 05 - 13,CN,si,https://www.aliexpress.us/item/3256812712384823.html,https://ae-pic-a1.aliexpress-media.com/kf/S580df3e824ed432aa11732d87753471aS.jpg
pilates bar kit,3256812878922434,Factory Customized Logo Barbell Bar Beam Silicone Dumbbell Power Ring Yoga Mat Home Gym Fitness Set Yogaball P,165.52,179.91,8,,,4 × $41.38 with no interest,CN,si,https://www.aliexpress.us/item/3256812878922434.html,https://ae-pic-a1.aliexpress-media.com/kf/S009fc4cf94ff4996a957cd2e35efee42c.jpg
pilates bar kit,3256809277309928,Home Gym Equipment Fitness Pilates Bar Set Silicone Ankle Weights Hand Weights 1,75.95,82.55,8,4 sold,3,4 × $18.99 with no interest | Extra 5% off with coins,CN,si,https://www.aliexpress.us/item/3256809277309928.html,https://ae-pic-a1.aliexpress-media.com/kf/Sdbdb4050891f456ea18f40c7bc47860ab.jpg
pilates bar kit,3256812999599243,Portable Exercise Pilates Bar W/ Resistance Bands Portable Yoga Pilates Stick for Women & Men Home Gym Exercis,66.89,,,,,4 × $16.72 with no interest,CN,si,https://www.aliexpress.us/item/3256812999599243.html,https://ae-pic-a1.aliexpress-media.com/kf/Sb62a0a75a3024bbfaa95fa8d983537b95.jpg
pilates bar kit,3256808366191479,Strength Training Weightlifting Power Barbell Resistance Band Workout Power Lifting Fitness Bar Power Pilates ,67.61,84.51,20,2 sold,,4 × $16.9 with no interest,CN,si,https://www.aliexpress.us/item/3256808366191479.html,https://ae-pic-a1.aliexpress-media.com/kf/S9b7af0f3471b4b4cabae226250730646c.jpg
pilates bar kit,3256812015818599,Yoga Dumbbell Bar Set Home Gym Fitness 2kg Silicone Dumbbells Colorful Women Hand Weights Eco-friendly Custom ,32.1,34.15,6,,,4 × $8.03 with no interest | Extra 5% off with coins,CN,si,https://www.aliexpress.us/item/3256812015818599.html,https://ae-pic-a1.aliexpress-media.com/kf/S40ed637add3c4976b95f0b50a8cc6969p.jpg
pilates bar kit,3256811930833263,Unisex Pilates Accessories Kit Custom Color Stretch Fabric Resistance Band Magic Circle Yoga Block Pilates Rin,19.84,,,,,,CN,si,https://www.aliexpress.us/item/3256811930833263.html,https://ae-pic-a1.aliexpress-media.com/kf/Sd51fad350f724eb6a98a54a1d2390a45h.jpg
pilates bar kit,3256812374345728,"Push Up Board, Home Gym, Portable Exercise Equipment, Pilates Bar and 20 Fitness Accessories with Resistance B",87.79,548.66,84,,,"Early bird deal, only 1 left | Free shipping",US,si,https://www.aliexpress.us/item/3256812374345728.html,https://ae-pic-a1.aliexpress-media.com/kf/S5415a3fafa954102a5e485aeea2d1bdbl.jpg
pilates bar kit,3256813053684474,Yoga Bar Fitness Rod Muscle Puller Resistance Exercise Tool for Flexibility Training Yoga Pilates Stretching M,5.59,11.4,51,,,,CN,si,https://www.aliexpress.us/item/3256813053684474.html,https://ae-pic-a1.aliexpress-media.com/kf/S648250c28f5541efb33b16d945d37703c.jpg
pilates bar kit,3256811799110047,Push Up Board Home Gym Portable Exercise Equipment Pilates Bar with Resistance Bands Ab Roller Wheel Full Body,34.5,43.13,20,,,Customizable | Free shipping,CN,si,https://www.aliexpress.us/item/3256811799110047.html,https://ae-pic-a1.aliexpress-media.com/kf/Scd4f3cc67cbb4053b2598053ae0e97a7E.jpg
pilates bar kit,3256812891430698,Private Label Yoga Accessory Bundle Custom Beige All in One Pilates Kit Curved Mat Bar Ring Block Booty Band A,147.33,160.14,8,,,4 × $36.83 with no interest,CN,si,https://www.aliexpress.us/item/3256812891430698.html,https://ae-pic-a1.aliexpress-media.com/kf/S004231943fb14640a6c13c293c993dfdZ.jpg
pilates bar kit,3256812603155651,20 in 1 Portable Home Gym Workout Set Foldable Push Up Board with Resistance Bands Pilates Bar Ab Roller Hand ,34.45,111.13,69,16 sold,,Free shipping | 4 × $8.61 with no interest,US,si,https://www.aliexpress.us/item/3256812603155651.html,https://ae-pic-a1.aliexpress-media.com/kf/Sccae8bda15e74e2ca38d21912e9557bfC.jpg
pilates bar kit,3256812899325044,14pcs Pilates Bar Set Comes With 6 Resistance Bands Versatile Fitness Puller Yoga Stretching Trainer Portable ,24.02,81,70,1 sold,,"New shoppers save $56.98 | Early bird deal, only 4 left",CN,si,https://www.aliexpress.us/item/3256812899325044.html,https://ae-pic-a1.aliexpress-media.com/kf/S8060fc7f32244ae9b1b4ed5647d285e7W.jpg
pilates bar kit,3256812911921275,Resistance Band Bar Detachable Portable Adjustable Attachment 39 inch 3 Sections Pilates Bar for Squat Shoulde,17.35,50.73,65,2 sold,,New shoppers save $33.38 | Delivery: Oct 05 - 13,CN,si,https://www.aliexpress.us/item/3256812911921275.html,https://ae-pic-a1.aliexpress-media.com/kf/Sd5475e4ac200428fa1ef83592d580558G.jpg
pilates bar kit,3256811937126475,Yoga Mat Dumbbells Set Pilates Accessories Customized Ankle Wrist Bangles Barbell Bar Beam Power Ring Silicone,78.97,,,,,4 × $19.74 with no interest,CN,si,https://www.aliexpress.us/item/3256811937126475.html,https://ae-pic-a1.aliexpress-media.com/kf/Sa9c57533fae6483db4b61a382cc1a90f5.jpg
pilates bar kit,3256808189590509,Resistance Bands Set with Fitness Bar Workout Gym Pull Rope Yoga TPE or Latex Tube Sports Elastic Exercise Equ,33.05,55.09,40,14 sold,5,4 × $8.26 with no interest,CN,si,https://www.aliexpress.us/item/3256808189590509.html,https://ae-pic-a1.aliexpress-media.com/kf/Sc6b8e2b37a49491fb520361f7f488445H.jpg
pilates bar kit,3256812923884409,"180lbs Resistance Bands with Adjustable Pilates Bar, Portable Home Gym Set for Full Body Strength & Pilates Wo",19.14,31.37,39,,,Extra 5% off with coins,CN,si,https://www.aliexpress.us/item/3256812923884409.html,https://ae-pic-a1.aliexpress-media.com/kf/S4e17cb42119b48e3a98a9df7762f6ea4o.jpg
pilates bar kit,3256812542386000,Adjustable Pilates Bar with Resistance Bands Portable Full-Body Workout Bar for Yoga Strength Training Toning ,3.01,27.68,89,2 sold,,New shoppers save $24.67 | Lowest price in 90 days,CN,si,https://www.aliexpress.us/item/3256812542386000.html,https://ae-pic-a1.aliexpress-media.com/kf/Se011f80bd3504ba2b9986b4cb7b34857A.jpg
pilates bar kit,3256812628599291,"Stretch Bands for Exercise, Resistance Bands for Working Out, Exercise Bands for Physical Therapy, Pilates, Re",1.09,16.62,93,219 sold,4.9,New shoppers save $15.53 | Free shipping,US,si,https://www.aliexpress.us/item/3256812628599291.html,https://ae-pic-a1.aliexpress-media.com/kf/S8c6b0764e1884e74a0a981dc1d215d13L.jpg
pilates bar kit,3256812772881173,Portable Multifunctional Push Up Board Fitness and Muscle Training Device Home Workout Set Foldable Push Up Ba,3.72,42.89,91,33 sold,4.9,New shoppers save $39.17 | Free shipping,US,si,https://www.aliexpress.us/item/3256812772881173.html,https://ae-pic-a1.aliexpress-media.com/kf/S3d6196e29b8342ca881f55e095fd526b5.png
pilates bar kit,3256812970155666,"1 set Pilates Ring Yoga Magic Circle, Fitness Training Stretch Ring for Body Toning, Home Workout Exercise Too",43.52,54.4,20,,,4 × $10.88 with no interest | Extra 5% off with coins,CN,si,https://www.aliexpress.us/item/3256812970155666.html,https://ae-pic-a1.aliexpress-media.com/kf/Saa6b6ea7eaf442c28661d44f90f129e0E.jpg
pilates bar kit,3256813037097475,7 In 1 Yoga Pilates Kit Pilates Ring Mini Yoga Ball Latex Bands Non Slip Yoga Socks Home Gym Full Body Shaping,25.62,67.42,62,,,"Early bird deal, only 1 left | Delivery: Oct 05 - 13",CN,si,https://www.aliexpress.us/item/3256813037097475.html,https://ae-pic-a1.aliexpress-media.com/kf/Se8922ff8785843bd929ffcd597a93a1fS.jpg
pilates bar kit,3256812838641192,"Wall Mounted Swedish Ladder Set, Adjustable Pull‑Up Bar & Detachable Dip Bars with Exercise Straps, Beech Wood",148.36,400.96,63,1 sold,,"Early bird deal, only 4 left | Free shipping",US,si,https://www.aliexpress.us/item/3256812838641192.html,https://ae-pic-a1.aliexpress-media.com/kf/Sb80054e317124d8bb6e066a15a2c1278L.jpg
pilates bar kit,3256806824254270,Extra Thick Non-Slip Yoga Pilates Resistance Bands for Full-Body Workouts Portable Home Gym Dance Studio Trave,1.33,6.87,80,"2,000+ sold",4.9,Delivery: Oct 05 - 13,CN,si,https://www.aliexpress.us/item/3256806824254270.html,https://ae-pic-a1.aliexpress-media.com/kf/Sc692e13b891a4600988f0498606927d9G.png
pilates bar kit,3256806828135624,Yoga Pilates Resistance Band Fitness Elastic Resistance Bands Training Stretching Pilates Crossfit Workout Gym,0.33,5.15,93,"5,000+ sold",4.9,Delivery: Oct 05 - 13,CN,si,https://www.aliexpress.us/item/3256806828135624.html,https://ae-pic-a1.aliexpress-media.com/kf/S4ca2601f7b9742a99ad5c62f98fc4bb8d.jpg
pilates bar kit,3256808061830345,8-Shaped Elastic Resistance Band Non-Slip Durable for Home Gym Yoga Pilates Sports Workout Exercise Stretching,0.33,4.24,92,"10,000+ sold",4.9,Delivery: Oct 05 - 13,CN,si,https://www.aliexpress.us/item/3256808061830345.html,https://ae-pic-a1.aliexpress-media.com/kf/Sad5d216930af4251a12c625b49ae4217y.jpg
pilates bar kit,3256806824199527,Elastic Resistance Bands Yoga Training Gym Fitness Gum Pull Up Assist Rubber Band Crossfit Exercise Workout Eq,2.33,6.39,63,"1,000+ sold",4.9,Delivery: Oct 05 - 13,CN,si,https://www.aliexpress.us/item/3256806824199527.html,https://ae-pic-a1.aliexpress-media.com/kf/S52f269b5091c4d0c8fdea536a5d347d49.jpg
pilates bar kit,3256812951903476,Pilates Stick Yoga Pull Rod Octagonal Puller Hip Resistance Training Belt Multi Functional Fitness Pilates Set,2.9,8.07,64,,,"Early bird deal, only 1 left | Delivery: Oct 05 - 13",CN,si,https://www.aliexpress.us/item/3256812951903476.html,https://ae-pic-a1.aliexpress-media.com/kf/Se12046dc7e1845b7b93c97215c146d27D.jpeg
pilates bar kit,3256812544523624,Fitness Workout Training Resistance Bands Home Yoga Sport Resistance Bands Stretching Elastic Pilates Crossfit,1.09,12.61,91,1 sold,,New shoppers save $11.52 | Delivery: Oct 05 - 13,CN,si,https://www.aliexpress.us/item/3256812544523624.html,https://ae-pic-a1.aliexpress-media.com/kf/Sf60a63260a3d4d4e91affb90405e331a5.jpg
pilates bar kit,3256812919782980,"3-in-1 detachable 10-pin pedal puller, yoga elastic band, household fitness equipment, abdominal strengthening",7.58,22.29,66,,,"Early bird deal, only 1 left | Delivery: Oct 05 - 13",CN,si,https://www.aliexpress.us/item/3256812919782980.html,https://ae-pic-a1.aliexpress-media.com/kf/S922ff0b3fd0b44cea67e682ec468174ci.jpg
pilates bar kit,3256812961099151,5PCS Resistance Band Set Portable Fitness Workout Equipment Rubber Resistance Bands Yoga Gym Elastic Gum Stren,3.62,11.3,68,,,"Early bird deal, only 1 left | Delivery: Oct 05 - 13",CN,si,https://www.aliexpress.us/item/3256812961099151.html,https://ae-pic-a1.aliexpress-media.com/kf/S2ae392f3e1444136a884acfcd24cad08R.jpg
pilates bar kit,3256812929504708,"One set of yoga stretching bands, household fitness resistance bands, portable full-body strength training ela",3.1,10.69,71,,,"Early bird deal, only 1 left | Delivery: Oct 05 - 13",CN,si,https://www.aliexpress.us/item/3256812929504708.html,https://ae-pic-a1.aliexpress-media.com/kf/Sa10942a824bf4593ae1ba5e663d920bbG.png
ab roller wheel,3256812781512050,"Abdominal Roller, Exercise Equipment for Core Strength Training, Home Fitness Wheel for Men and Women",13.45,44.89,70,"4,000+ sold",4.9,New shoppers save $31.44 | Free shipping,US,si,https://www.aliexpress.us/item/3256812781512050.html,https://ae-pic-a1.aliexpress-media.com/kf/S7ac9e29ea3cb45f1b4220dc2bcde8df9g.png
ab roller wheel,3256812565632697,Luxury Stainless Steel Bearing Belly Wheel Home Slimming Ab Roller Exercise Ab Wheels,80.86,181.71,55,1 sold,5,New shoppers save $100.85 | Delivery: Oct 05 - 13,CN,si,https://www.aliexpress.us/item/3256812565632697.html,https://ae-pic-a1.aliexpress-media.com/kf/S474b142095454ff9b1f5b410a9f1f957f.jpg
ab roller wheel,3256807718471241,Rebound Ab Roller Knee Mat - Home Gym Fitness Equipment for Core Strength Training Belly Wheel Workout,18.58,38.71,52,600+ sold,4.9,Delivery: Oct 05 - 13 | Extra 2% off with coins,CN,si,https://www.aliexpress.us/item/3256807718471241.html,https://ae-pic-a1.aliexpress-media.com/kf/S48ee53b59c2248e5b7568daa47ff1d55s.png
ab roller wheel,3256810203815241,1PC Workout Roller Wheel Non-slip Abdominal Wheel No Noise Abdominal Trainer Exercise Wheel Strengthen Muscle ,,,,484 sold,4.8,,,,https://www.aliexpress.us/item/3256810203815241.html,https://ae-pic-a1.aliexpress-media.com/kf/Sed9506491435457e9b49f1b8e334c6ffh.png
ab roller wheel,3256813088052083,Automatic Rebound Ab Roller Wheel with Elbow Support 4-Wheel Abdominal Core Trainer Stable Workout Machine Bui,12.22,116.9,89,,,"Early bird deal, only 1 left | Free shipping",US,si,https://www.aliexpress.us/item/3256813088052083.html,https://ae-pic-a1.aliexpress-media.com/kf/S4e3dedf633724797bb7a1f7e5116f1a5x.jpg
ab roller wheel,3256813095219780,Automatic Rebound Ab Roller Wheel with Elbow Support Smart Plank Abdominal Muscle Trainer Core Workout Fitness,18.62,121.72,84,,,"Early bird deal, only 4 left | Free shipping",US,si,https://www.aliexpress.us/item/3256813095219780.html,https://ae-pic-a1.aliexpress-media.com/kf/Sb583eacd5efe45a895cb918593b5a029l.jpg
ab roller wheel,3256812909818334,Automatic Rebound Ab Roller 4 Wheel Core Trainer with Elbow Support Abdominal Workout Exercise Equipment for H,32.43,86.32,62,1 sold,,New shoppers save $53.89 | Delivery: Oct 05 - 13,CN,si,https://www.aliexpress.us/item/3256812909818334.html,https://ae-pic-a1.aliexpress-media.com/kf/S61f7cb4438394b6399dfb329f8147bf4h.png
ab roller wheel,3256812823986521,Auto Rebound Double Wheel Ab Roller With Phone Holder Non‑Slip Abdominal Exercise Roller Core Workout Equipmen,4.34,29.01,85,38 sold,5,New shoppers save $24.67 | Delivery: Oct 05 - 13,CN,si,https://www.aliexpress.us/item/3256812823986521.html,https://ae-pic-a1.aliexpress-media.com/kf/Sda8543ff7a2b477ebae273c04b4896b7H.jpg
ab roller wheel,3256810021234485,1Pcs Abdominal Wheel Strong Load Bearing Non-slip Roller Strengthen Muscle Exercise Equipment Fitness Training,1.09,12.2,91,22 sold,4.6,New shoppers save $11.11 | Lowest price in 90 days,CN,si,https://www.aliexpress.us/item/3256810021234485.html,https://ae-pic-a1.aliexpress-media.com/kf/S5dce8e1b05344e0f861b11780e5c4d68o.jpg
ab roller wheel,3256812538352793,Silent Rebound Ab Roller Belly Wheel Equipped With Thick Knee Mat Abs Training Gear For Home Gym Daily Core Fi,27.37,54.74,50,,,Delivery: Oct 05 - 13 | Extra 1% off with coins,CN,si,https://www.aliexpress.us/item/3256812538352793.html,https://ae-pic-a1.aliexpress-media.com/kf/Sbab58d20e62b4601b8f9d6a2bc8fa5a3y.jpg
ab roller wheel,3256812971093321,"Non-Slip Handle Ab Roller Wheel, Abdominal Core Strength Training Equipment for Beginners, Men & Women Home Ex",20.96,66.05,68,18 sold,,New shoppers save $45.09 | Delivery: Oct 05 - 13,CN,si,https://www.aliexpress.us/item/3256812971093321.html,https://ae-pic-a1.aliexpress-media.com/kf/S865f8f8d7bd5413aa496aff396496a8cZ.jpg
ab roller wheel,3256812713560262,Mijia Smart Ab Roller Wheel Auto‑Rebound Abdominal Trainer Digital Counter Home Gym Fitness Equipment for Core,66.02,140.47,53,,,4 × $16.51 with no interest | Extra 1% off with coins,CN,si,https://www.aliexpress.us/item/3256812713560262.html,https://ae-pic-a1.aliexpress-media.com/kf/Sdfbcf2056b8041b39849729f342791e9d.jpg
ab roller wheel,3256813086633521,4-in-1 Fitness Board Home Pilates Board Foldable Exercise Ab Wheel Roller Exercise Equipment for Home Gym Work,40.7,81.4,50,,,4 × $10.18 with no interest | Extra 1% off with coins,CN,si,https://www.aliexpress.us/item/3256813086633521.html,https://ae-pic-a1.aliexpress-media.com/kf/Sa155080ab6614857af355206cba6f0bbI.jpg
ab roller wheel,3256812581220720,"2026 6-Wheel Ab Roller with Elbow Support, Auto Rebound, Phone Holder, Knee Pad, Core Workout for Home Gym",66.12,150.25,55,28 sold,2.8,New shoppers save $84.13 | Delivery: Oct 05 - 13,CN,si,https://www.aliexpress.us/item/3256812581220720.html,https://ae-pic-a1.aliexpress-media.com/kf/S601f51da05ad496d8a1fcb22f4bd84232.jpg
ab roller wheel,3256812684669114,"Adjustable Silent Abdominal Wheel Roller, Double Wheel Ab Trainer with Resistance Band Knee Mat for Core Exerc",31.06,62.13,50,,,Delivery: Oct 05 - 13 | 4 × $7.77 with no interest,CN,si,https://www.aliexpress.us/item/3256812684669114.html,https://ae-pic-a1.aliexpress-media.com/kf/Sdf012838170b44ce89a0ab5b95ecf4d4D.jpg
ab roller wheel,3256812944906816,"Home Ab Wheel for Toning Abs, Single Roller Exercise Equipment,Weight Loss Indoor Exercise Fitness Roller,Abdo",9.31,,,,,,CN,si,https://www.aliexpress.us/item/3256812944906816.html,https://ae-pic-a1.aliexpress-media.com/kf/Sb8f1c4f9baaa466e9dbea333bc6c096ch.jpg
ab roller wheel,3256812875018308,"Dual‑Wheel Abdominal Exercise Roller, Non‑Slip Stable Core Trainer for Home Gym Belly Shaping for Beginners",10.95,39.9,72,22 sold,5,New shoppers save $28.95 | Delivery: Oct 05 - 13,CN,si,https://www.aliexpress.us/item/3256812875018308.html,https://ae-pic-a1.aliexpress-media.com/kf/S7a407714a42d4bb7b34e432b351c33c4w.jpg
ab roller wheel,3256812932649485,"Ab Roller Wheel with Non-Slip Handles, Portable Core Strength Trainer for Abs, Arms, Chest & Home Gym Workouts",9.39,37.54,74,5 sold,,New shoppers save $28.15 | Delivery: Oct 05 - 13,CN,si,https://www.aliexpress.us/item/3256812932649485.html,https://ae-pic-a1.aliexpress-media.com/kf/S76557c34d08d4864bdb46d92e856ad8bO.jpg
ab roller wheel,3256812355513878,Abdominal Roller AB Roller Wheel Muscle Trainer for Arms Back Belly Central Body Shape Training Fitness Exerci,18.51,123.38,85,,,"Early bird deal, only 1 left | Free shipping",US,si,https://www.aliexpress.us/item/3256812355513878.html,https://ae-pic-a1.aliexpress-media.com/kf/S29d04d0e90974f769e29d9e0e5add52eV.jpg
ab roller wheel,3256812350905129,"3 in 1 Twister Arm Trainer, Adjustable 22-440 lbs Hydraulic Power Chest Workout Equipment with Ab Roller Wheel",54.01,360.05,85,,,"Early bird deal, only 1 left | Free shipping",US,si,https://www.aliexpress.us/item/3256812350905129.html,https://ae-pic-a1.aliexpress-media.com/kf/Sdf99eec19b204be7a58e37431791a1bag.jpg
ab roller wheel,3256813080887522,Rebound Spring Assist Ab Roller Wheel Tire Texture Grip Rubber Abdominal Exercise Wheel Intelligent Brake Wide,37.36,,,,,4 × $9.34 with no interest,CN,si,https://www.aliexpress.us/item/3256813080887522.html,https://ae-pic-a1.aliexpress-media.com/kf/S5acd082bbf204056bd84420a59c0f1a6S.jpg
ab roller wheel,3256812690803405,2Pcs Ergonomic Ab Wheel Roller Made of Premium Materials for Safe Home Gym Training Abdominal Muscle Trainer E,5.39,12.83,58,,,,CN,si,https://www.aliexpress.us/item/3256812690803405.html,https://ae-pic-a1.aliexpress-media.com/kf/S587607daa54f4a5ea916b4ea7cae72a7P.jpg
ab roller wheel,3256813066824631,Workout AB Roller Wheel Non-slip Abdominal Wheel No Noise Abdominal Roller Exercise Wheel Strengthen Muscle Ex,8.61,,,,,,CN,si,https://www.aliexpress.us/item/3256813066824631.html,https://ae-pic-a1.aliexpress-media.com/kf/S1d8fb87ebda04fee969f56b35cdedc2fI.jpg
ab roller wheel,3256812645984642,Non Slip Ab Roller Wheel Abdominal Core Training Durable Home Gym Fitness Equipment Men Women,4.71,27.42,82,19 sold,5,New shoppers save $22.71 | Delivery: Oct 05 - 13,CN,si,https://www.aliexpress.us/item/3256812645984642.html,https://ae-pic-a1.aliexpress-media.com/kf/S233ec671dc1b42c3905d8b7d8dd4fd0f0.jpg
ab roller wheel,3256813085679760,Rebound Spring Assist Ab Roller Wheel Tire Texture Grip Rubber Abdominal Exercise Wheel Intelligent Brake Wide,37.44,,,,,4 × $9.36 with no interest,CN,si,https://www.aliexpress.us/item/3256813085679760.html,https://ae-pic-a1.aliexpress-media.com/kf/Se27a2e3de5a04dbe82a6020e8e536df6N.jpg
ab roller wheel,3256812743965953,Detachable Aluminum Alloy Abdominal Wheel Unisex Exercise Fitness Abdominal Roller Non-slip Exercise Equipment,43.69,112.1,61,4 sold,,New shoppers save $68.41 | Delivery: Oct 05 - 13,CN,si,https://www.aliexpress.us/item/3256812743965953.html,https://ae-pic-a1.aliexpress-media.com/kf/Sc8f24f2bc1964923bc4d2afcd53224eaM.png
ab roller wheel,3256810269416289,Ab Wheel Roller Strength Training Fitness Equipment Home Gym Exerciser Workouts Abdominal Muscle Trainer,10.23,41.28,75,24 sold,4.8,New shoppers save $31.05 | Lowest price in 90 days,CN,si,https://www.aliexpress.us/item/3256810269416289.html,https://ae-pic-a1.aliexpress-media.com/kf/S090a096e44ce4da8b2b7a50bd185ca76R.jpg
ab roller wheel,3256812809271685,"4 Caster Ab Roller, Ab Exercise Equipment with Knee Pad and 30cm 40cm Resistance Bands, Ab Roller Wheel for Co",51.07,102.14,50,,,Delivery: Oct 05 - 13 | 4 × $12.77 with no interest,CN,si,https://www.aliexpress.us/item/3256812809271685.html,https://ae-pic-a1.aliexpress-media.com/kf/S1197be204c204250909216d4bc010b81T.jpg
ab roller wheel,3256812794807735,Automatic Rebound Ab Roller Wheel Knee Mat Elbow Support Core Trainer 2-Wheel Portable Abdominal Wheel Home Gy,34.34,,,,,4 × $8.59 with no interest,CN,si,https://www.aliexpress.us/item/3256812794807735.html,https://ae-pic-a1.aliexpress-media.com/kf/Sa16e9a18d6f647a6bfaf5e9009f9f62bg.png
ab roller wheel,3256812908809333,Elbow Support Automatic Rebound Abdominal Wheel Core Muscle Ab Trainer with Counter Display Fitness Exercise R,15.23,,,,,,CN,si,https://www.aliexpress.us/item/3256812908809333.html,https://ae-pic-a1.aliexpress-media.com/kf/S80546a273a8545ceb593a8d8ea87a7d1M.jpg
ab roller wheel,3256808509760065,Big Ab Roller for Abs Workout Ab Roller Wheel Exercise Equipment For Core Workout Abdominal Wheel Roller For H,18.84,55.68,66,3 sold,,New shoppers save $36.84 | Delivery: Oct 05 - 13,CN,si,https://www.aliexpress.us/item/3256808509760065.html,https://ae-pic-a1.aliexpress-media.com/kf/S45c7677d15b74b0ea0528f37a1583e92G.png
ab roller wheel,3256812355553569,"2026 Upgraded Ab Roller Wheel with Knee Mat andTimer - Automatic Rebound Abdominal Wheel with Elbow Support, A",46.66,259.21,82,2 sold,,"Early bird deal, only 3 left | Free shipping",US,si,https://www.aliexpress.us/item/3256812355553569.html,https://ae-pic-a1.aliexpress-media.com/kf/Sfabb1e872e6843aaa5876f0a64d1f23b7.jpg
ab roller wheel,3256812759637326,Universal Abdominal Roller Disc Multi-functional 4-Wheel Muscle Training Roller Disc Portable Antiskid Assist ,22.76,,,,,,CN,si,https://www.aliexpress.us/item/3256812759637326.html,https://ae-pic-a1.aliexpress-media.com/kf/S5bfab23085724885a1fc5edd60bec0dfo.jpg
ab roller wheel,3256812587369389,"Non-Slip Ab Roller Wheel for Abdominal Core Training, Durable Home Gym Fitness Equipment for Men & Women",7.93,35.86,77,32 sold,4,New shoppers save $27.93 | Delivery: Oct 05 - 13,CN,si,https://www.aliexpress.us/item/3256812587369389.html,https://ae-pic-a1.aliexpress-media.com/kf/Sdb84a8ea38b74e73929779e5a99e79a0g.jpg
ab roller wheel,3256812316915653,Automatic Rebound Ab Roller Wheel Elbow Support Plate Trainer Silent Abdominal Exercise Equipment for Home Gym,7.78,12.97,40,3 sold,5,Customizable | Extra 5% off with coins,CN,si,https://www.aliexpress.us/item/3256812316915653.html,https://ae-pic-a1.aliexpress-media.com/kf/S6144f71abccb4328ada75f1367b08d17i.jpg
ab roller wheel,3256808392295873,Adjustable Abs Training Roller Multifunctional Home Plank Support Abdominal Fitness Wheel For Home Gym,21.69,30.99,30,8 sold,5,Extra 5% off with coins,CN,si,https://www.aliexpress.us/item/3256808392295873.html,https://ae-pic-a1.aliexpress-media.com/kf/Sb3e38ee1f0a1439fb2a78c216fe931df1.png
ab roller wheel,3256801423120902,Professional Double-wheeled Updated Ab Abdominal Press Wheel Rollers Home Gym Exercise Equipment for Body Buil,13.18,14.64,10,4 sold,3,,CN,si,https://www.aliexpress.us/item/3256801423120902.html,https://ae-pic-a1.aliexpress-media.com/kf/H2601248b1bc64bb2a94ffbef155c7b7bm.jpg
ab roller wheel,3256809419755105,Rebound Abdominal Wheel Fitness Equipment Home Use Push Wheel Roller Male and Female Shaping Abdominal Trainin,17.19,53.45,67,6 sold,5,New shoppers save $36.26 | Lowest price in 90 days,CN,si,https://www.aliexpress.us/item/3256809419755105.html,https://ae-pic-a1.aliexpress-media.com/kf/Se52d596373ec4274855aa09e36893599S.png
ab roller wheel,3256810462550511,Automatic Rebound Ab Roller Wheel with Elbow Support 4-Wheel Core Exercise Tool Home Gym Abdominal Wheel Folda,34.96,93.53,62,6 sold,,New shoppers save $58.57 | Lowest price in 90 days,CN,si,https://www.aliexpress.us/item/3256810462550511.html,https://ae-pic-a1.aliexpress-media.com/kf/S66a969820bb14e018b6f0f5b1a879c542.png
ab roller wheel,3256812915418209,4/6 Wheel Abdominal Workout Roller Automatic Rebound Elbow Support Abdominal Exercise Machine Effective Non-Sl,57.05,66.81,14,1 sold,,New shoppers save $9.76 | 4 × $14.26 with no interest,CN,si,https://www.aliexpress.us/item/3256812915418209.html,https://ae-pic-a1.aliexpress-media.com/kf/S23abbdb2473d4da2bc3e26671f61de0dd.png
ab roller wheel,3256812794829793,Steel ABS Automatic Rebound Ab Roller Wheel Elbow Support Knee Mat Abdominal Wheel 2-Wheel Portable Core Train,34.85,,,,,4 × $8.71 with no interest | Extra 2% off with coins,CN,si,https://www.aliexpress.us/item/3256812794829793.html,https://ae-pic-a1.aliexpress-media.com/kf/Scee73328dd9a4a10911146eb06fee40eS.jpg
ab roller wheel,3256802635171890,LOOGDEEL Abdominal Wheel Home Gym Fitness Equipment Men Women Practicing Abdominal Muscles Roller Pulley AB Ro,18.15,22.69,20,1 sold,5,,CN,si,https://www.aliexpress.us/item/3256802635171890.html,https://ae-pic-a1.aliexpress-media.com/kf/H3383fb6b5ce847f08b75238b7ae91b01y.jpg
ab roller wheel,3256813078457182,Rebound Spring Assist Ab Roller Wheel Wide Wheel Rubber Abdominal Exercise Wheel Intelligent Brake Tire Textur,27.14,38.77,30,,,Extra 2% off with coins,CN,si,https://www.aliexpress.us/item/3256813078457182.html,https://ae-pic-a1.aliexpress-media.com/kf/S9fd3e1d56f864e8aa95c39d9d8fc7725t.jpg
ab roller wheel,3256805381448232,Sports Ab Rollers Wheel Exercise Wheel Core Strength Training Abdominal Roller Set Resistance Bands Knee Mat H,39.66,79.32,50,1 sold,,Free shipping | 4 × $9.92 with no interest,CN,si,https://www.aliexpress.us/item/3256805381448232.html,https://ae-pic-a1.aliexpress-media.com/kf/Sb40465c03de3491da34d9475abe9be6eG.png
ab roller wheel,3256813021863562,Smart 4-Wheel Ab Roller with Elbow Support Auto Rebound Fitness Equipment for Home Gym Core Workout,29.37,87.49,66,3 sold,,"New shoppers save $58.12 | Early bird deal, only 3 left",CN,si,https://www.aliexpress.us/item/3256813021863562.html,https://ae-pic-a1.aliexpress-media.com/kf/S77d5a56fe6404daba84676b44a993d6cp.jpg
ab roller wheel,3256806776636739,AB Roller Wheel for AB Roller Workout Equipment AB Roller With Knee Pad AB Roller Wheel with Resistance Bands ,3.59,13.59,73,142 sold,4.8,New shoppers save $10 | Lowest price in 90 days,CN,si,https://www.aliexpress.us/item/3256806776636739.html,https://ae-pic-a1.aliexpress-media.com/kf/Sa0f97fa6e110411fa0166b8bf0f66807v.jpg
ab roller wheel,3256812983115733,Home Workout Equipment Abdominal Roller Wheel with PVC Material for Core Strength Training for Men Women,12.84,23.35,45,,,,CN,si,https://www.aliexpress.us/item/3256812983115733.html,https://ae-pic-a1.aliexpress-media.com/kf/S1117fd30f29c4221bcd7eba1927a22ecN.jpg
ab roller wheel,3256812584119140,High Difficulty Finger Ab Roller Durable Finger Abdominal Wheel for Core Training Finger Abdominal Exercise Fi,15.58,51.21,69,7 sold,5,New shoppers save $35.63 | Lowest price in 90 days,CN,si,https://www.aliexpress.us/item/3256812584119140.html,https://ae-pic-a1.aliexpress-media.com/kf/S45aa05572edb488182cca85b1e3fa94fG.jpg
ab roller wheel,3256803598982369,"Intelligent Automatic Rebound Ab Roller, Abdominal Wheel for Camping, Silent Fitness, Abdominal Strengthening ",101.8,,,4 sold,5,Free shipping | 4 × $25.45 with no interest,CN,si,https://www.aliexpress.us/item/3256803598982369.html,https://ae-pic-a1.aliexpress-media.com/kf/S748a465213494e30b80846986268792ep.jpg
ab roller wheel,3256812636343291,"Automatic Rebound Ab Roller Wheel with Elbow Support, Dual-Wheel Core Trainer for Home Gym Anti-Slip Grip",28.26,56.53,50,,,Customizable | Extra 10% off with coins,CN,si,https://www.aliexpress.us/item/3256812636343291.html,https://ae-pic-a1.aliexpress-media.com/kf/S0aacbb7251444ffbb1deebacce4aca7cZ.jpg
ab roller wheel,3256812515465854,Elbow Support Automatic Rebound Abdominal Wheel Core Muscle Ab Trainer with Counter Display Fitness Exercise R,10.45,10.66,2,,,Customizable | Extra 5% off with coins,CN,si,https://www.aliexpress.us/item/3256812515465854.html,https://ae-pic-a1.aliexpress-media.com/kf/S5b1a1ef324584a2da4a0f9d6f901cb8cW.jpg
ab roller wheel,3256813083849709,Rebound Spring Assist Ab Roller Wheel Tire Texture Grip Rubber Abdominal Exercise Wheel Intelligent Brake Wide,48.19,,,,,4 × $12.05 with no interest,CN,si,https://www.aliexpress.us/item/3256813083849709.html,https://ae-pic-a1.aliexpress-media.com/kf/Sb978a36d35694488a7e27874766fbe441.jpg
ab roller wheel,3256812646355071,"Abdominal Wheel, Ab Roller For Abdominal Exercise Machine, Abs Workout Equipment, Core Strengthening Trainer F",15.38,64.08,76,1 sold,,"Early bird deal, only 4 left | Free shipping",US,si,https://www.aliexpress.us/item/3256812646355071.html,https://ae-pic-a1.aliexpress-media.com/kf/S40b732aab84c46698178c704eb4775d1G.jpg
ab roller wheel,3256812446616287,4/6 Wheel Abdominal Workout Roller Elbow Support Non-Slip Abdominal Exercise Machine Ergonomic Effective Arm A,25.89,41.1,37,1 sold,,,CN,si,https://www.aliexpress.us/item/3256812446616287.html,https://ae-pic-a1.aliexpress-media.com/kf/S7663fda7fa444cddb454594f2fa6ea3bM.png
ab roller wheel,3256812934175225,"Auto Rebound Double Wheel Ab Roller with Phone Holder, Non-Slip Abdominal Core Trainer for Beginner Home Worko",3.93,37.66,89,2 sold,,"New shoppers save $33.73 | Early bird deal, only 3 left",CN,si,https://www.aliexpress.us/item/3256812934175225.html,https://ae-pic-a1.aliexpress-media.com/kf/S30163d8a008248df942ba2944cde49eaX.jpg
ab roller wheel,3256812568389823,4-Wheel Stable Ab Roller Wheel Silent Abdominal Exercise Trainer Home Gym Core Workout Equipment for Abs Back ,18.27,56.82,67,2 sold,,New shoppers save $38.55 | Delivery: Oct 05 - 13,CN,si,https://www.aliexpress.us/item/3256812568389823.html,https://ae-pic-a1.aliexpress-media.com/kf/S84a637c986f2454c822e7c86f7969e84S.jpg
ab roller wheel,2255801000743408,5 Level Adjustable Ab Roller Abdominal Wheel with Rubber Latex Pull Rope Muscle Home Fitness Gym Waist Trainin,13.56,14.74,8,3 sold,5,Extra 5% off with coins,CN,si,https://www.aliexpress.us/item/2255801000743408.html,https://ae-pic-a1.aliexpress-media.com/kf/H86a3a87249104e17b94c96989eef81b99.jpg
ab roller wheel,3256806677608583,Abdominal Trainer Widened Silent Detachable Ab Wheel Combo Kit Core Strength Exercise Suitable for Home Gym Fi,8.71,55.33,84,18 sold,4,New shoppers save $46.62 | Lowest price in 90 days,CN,si,https://www.aliexpress.us/item/3256806677608583.html,https://ae-pic-a1.aliexpress-media.com/kf/S2248ed558083408e951050479519a8ecP.jpg
ab roller wheel,3256812885115621,"Non‑Slip Ab Roller Wheel, Durable Abdominal Core Workout Fitness Equipment for Men Women Household Indoor Gym ",13.71,27.42,49,14 sold,5,Delivery: Oct 05 - 13 | Extra 1% off with coins,CN,si,https://www.aliexpress.us/item/3256812885115621.html,https://ae-pic-a1.aliexpress-media.com/kf/S1dd3ef882371476ab9bbb4011514fc3cg.jpg
ab roller wheel,3256812988579842,Four-Wheel Abdominal Roller New Design Fitness Eblow Support Abdominal Wheel Automatic Rebound Ab Roller Wheel,36.39,39.56,8,,,4 × $9.1 with no interest,CN,si,https://www.aliexpress.us/item/3256812988579842.html,https://ae-pic-a1.aliexpress-media.com/kf/S51782e03db86435786b4aaf181a8869fb.jpg
doorway pull up bar,3256813008748840,Doorway Pull Up Bar No Drilling Over Door Chin Up Bar Upper Body Workout Home Gym Equipment with Sponge Handle,21.42,58.34,63,6 sold,,New shoppers save $36.92 | Free shipping,US,si,https://www.aliexpress.us/item/3256813008748840.html,https://ae-pic-a1.aliexpress-media.com/kf/A94ba85f1ab66420c8d5f253b69d8fc29I.png
doorway pull up bar,3256813086868887,"Adjustable Pull-Up Bar for Doorways – Heavy-Duty No-Screw Chin Up Bar for Home Gym Strength Training, Fits Mos",40.61,181.04,77,1 sold,,"Early bird deal, only 4 left | Free shipping",US,si,https://www.aliexpress.us/item/3256813086868887.html,https://ae-pic-a1.aliexpress-media.com/kf/S41c8ed31208b470594f13401d2a756d35.jpg
doorway pull up bar,3256813014804987,"Tacleekii Heavy Duty Doorway Pull Up Bar Adjustable Width 72-95cm No-Screw Installation, Locking Mechanism, Le",22.91,120.47,80,2 sold,,"New shoppers save $97.56 | Early bird deal, only 3 left",US,si,https://www.aliexpress.us/item/3256813014804987.html,https://ae-pic-a1.aliexpress-media.com/kf/S7259927868d746dda380c061f8792623f.jpg
doorway pull up bar,3256812800034876,Bar Horizontal Bar Indoor Household Fitness Equipment Pull-Up Device Sports Family Non-Punching Door Slider Si,35.37,81.34,56,40 sold,5,New shoppers save $45.97 | 4 × $8.84 with no interest,CN,si,https://www.aliexpress.us/item/3256812800034876.html,https://ae-pic-a1.aliexpress-media.com/kf/S54ad0ba02a55434880b71ef73fd9584bX.png
doorway pull up bar,3256809184778991,Strength Training Pull-up Bars with Level Gauge 69-92cm Adjustable Width 200kg Max Load Capacity Chin Up Bar F,22.4,91.55,75,500+ sold,4.8,New shoppers save $69.15 | Lowest price in 90 days,US,si,https://www.aliexpress.us/item/3256809184778991.html,https://ae-pic-a1.aliexpress-media.com/kf/S7e81ae57d5424b829716c4acf3c5a74bw.jpg
doorway pull up bar,3256813025749479,"Heavy Duty Doorway Pull Up Bar Adjustable Width No-Screw Installation, Locking Mechanism Level Meter Anti-Slip",19.93,108.07,81,1 sold,,"New shoppers save $88.14 | Early bird deal, only 3 left",US,si,https://www.aliexpress.us/item/3256813025749479.html,https://ae-pic-a1.aliexpress-media.com/kf/S449bb49d01dd49c2a454fb1e24ee8519a.jpg
doorway pull up bar,3256813015441115,"Tacleekii Doorway Pull Up Bar  No Screws Locking Mechanism Level Meter, Anti-Slip, 440lbs Max Load, Sturdy Chi",21.79,115.79,81,2 sold,,"New shoppers save $94 | Early bird deal, only 3 left",US,si,https://www.aliexpress.us/item/3256813015441115.html,https://ae-pic-a1.aliexpress-media.com/kf/S14c6ac6e942243f2bd8d383181fe96dav.jpg
doorway pull up bar,3256812938181027,"Multifunctional Doorway Pull Up Bar, No‑Screw Chin‑Up Bar, Home Gym Upper Body Workout Equipment, Door Frame P",21.4,89.15,76,,,"Early bird deal, only 1 left | Free shipping",US,si,https://www.aliexpress.us/item/3256812938181027.html,https://ae-pic-a1.aliexpress-media.com/kf/S8b1c0d2daa664650a3d523d4d2cee748P.jpg
doorway pull up bar,3256811659859356,Strength Training Pull-up Bars with Level Gauge 69-92cm Adjustable Width 200kg Max Load Capacity Chin Up Bar F,24.06,107.36,77,4 sold,,"New shoppers save $83.3 | Early bird deal, only 1 left",US,si,https://www.aliexpress.us/item/3256811659859356.html,https://ae-pic-a1.aliexpress-media.com/kf/Sb19d44bfd627458a858ffe42015bd637M.jpg
doorway pull up bar,3256812492253809,150kg Adjustable Door Horizontal Bars Exercise Home Workout Gym Chin Up Pull Training Bar Sport Fitness Wall T,13.52,39.04,65,457 sold,4.7,New shoppers save $25.52 | Top selling on AliExpress,CN,si,https://www.aliexpress.us/item/3256812492253809.html,https://ae-pic-a1.aliexpress-media.com/kf/Se7e559743bc74124b320943eac93fb327.jpg
doorway pull up bar,3256812729197492,150kg Adjustable Door Horizontal Bars Exercise Home Workout Gym Chin Up Pull Training Bar Sport Fitness Wall T,13.52,39.04,65,500+ sold,4.5,New shoppers save $25.52 | Top selling on AliExpress,CN,si,https://www.aliexpress.us/item/3256812729197492.html,https://ae-pic-a1.aliexpress-media.com/kf/Sfa2fa068f85e45dd9832227991538be4e.jpg
doorway pull up bar,3256812643121304,Doorway Pull Up Bar No Screws 440Lbs Capacity Adjustable 72-95 Cm Chin Up Bar With Dual Gear Lock Level Meter ,29.19,121.35,75,3 sold,,New shoppers save $92.16 | Free shipping,US,si,https://www.aliexpress.us/item/3256812643121304.html,https://ae-pic-a1.aliexpress-media.com/kf/S5322fd2d560e45fcba221c2e4a4af081K.jpg
doorway pull up bar,3256812929653788,"Adjustable Doorway Pull‑Up Bar, No‑Drilling Heavy‑Duty Chin‑Up Bar with Multi‑Grip Foam Handles, Upper Body St",24.69,102.87,76,,,"Early bird deal, only 1 left | Free shipping",US,si,https://www.aliexpress.us/item/3256812929653788.html,https://ae-pic-a1.aliexpress-media.com/kf/Sf550c4269b874c1d96f47960113118fbu.png
doorway pull up bar,3256813056066196,Portable Doorway Pull Up Bar Multifunctional Home Gym Strength Training Tool with Soft Foam Grip for Upper Bod,66.26,180.05,63,,,"Early bird deal, only 1 left | 4 × $16.57 with no interest",CN,si,https://www.aliexpress.us/item/3256813056066196.html,https://ae-pic-a1.aliexpress-media.com/kf/Sb1ee4b93ccfb4dfbb4c45e7f165919e5p.jpg
doorway pull up bar,3256812748282359,Adjustable Chin Up Bar Exercise Home Workout Gym Training Door Frame Horizontal Pull Up Bar Sport Fitness Equi,24.38,61.99,60,24 sold,5,New shoppers save $37.61 | Delivery: Oct 05 - 13,CN,si,https://www.aliexpress.us/item/3256812748282359.html,https://ae-pic-a1.aliexpress-media.com/kf/S3171fc637fbb4b6f81763a2b3cb11cads.jpg
doorway pull up bar,3256812343389717,Large Door Horizontal Bar Steel Adjustable Training Bars For Home Sport Workout Pull Up Arm Training Sit Up Ba,27.29,67.95,59,107 sold,5,New shoppers save $40.66 | Top selling on AliExpress,CN,si,https://www.aliexpress.us/item/3256812343389717.html,https://ae-pic-a1.aliexpress-media.com/kf/S20b97a8548244967861254d385761e63X.jpg
doorway pull up bar,3256812900456513,Multi-Grip Doorway Pull Up Bar Portable Home Gym Workout Bar for Pull-ups Push-up Upper Body Strength Training,68.6,159.53,57,,,"Early bird deal, only 1 left | Delivery: Oct 05 - 13",CN,si,https://www.aliexpress.us/item/3256812900456513.html,https://ae-pic-a1.aliexpress-media.com/kf/S7c2ec15b84b94607acc86410f9cf52e8z.jpg
doorway pull up bar,3256812865246553,No‑Drill Single‑Pole Pull‑Up Bar Door Wall Mounted Horizontal Bar Portable for Indoor Home Fitness Upper Body ,6.34,126.75,95,,,"Early bird deal, only 1 left",CN,si,https://www.aliexpress.us/item/3256812865246553.html,https://ae-pic-a1.aliexpress-media.com/kf/Seffdd133cfc443de9b316b233be3749fW.jpg
doorway pull up bar,3256813044065184,"Adjustable Doorway Horizontal Bar,Sturdy Steel Anti-Slip Pull Up Bar,No Drilling Home Gym Upper Body Workout E",71.32,142.64,50,,,4 × $17.83 with no interest | Extra 8% off with coins,CN,si,https://www.aliexpress.us/item/3256813044065184.html,https://ae-pic-a1.aliexpress-media.com/kf/S64daeb8333494f229d866cc27974ec78H.jpeg
doorway pull up bar,3256812901896326,Screwless Pull Up Bar Door Opening Adjustable Pull Up Bar Mounted on The Gym for,20.7,60.88,66,,,"Early bird deal, only 1 left | Extra 1% off with coins",CN,si,https://www.aliexpress.us/item/3256812901896326.html,https://ae-pic-a1.aliexpress-media.com/kf/S065160f49c0a4703bf0e3fce46d45563V.jpg
doorway pull up bar,3256812592674046,Indoor Door Frame Pullup Bar No Drill Home Gym Kids Pull Up Station Home Gym Fitness Fitness Equipment Home Gy,70.66,150.33,53,,,4 × $17.67 with no interest | Extra 1% off with coins,CN,si,https://www.aliexpress.us/item/3256812592674046.html,https://ae-pic-a1.aliexpress-media.com/kf/Sdb092bec569b44b493eb5bc7b75ae3873.jpg
doorway pull up bar,3256812592839391,Door Mounted Pull Up Bar Indoor Home Gym No Drilling Sturdy Home Gym Equipment Exercise Equipment Fitness Equi,81.75,173.93,53,,,4 × $20.44 with no interest | Extra 1% off with coins,CN,si,https://www.aliexpress.us/item/3256812592839391.html,https://ae-pic-a1.aliexpress-media.com/kf/S76ac30c4581a4e789dba91849d219d15R.jpg
doorway pull up bar,3256810401451282,"Doorway Pull Up Bar for Home Gym, Anti-Slip & Rotation-Proof Chin Up Bar, Strength Training Equipment for Door",17.82,48.61,63,10 sold,5,"$17.64 each, ≥ 2 pieces | New shoppers save $30.79",CN,si,https://www.aliexpress.us/item/3256810401451282.html,https://ae-pic-a1.aliexpress-media.com/kf/S4b129eb4e2614ba29276cacbcaa91f93t.jpg
doorway pull up bar,3256812584719974,"No Drill Single Pole Pull Up Bar, Dual Door & Wall Mount Portable Home Upper Body Fitness Training Equipment B",12.38,123.81,90,,,,CN,si,https://www.aliexpress.us/item/3256812584719974.html,https://ae-pic-a1.aliexpress-media.com/kf/S677a078640f74a1994d5408b32259fdeX.jpg
doorway pull up bar,3256812876894108,Wall & Door Mounted Pull Up Bar Indoor Outdoor Home Fitness Fixed Horizontal Bar For Upper Body Workout Punch ,12.67,253.42,95,,,"Early bird deal, only 1 left",CN,si,https://www.aliexpress.us/item/3256812876894108.html,https://ae-pic-a1.aliexpress-media.com/kf/S4c4faa8500394927bcc849961e5fc701Q.jpg
doorway pull up bar,3256812874959890,Home Upper Body Workout Doorway No‑Drill Pull Up Bar Indoor Horizontal Bar With Hanging Rings Hammock for Back,25.69,513.74,95,,,"Early bird deal, only 1 left",CN,si,https://www.aliexpress.us/item/3256812874959890.html,https://ae-pic-a1.aliexpress-media.com/kf/Sfed4c52ed1334d55877e7b9a7d19c30fd.jpg
doorway pull up bar,3256813055053626,"No Drill Doorway Horizontal Bar, Adjustable Heavy Duty Pull Up With Level Anti-Slip Pads For Home Gym Upper Bo",28.94,57.87,50,,,Extra 8% off with coins,CN,si,https://www.aliexpress.us/item/3256813055053626.html,https://ae-pic-a1.aliexpress-media.com/kf/Sa20786d66ea54f72964c1db726d9d9b4Z.jpeg
doorway pull up bar,3256813044116776,"Doorway Horizontal Bar, Upgraded Widened Large Triangular Plate, Stable Pull Up For Home Gym Workout, Strength",66.83,133.65,50,,,4 × $16.71 with no interest | Extra 8% off with coins,CN,si,https://www.aliexpress.us/item/3256813044116776.html,https://ae-pic-a1.aliexpress-media.com/kf/S9bdef98f5a89455fbf983ae31bd407ae5.jpeg
doorway pull up bar,3256812478962595,Door Mounted Household Adjustable Non Perforated Wall Pull Up Horizontal Bars Portable Fitness Equipment Fitne,26.61,266.1,90,,,,CN,si,https://www.aliexpress.us/item/3256812478962595.html,https://ae-pic-a1.aliexpress-media.com/kf/S021481376ce240f9aaa1d0cda52b09d11.jpg
doorway pull up bar,3256812522482153,Wall Mounted Horizontal Pull Up Bar Doorway Heavy Duty Pull Up Pole Indoor Strength Training Portable Fitness ,48.62,486.21,90,,,4 × $12.16 with no interest,CN,si,https://www.aliexpress.us/item/3256812522482153.html,https://ae-pic-a1.aliexpress-media.com/kf/S369c446ded634d6fba4ca0a4f5a2d27co.jpg
doorway pull up bar,3256812502506015,Wall Mounted Doorway Pull Up Pole for Heavy Strength Training Indoor Wall Mounted Horizontal Bar Portable Fitn,48.53,485.26,90,,,4 × $12.13 with no interest,CN,si,https://www.aliexpress.us/item/3256812502506015.html,https://ae-pic-a1.aliexpress-media.com/kf/Sf4b68395a06d4775b40853a9501a5104v.jpg
doorway pull up bar,3256801706825042,220kg Door Horizontal Bars 60-100cm Steel Adjustable Training For Home Gym Workout Sports Fitness Pull Up Bar ,32.78,52.87,38,,,4 × $8.2 with no interest,CN,si,https://www.aliexpress.us/item/3256801706825042.html,https://ae-pic-a1.aliexpress-media.com/kf/H93fff1f0597241dba408b1ec911d508bF.jpg
doorway pull up bar,3256812615339486,Door Horizontal Bar Pull Up Bar Home Gym Children's Swing Chair Exercise Sport Fitness Equipment Bodybuilding ,27.13,66.26,59,3 sold,,New shoppers save $39.13 | Extra 1% off with coins,CN,si,https://www.aliexpress.us/item/3256812615339486.html,https://ae-pic-a1.aliexpress-media.com/kf/S72c6292c49bc4687ae8ef8037fc239a8Q.jpg
doorway pull up bar,3256812554195776,Telescopic Door Frame Pull Up Bar Double Support Non Perforated Horizontal Bar Home Indoor Wall Mount Fitness ,35.32,353.16,90,1 sold,,4 × $8.83 with no interest,CN,si,https://www.aliexpress.us/item/3256812554195776.html,https://ae-pic-a1.aliexpress-media.com/kf/S3b634bc3119c4abb9e476272e5a166edI.jpg
doorway pull up bar,3256812630696158,Doorway Pull-up Bar Antideslizante Pull-up Bar Barra Para Dominadas Non-Slip Fitness Equipment Multifunción fo,17.84,32.43,45,,,,CN,si,https://www.aliexpress.us/item/3256812630696158.html,https://ae-pic-a1.aliexpress-media.com/kf/S78db46bf58224f8ea9e3d2c603227c13s.jpg
doorway pull up bar,3256812630893289,"Doorway Pull-up Bar Acolchado Pull-up Bar Barra Para Dominadas Compact Fitness Equipment Portátil for Adults, ",18.28,33.85,46,,,,CN,si,https://www.aliexpress.us/item/3256812630893289.html,https://ae-pic-a1.aliexpress-media.com/kf/Sae629c3874f840849080b6175e02d570s.jpg
doorway pull up bar,3256812478934063,Door Mounted Household Non Perforated Wall Pull Up Portable Fitness Equipment Horizontal Bars Fitness & Body B,34.46,344.6,90,,,4 × $8.62 with no interest,CN,si,https://www.aliexpress.us/item/3256812478934063.html,https://ae-pic-a1.aliexpress-media.com/kf/S068cc05a6b7a4ba993c63fcf41c32b100.jpg
doorway pull up bar,2251832619323871,Pull Up Bar High Quality Sport Equipment Home Door Exercise Fitness Equipment Workout Training Gym Size Adjust,26.94,,,3 sold,1,,CN,si,https://www.aliexpress.us/item/2251832619323871.html,https://ae-pic-a1.aliexpress-media.com/kf/HTB1DmfwQFXXXXX.XpXXq6xXFXXXv.jpg
doorway pull up bar,3256810199078510,Multi-Functional Doorway Pull up Bar Home Strength Training Dip Bar & Suspension Straps,299.33,332.59,10,,,4 × $74.83 with no interest | Extra 5% off with coins,CN,si,https://www.aliexpress.us/item/3256810199078510.html,https://ae-pic-a1.aliexpress-media.com/kf/S4840973404d346f793dd5dc2718adcb11.jpg
doorway pull up bar,3256812624018844,Doorway Pull-up Bar Antideslizante Pull-up Bar Barra Para Dominadas Multifunción Fitness Equipment Compact for,17.9,31.41,43,,,Extra 2% off with coins,CN,si,https://www.aliexpress.us/item/3256812624018844.html,https://ae-pic-a1.aliexpress-media.com/kf/S94bfd6d7c64941cf9925d30eca29a1f4d.jpg
doorway pull up bar,3256812624094473,Doorway Pull-up Bar Antideslizante Pull-up Bar Barra Para Dominadas Portable Fitness Equipment Portátil for Ad,18.05,31.12,42,,,,CN,si,https://www.aliexpress.us/item/3256812624094473.html,https://ae-pic-a1.aliexpress-media.com/kf/S9458eeef21284a7cb699bdc509f744775.jpg
doorway pull up bar,3256812494130597,Door Household Non Perforated Pull Up Double Support Horizontal Bar Portable Fitness Equipment Horizontal Bars,35.75,357.53,90,1 sold,,4 × $8.94 with no interest,CN,si,https://www.aliexpress.us/item/3256812494130597.html,https://ae-pic-a1.aliexpress-media.com/kf/S53ee8c0c5fa54e9ab27f075deed8ff13q.jpg
doorway pull up bar,3256812672780972,Horizontal Bar Indoor Household Pull Up Device Home Fitness Equipment Children S Rings Non Punching Wall Door ,30.52,61.03,50,,,4 × $7.63 with no interest | Extra 8% off with coins,CN,si,https://www.aliexpress.us/item/3256812672780972.html,https://ae-pic-a1.aliexpress-media.com/kf/Se1479e565bbb4e398e2b248d06ecfa778.jpeg
doorway pull up bar,3256812616315054,"Doorway Pull-up Bar Acolchado Pull-up Bar Barra Para Dominadas Compact Fitness Equipment Portátil for Adults, ",17.91,34.45,48,,,,CN,si,https://www.aliexpress.us/item/3256812616315054.html,https://ae-pic-a1.aliexpress-media.com/kf/S45c8d12979a3412e97ca1d7cb3decae8S.jpg
doorway pull up bar,3256812630863379,Doorway Pull-up Bar Resistente Pull-up Bar Barra Para Dominadas Non-Slip Fitness Equipment Multifunción for Ad,17.84,32.43,45,,,Extra 2% off with coins,CN,si,https://www.aliexpress.us/item/3256812630863379.html,https://ae-pic-a1.aliexpress-media.com/kf/Scae568034edc48ddbe46ee9675c5092bF.jpg
doorway pull up bar,3256812837635344,"Multi Grip Heavy Metal Pull Up Bar, Portable Design For Wall And Door Use In Daily Home Fitness Training",53.32,59.24,10,,,4 × $13.33 with no interest | Extra 5% off with coins,CN,si,https://www.aliexpress.us/item/3256812837635344.html,https://ae-pic-a1.aliexpress-media.com/kf/Sb52f22bd55834988abd08f02f217d81er.jpg
doorway pull up bar,3256812624044715,Doorway Pull-up Bar Antideslizante Pull-up Bar Barra Para Dominadas Non-Slip Fitness Equipment Portátil for Ad,18.21,30.36,40,,,,CN,si,https://www.aliexpress.us/item/3256812624044715.html,https://ae-pic-a1.aliexpress-media.com/kf/S6ba7e8529c354aad84c63f281ad7d8cbU.jpg
doorway pull up bar,3256810199002944,Home Door Pull up Bar Indoor Wall Horizontal Gym Fitness Training Equipment,76.12,84.58,10,,,4 × $19.03 with no interest | Extra 5% off with coins,CN,si,https://www.aliexpress.us/item/3256810199002944.html,https://ae-pic-a1.aliexpress-media.com/kf/S46f9daa6849b4d3ab436c47747689d3fT.jpg
doorway pull up bar,3256812806854324,No Drill Doorway Pull Up Bar Adjustable Indoor Chin Up Bar Home Gym Strength Training Fitness Equipment for Do,23.12,49.2,53,25 sold,3.5,Extra 1% off with coins,CN,si,https://www.aliexpress.us/item/3256812806854324.html,https://ae-pic-a1.aliexpress-media.com/kf/S7906e223996e4902905d00c70b462e950.jpg
doorway pull up bar,3256811569590466,Triangle Base Door Pull Up Bar No Drill Multifunctional Chin Up Bar for Adults & Kids,53.95,58.64,8,,,4 × $13.49 with no interest | Extra 5% off with coins,CN,si,https://www.aliexpress.us/item/3256811569590466.html,https://ae-pic-a1.aliexpress-media.com/kf/S064df08c3b3b4b5c953f9d206fb23965r.jpg
doorway pull up bar,3256812514379161,"200kg Heavy Duty Steel Doorway Pull Up Bar, Home Gym Multi-function Training Bar for Chin Up Push Up Sit Up Wo",122.8,,,,,4 × $30.7 with no interest | Extra 3% off with coins,CN,si,https://www.aliexpress.us/item/3256812514379161.html,https://ae-pic-a1.aliexpress-media.com/kf/H7acb5ad16535486c9f06b2bd2794f9adD.jpg
doorway pull up bar,3256812592727790,Home Indoor Pull Up Bar No Drill Adjustable Extendable Door Mount Non Slip Door Gym Pull Up Bar Fitness Home S,39.81,86.53,54,1 sold,,4 × $9.95 with no interest | Extra 1% off with coins,CN,si,https://www.aliexpress.us/item/3256812592727790.html,https://ae-pic-a1.aliexpress-media.com/kf/Sa69f0ac8db2242719d959596408ca505i.jpg
doorway pull up bar,3256810202439418,Foldable Door Pull up Bar Portable Home Gym Dip Station Fitness Equipment,41,45.56,10,,,4 × $10.25 with no interest | Extra 5% off with coins,CN,si,https://www.aliexpress.us/item/3256810202439418.html,https://ae-pic-a1.aliexpress-media.com/kf/S3bed2376f73648339a142e378c72c74ah.jpg
doorway pull up bar,3256803216266399,"Horizontal Wall Pull-up Bar, Enhanced Support Horizontal Bar Set, Household Indoor Door Pull Up Bar, New",74,,,14 sold,1,Free shipping | 4 × $18.5 with no interest,CN,si,https://www.aliexpress.us/item/3256803216266399.html,https://ae-pic-a1.aliexpress-media.com/kf/Sc4add42465f74388832ccaf7dd019d96o.jpg
doorway pull up bar,3256812775172422,"New Design 65-100cm/ 90-130cm/ 100-150cm Adjustable Door Horizontal Bar, Pull Up Bar for Doorway Width 70-140c",77.84,,,1 sold,,4 × $19.46 with no interest | Extra 2% off with coins,CN,si,https://www.aliexpress.us/item/3256812775172422.html,https://ae-pic-a1.aliexpress-media.com/kf/Sb5532a52037547e1bf2e7267a815f93eD.jpg
doorway pull up bar,3256812756544696,Adjustable Door horizontal bar for home Exercise Home Workout Gym Chin Up Pull Up Training Bar Sport Fitness E,14.16,40.32,64,9 sold,4,New shoppers save $26.16 | Extra 1% off with coins,CN,si,https://www.aliexpress.us/item/3256812756544696.html,https://ae-pic-a1.aliexpress-media.com/kf/Sacf5d0fc321648bda3f9b35082280bbcB.jpg
doorway pull up bar,3256812818034893,Door Horizontal Bar Steel Adjustable Training Bars for Home Sport Workout Pull Up Arm Training Sit Up Bar Fitn,29.45,70.9,58,9 sold,,New shoppers save $41.45 | Extra 1% off with coins,CN,si,https://www.aliexpress.us/item/3256812818034893.html,https://ae-pic-a1.aliexpress-media.com/kf/Sccbd3b619e614790984c6c347cdc3d0bf.jpeg
doorway pull up bar,3256805074595157,"Anti-skid Horizontal Bar for Door, Upgrade Pull-up Bar for Children, Indoor Pull UpFitness Equipment, New",86.25,,,10 sold,,Free shipping | 4 × $21.56 with no interest,CN,si,https://www.aliexpress.us/item/3256805074595157.html,https://ae-pic-a1.aliexpress-media.com/kf/S804c8c959d9c4643b62c19d13e181355w.jpg
doorway pull up bar,3256808459026077,No Drilling Horizontal Bar Handle Gym Home Chin-up Equipments Indoor Body Workout Bar Portable Fitness Pull Up,36.37,48.49,25,1 sold,,4 × $9.09 with no interest,CN,si,https://www.aliexpress.us/item/3256808459026077.html,https://ae-pic-a1.aliexpress-media.com/kf/S2ef28e7322ae40f1ac7c6f90475fc851u.jpg
doorway pull up bar,3256812635557893,"Pull Up Bar for Doorway, Door Frame Chin Up Bar No Screws, 440lbs Capacity | Adjustable 72-95 cm (28.3""-37.4"")",36.54,118.55,69,4 sold,,Delivery: Oct 03 - 09 | Free shipping,US,si,https://www.aliexpress.us/item/3256812635557893.html,https://ae-pic-a1.aliexpress-media.com/kf/S442a7b42cd8a4cae8ddf97695f8e91e4H.jpg
weighted jump rope,3256806835141073,Jump Rope Fitness Workout Weighted Handle crossfit rope gym Boxing professional Men Women Sports exercise weig,46.75,52.75,11,2 sold,5,New shoppers save $6 | 4 × $11.69 with no interest,CN,si,https://www.aliexpress.us/item/3256806835141073.html,https://ae-pic-a1.aliexpress-media.com/kf/S50e11beed0be44fba52ae3a3b0bbd577M.jpg
weighted jump rope,3256807104603617,Jump Rope Fitness Workout Weighted Handle Crossfit Rope Gym Boxing Professional Men Women Sports Exercise Weig,46.89,163.28,71,351 sold,4.8,New shoppers save $116.39 | Delivery: Oct 05 - 13,CN,si,https://www.aliexpress.us/item/3256807104603617.html,https://ae-pic-a1.aliexpress-media.com/kf/S5be74af0c9db49e5a9236a93c09d1876o.jpg
weighted jump rope,3256812822097786,Weighted Jump Rope，Fitness & Physical Training，Fat‑Burning Weighted Rope，Thickened Heavy‑Duty Fitness Jump Rop,18.13,49.25,63,4 sold,,New shoppers save $31.12 | Delivery: Oct 05 - 13,CN,si,https://www.aliexpress.us/item/3256812822097786.html,https://ae-pic-a1.aliexpress-media.com/kf/S098922d3d12d4416ad49ed5c56c470d1N.jpg
weighted jump rope,3256812731584188,Adjustable Weighted Jump Rope with 160g Removable Handle Weights PVC Coated Steel Wire for Fitness Cardio Trai,25.82,,,,,Free shipping,CN,si,https://www.aliexpress.us/item/3256812731584188.html,https://ae-pic-a1.aliexpress-media.com/kf/A96a902c30e54487b8635daca54e994f1t.jpg
weighted jump rope,3256812755674909,Tangle-Free Weighted Jump Rope Foam Handle with Ball Bearings Nylon Skipping Rope Adjustable 360° Rotation Fit,1.09,11.65,90,7 sold,,New shoppers save $10.56 | Delivery: Oct 05 - 13,CN,si,https://www.aliexpress.us/item/3256812755674909.html,https://ae-pic-a1.aliexpress-media.com/kf/S35fb9ea213da4900bead750f799ad6135.jpg
weighted jump rope,3256812542973366,"Flow Rope，Weighted Jump Rope，Wrist, Shoulder & Neck Rehab Trainin，Swing Rope，Freestyle Skipping Rope",16.23,47.3,65,7 sold,5,New shoppers save $31.07 | Delivery: Oct 05 - 13,CN,si,https://www.aliexpress.us/item/3256812542973366.html,https://ae-pic-a1.aliexpress-media.com/kf/S2abb7adc2ae84f6ba606cd0acfbeb677m.jpg
weighted jump rope,3256807867094948,1.5kg Weight Jumping Rope Skipping Jump Fitness Equipment Gym Loose Weight Training Boxing Sports Exercises Ad,18.79,20.42,8,2 sold,,Extra 5% off with coins,CN,si,https://www.aliexpress.us/item/3256807867094948.html,https://ae-pic-a1.aliexpress-media.com/kf/Scc37e195c4b84209a3c38731ed4e55822.jpg
weighted jump rope,2255800980792107,Jump Rope Crossfit Skipping Ropes Pro Ball Bearings Anti-Slip Handles Sports Weighted Training,10.17,17.84,43,138 sold,4.8,,CN,si,https://www.aliexpress.us/item/2255800980792107.html,https://ae-pic-a1.aliexpress-media.com/kf/H974117b137844f57a41124e44eda509cD.jpg
weighted jump rope,3256809391362520,Flow Rope Exercise Jump Ropes Cardio Core Stability Body Coordination Weighted Jump Rope Freestyle Skipping Ju,30.64,36.64,16,6 sold,,New shoppers save $6 | 4 × $7.66 with no interest,CN,si,https://www.aliexpress.us/item/3256809391362520.html,https://ae-pic-a1.aliexpress-media.com/kf/S3cd5a3c7cb864552ab1957a514a75d59q.jpg
weighted jump rope,3256807104563824,Boxing Jump Rope Speed Rope Weights Gym Accessories Exercise at Home Crossfit Single Speed Jumping Conbas Body,6.17,34.5,82,64 sold,4.1,New shoppers save $28.33 | Lowest price in 90 days,CN,si,https://www.aliexpress.us/item/3256807104563824.html,https://ae-pic-a1.aliexpress-media.com/kf/S8b91765410204594a2a8cd70d992c79fx.png
weighted jump rope,3256807087070565,"Crossfit Weighted Jump Rope Gym Fitness Sport, Cuerda Para Salto, Racing Rope Exercise Diet Jump Rope Workout ",8.1,43.52,81,84 sold,4.5,New shoppers save $35.42 | Lowest price in 90 days,CN,si,https://www.aliexpress.us/item/3256807087070565.html,https://ae-pic-a1.aliexpress-media.com/kf/S6251a806e5e847de92696e8b7b5a5c50E.jpg
weighted jump rope,3256809062699452,"Speed Jump Rope, Heavy-Duty Adjustable Rope, Lightweight Design, Smooth Ball Bearing Rotation, Suitable for Cr",7.19,16.87,57,"4,000+ sold",4.9,Top selling on AliExpress | Delivery: Oct 05 - 13,CN,si,https://www.aliexpress.us/item/3256809062699452.html,https://ae-pic-a1.aliexpress-media.com/kf/S1e58503a0f93487a9a0f2873f64a2962a.png
weighted jump rope,3256812792871142,Adjustable Rapid Speed Jump Rope Weighted Steel-Wire Jump Rope  for Fitness Workout Training Home Sport Equipm,4.81,20.01,75,1 sold,,New shoppers save $15.2 | Delivery: Oct 05 - 13,CN,si,https://www.aliexpress.us/item/3256812792871142.html,https://ae-pic-a1.aliexpress-media.com/kf/S810803fcbe71449f9140df282740f56aD.jpg
weighted jump rope,3256812755528435,2pcs Weighted Design Ropeless Skipping Rope Silent Operation Black Color Cordless Jump Rope Portable Portable ,2.57,15.14,83,3 sold,5,New shoppers save $12.57 | Delivery: Oct 05 - 13,CN,si,https://www.aliexpress.us/item/3256812755528435.html,https://ae-pic-a1.aliexpress-media.com/kf/S4d4ca93cc1b046a591e75e9ec11128cdU.png
weighted jump rope,3256811944677650,2PCS Fast Rotation Cordless Jumping Rope Portable 30MM Weighted Jump Rope Weight Ball Ropeless Skipping Rope E,4.01,5.57,28,5 sold,2,,CN,si,https://www.aliexpress.us/item/3256811944677650.html,https://ae-pic-a1.aliexpress-media.com/kf/Sc8412bd7af7c4ea5aecf5a914ef6d049z.jpg
weighted jump rope,3256813083848571,Fitness Heavy Steel Wire Professional Jump Rope for Crossfit Speed Training Gym Exercise Skipping Rope Equipme,15.38,30.76,50,,,,CN,si,https://www.aliexpress.us/item/3256813083848571.html,https://ae-pic-a1.aliexpress-media.com/kf/Sc57cb2776cb349a693cc8efb7e37fea3Q.jpg
weighted jump rope,3256812248723295,1 PC Professional Anti-Skid Speed Skipping Rope Double Bearing Weight Loss Jump Rope Segmented Ergonomic Handl,,,,13 sold,5,,,,https://www.aliexpress.us/item/3256812248723295.html,https://ae-pic-a1.aliexpress-media.com/kf/Sb55e3ec6e386400bbcd3d10b83dd58f80.jpg
weighted jump rope,3256803303423536,High Speed Bearing Wire Rope PVC TPU Jumping Rope Ultralight Racing Rope Skipping Strength Wear-Resistant Weig,14.37,130.69,89,3 sold,,,CN,si,https://www.aliexpress.us/item/3256803303423536.html,https://ae-pic-a1.aliexpress-media.com/kf/Hfe63bbbbb9c646ff9b8c8c3f86e98cd7o.jpg
weighted jump rope,3256812907155374,Aluminum Alloy Weight-bearing Jump Rope 300cm Length Heavy Cable Adjustable Jump Rope Ball Bearing Handles Fit,4.03,6.72,40,,,,CN,si,https://www.aliexpress.us/item/3256812907155374.html,https://ae-pic-a1.aliexpress-media.com/kf/Sd35042b1613a450aaba45d1916e96efd5.jpg
weighted jump rope,3256812870440108,The New Jump Rope Steel Wire Skipping Exercise Adjustable Jumping Fitness Workout Training Home Sport Equipmen,1.94,3.13,38,3 sold,,Extra 6% off with coins,CN,si,https://www.aliexpress.us/item/3256812870440108.html,https://ae-pic-a1.aliexpress-media.com/kf/Sef6adf7de061414292db821eaa767ef5R.jpg
weighted jump rope,3256812942688734,Upgraded Weighted Jump Rope Adjustable No Skip Fitness Rope Portable Home Rope For Cardio Full Body Strength T,33.75,74.99,55,,,"Early bird deal, only 4 left | Delivery: Oct 05 - 13",CN,si,https://www.aliexpress.us/item/3256812942688734.html,https://ae-pic-a1.aliexpress-media.com/kf/Sd2cafbe1809741f8b6b5c209631bb24fU.jpg
weighted jump rope,3256802645581768,279gram 4mm diameter steel cord heavy weighted aluminum handle double bearing skipping rope speed jump fitness,18.51,24.51,24,1 sold,,New shoppers save $6 | Extra 5% off with coins,CN,si,https://www.aliexpress.us/item/3256802645581768.html,https://ae-pic-a1.aliexpress-media.com/kf/Sa6787bbced334c438cca55074c13066eJ.jpg
weighted jump rope,3256808468182557,Weighted Jump Rope Adult Jumprope For Working Out Muscle Training Equipment 0.98 Inch Full Body Workout Jumpro,27.54,48.31,43,3 sold,,,CN,si,https://www.aliexpress.us/item/3256808468182557.html,https://ae-pic-a1.aliexpress-media.com/kf/S2e09c00b11bf4eee806fdd145f800e6cV.jpg
weighted jump rope,3256809204469099,Professional Skipping Rope Men and Women Racing Skipping Rope Children Training Sports Fitness Skipping Rope G,1.09,4.92,77,223 sold,4.5,New shoppers save $3.83 | Lowest price in 90 days,CN,si,https://www.aliexpress.us/item/3256809204469099.html,https://ae-pic-a1.aliexpress-media.com/kf/S6cd8115883ca4f68af9276e46320e189l.jpg
weighted jump rope,3256812807137917,Adjustable Steel Wire Speed Jump Rope Weighted Cardio Skipping Rope with Non-Slip Handles for Boxing HIIT Gym ,1.09,7.96,86,2 sold,5,New shoppers save $6.87 | Delivery: Oct 05 - 13,CN,si,https://www.aliexpress.us/item/3256812807137917.html,https://ae-pic-a1.aliexpress-media.com/kf/Sa6ee91af710349248ea3bc490a603c8cH.jpg
weighted jump rope,3256812976229234,Cordless Jump Rope with Weighted Balls for Indoor Cardio Workout Non Slip Foam Handles Travel Fitness Equipmen,19.44,30.85,37,,,Free shipping,CN,si,https://www.aliexpress.us/item/3256812976229234.html,https://ae-pic-a1.aliexpress-media.com/kf/Sbdff0cef465e40039cba47a07f878fafm.jpg
weighted jump rope,3256812969122639,Adjustable Weighted Jump Rope with Steel Bearing Detachable Weights PVC Steel Wire for Fitness Workout Home Gy,4.85,12.12,60,1 sold,,"Early bird deal, only 4 left | Delivery: Oct 05 - 13",CN,si,https://www.aliexpress.us/item/3256812969122639.html,https://ae-pic-a1.aliexpress-media.com/kf/Sc0080e4c22fb4053b153377e01873c695.png
weighted jump rope,3256812542960418,RPM session 4.0 dual bearing racing rope skipping Crossfit dual shake sports fitness weight loss,48.41,96.82,50,10 sold,,4 × $12.1 with no interest,CN,si,https://www.aliexpress.us/item/3256812542960418.html,https://ae-pic-a1.aliexpress-media.com/kf/S1bbf374e1952434fbc4dfab0b44a2237Y.jpg
weighted jump rope,3256813120437586,Cordless Jump Rope Weighted Handles Dual Bearings Ropeless Skipping Rope for Indoor Fitness Workout Adults Stu,11.46,,,,,,CN,si,https://www.aliexpress.us/item/3256813120437586.html,https://ae-pic-a1.aliexpress-media.com/kf/S57218f6ce1b440fb8ab1ba04c48db204N.jpg
weighted jump rope,3256813106807221,Tangle-Free Weighted Jump Rope Adjustable with Ball Bearings Nylon Skipping Rope Foam Handle 360° Rotation Fit,5.6,11.19,50,,,Delivery: Oct 05 - 13 | Extra 1% off with coins,CN,si,https://www.aliexpress.us/item/3256813106807221.html,https://ae-pic-a1.aliexpress-media.com/kf/Sb96c977b6e2a4ae2b31f4aca5a24d012q.jpg
weighted jump rope,3256810233620475,"Crazyfox Sport Speed PVC Heavy Jump Rope Skipping for Speed, Gym, Fitness, Cross Training, Cable, Weighted Alu",71.99,,,71 sold,4.9,4 × $18 with no interest,CN,si,https://www.aliexpress.us/item/3256810233620475.html,https://ae-pic-a1.aliexpress-media.com/kf/S55cadfd469704ca882ea716ad326c6b5g.jpg
weighted jump rope,3256812903605066,Rhythmic Art Training Jump Rope Rhythmic Gymnastics Rope Cotton Rope Outdoor Playing Fitness Sport Gym Trainin,7.76,,,,,,CN,si,https://www.aliexpress.us/item/3256812903605066.html,https://ae-pic-a1.aliexpress-media.com/kf/S698c9fbd4ab94d709c64105d0896200dR.jpg
weighted jump rope,3256807824395819,"Fitness Jump Rope, Three-rope Weighted Jump Rope Set, Gym Fat Burning Sports Equipment, Aluminum Alloy Handle,",43.86,49.86,12,2 sold,,New shoppers save $6 | 4 × $10.97 with no interest,CN,si,https://www.aliexpress.us/item/3256807824395819.html,https://ae-pic-a1.aliexpress-media.com/kf/Seffcb3efbde14c4f9c9267be4da35d94i.jpg
weighted jump rope,3256807410897450,MOGOLD Weight Three Rope Jump Rope Set Fitness Gym Professional Adult Sports Equipment Wire Rope Crossfit Jump,42.3,48.3,12,2 sold,,New shoppers save $6 | 4 × $10.58 with no interest,CN,si,https://www.aliexpress.us/item/3256807410897450.html,https://ae-pic-a1.aliexpress-media.com/kf/Sb132d986ec7e4b18987e92e99e4a2017h.png
weighted jump rope,3256806807763286,Gym crossfit Jump rope professional equipmentcomba crossfit Weighted sport  boxing rope exercise segmented rop,47.18,53.18,11,3 sold,,New shoppers save $6 | 4 × $11.8 with no interest,CN,si,https://www.aliexpress.us/item/3256806807763286.html,https://ae-pic-a1.aliexpress-media.com/kf/S2f53cc993a924949883cc684e3f9c573q.jpg
weighted jump rope,3256812565778885,"7-meter-long rubber band skipping rope, nostalgic, durable, old-fashioned skipping rope",5.3,,,,,,CN,si,https://www.aliexpress.us/item/3256812565778885.html,https://ae-pic-a1.aliexpress-media.com/kf/S070febf36f3249c699ec5e92b3cef0e05.jpg
weighted jump rope,3256812948150720,Bearing Jump Rope Professional Weighted Skipping Rope for Adults Students No Slip Ergonomic Handles Smooth Fas,10.29,,,,,,CN,si,https://www.aliexpress.us/item/3256812948150720.html,https://ae-pic-a1.aliexpress-media.com/kf/Sd30b49be96144567a233f34fc6919b014.jpg
weighted jump rope,3256813089078649,Fitness Jump Rope Weighted 7Mm Braided Cable Duplex Bearing System Fast Rotation Anti-Slip Handles for Mma Dou,12.19,,,,,,CN,si,https://www.aliexpress.us/item/3256813089078649.html,https://ae-pic-a1.aliexpress-media.com/kf/S09cdcd710f1e4d15be1cd45eedbba0ddv.jpg
weighted jump rope,3256812952486797,2PCS Fast Rotation Cordless Jumping Rope Weight Ball Portable Ropeless Skipping Rope 30MM Weighted Jump Rope,4.93,,,,,,CN,si,https://www.aliexpress.us/item/3256812952486797.html,https://ae-pic-a1.aliexpress-media.com/kf/Sb4621150aec9419ea65f508b8aa10cf4G.jpg
weighted jump rope,3256813102798958,"1 Pair Cordless Jump Rope with Weighted Balls, Ropeless Skipping Rope for Weight Loss, Fitness Rope for Men Wo",20.19,,,,,,CN,si,https://www.aliexpress.us/item/3256813102798958.html,https://ae-pic-a1.aliexpress-media.com/kf/S383855747f8c4f0eb01f393bb3fb1f2a9.jpg
weighted jump rope,3256813115731338,Weighted Ropeless Cordless Jump Rope for Indoor Exercise Men Women Dual Ball Bearing Handles Fitness Training ,11.46,,,,,,CN,si,https://www.aliexpress.us/item/3256813115731338.html,https://ae-pic-a1.aliexpress-media.com/kf/Sddd8b261bda7460fb7317bcbfc02315da.jpg
weighted jump rope,3256813081779526,Skipping Rope Weighted 7Mm Grey Duplex Bearing Perfect for Adults Students Fitness Training Mma Workout Cardio,12.3,,,,,,CN,si,https://www.aliexpress.us/item/3256813081779526.html,https://ae-pic-a1.aliexpress-media.com/kf/S9e23babfa0b34adea8fe43edf6f4368cS.jpg
weighted jump rope,3256813068869022,Aluminium Handle Steel Jumping Rope Red Weighted Fitness Rope for Skipping Cardio Exercise Training Calves Thi,21.24,,,,,,CN,si,https://www.aliexpress.us/item/3256813068869022.html,https://ae-pic-a1.aliexpress-media.com/kf/Sfe4992dbc2454b858bf2f49600cec5ca3.jpg
weighted jump rope,3256807394457434,LED Digital Display Weighted Smart Speed Jump Rope Sports Exercise Skipping Rope,6.1,12.71,52,3 sold,1,Delivery: Oct 05 - 13 | Extra 1% off with coins,CN,si,https://www.aliexpress.us/item/3256807394457434.html,https://ae-pic-a1.aliexpress-media.com/kf/S33a6e88fe92b495693f4b09cf49b821fU.jpg
weighted jump rope,3256811978642987,"Weighted Jump Rope, Anti-Tangle Self-Locking Spiral Design, Detachable Portable Skipping Rope for Fat Burning,",53.99,110.17,51,1 sold,,Customizable | 4 × $13.5 with no interest,CN,si,https://www.aliexpress.us/item/3256811978642987.html,https://ae-pic-a1.aliexpress-media.com/kf/S5ba8a7c8cd46483ba99249d29920defew.jpg
weighted jump rope,3256813038275878,2PCS Fast Rotation Cordless Jumping Rope Weight Ball 30MM Weighted Jump Rope Portable Fitness Jump Rope Exerci,6.76,,,,,,CN,si,https://www.aliexpress.us/item/3256813038275878.html,https://ae-pic-a1.aliexpress-media.com/kf/S7e2d51aab8754e4a99bc3825df597a04A.jpg
weighted jump rope,3256812942617241,Premium Upgraded Weighted Jump Adjustable Skip Portable Home Gym Rope For Cardio Strength Training Men Women I,27.11,72.98,62,1 sold,,"New shoppers save $45.87 | Early bird deal, only 4 left",CN,si,https://www.aliexpress.us/item/3256812942617241.html,https://ae-pic-a1.aliexpress-media.com/kf/S39312caccac34b78980d51e0709f2d99B.jpg
weighted jump rope,3256812368134253,Tangle-Free Weighted Jump Rope Adjustable with Ball Bearings Nylon Skipping Rope Foam Handle 360° Rotation Fit,1.09,11.56,90,18 sold,5,New shoppers save $10.47 | Delivery: Oct 05 - 13,CN,si,https://www.aliexpress.us/item/3256812368134253.html,https://ae-pic-a1.aliexpress-media.com/kf/Sfbd11fda6fb640a887c6ac8d80e6d2e4z.jpg
weighted jump rope,3256812988343179,Cordless Jump Rope Adjustable Weighted Digital Counter Speed Rope Indoor Outdoor Fitness Training Equipment fo,6.85,22.85,70,,,"Early bird deal, only 1 left | Delivery: Oct 05 - 13",CN,si,https://www.aliexpress.us/item/3256812988343179.html,https://ae-pic-a1.aliexpress-media.com/kf/Sbd40554ef3de469e8f023c7bf7fddaf0n.jpg
weighted jump rope,3256812958445292,Weighted Skipping Rope 7Mm Red Duplex Bearing Jump Rope for Fitness Training Adults Students Gym Outdoor Worko,12.11,,,,,,CN,si,https://www.aliexpress.us/item/3256812958445292.html,https://ae-pic-a1.aliexpress-media.com/kf/Sa0c1c47d2d534884b4db120fd7d691a4g.jpg
weighted jump rope,3256812925551498,2PCS Fast Rotation Cordless Jumping Rope Weight Ball 30MM Weighted Jump Rope Portable Fitness Jump Rope Indoor,4.94,,,,,,CN,si,https://www.aliexpress.us/item/3256812925551498.html,https://ae-pic-a1.aliexpress-media.com/kf/S4e43815df06c4d0c99c742b4cb9c854cy.jpg
weighted jump rope,3256812784307126,Portable Cordless Design Weighted Jump Rope Weighted Handle Adjustable Length Skipping Rope Adjustable Rope Fo,10.19,,,,,,CN,si,https://www.aliexpress.us/item/3256812784307126.html,https://ae-pic-a1.aliexpress-media.com/kf/S040477236f094bcaa5f34036e46611a2S.png
weighted jump rope,3256812334101155,Fitness Adjustable Length Weighted Jump Rope Reusable Portable Heavy Skipping Rope Durable Foam Handles Athlet,37.79,,,,,4 × $9.45 with no interest,CN,si,https://www.aliexpress.us/item/3256812334101155.html,https://ae-pic-a1.aliexpress-media.com/kf/Sd82ebb72d4484f0a97376fee91bfe69eb.jpg
weighted jump rope,3256812418247146,Aluminum Alloy Weight-bearing Jump Rope 300cm Length Ball Bearing Handles Weighted Jump Rope Heavy Cable Adjus,1.09,5.58,80,1 sold,,New shoppers save $4.49,CN,si,https://www.aliexpress.us/item/3256812418247146.html,https://ae-pic-a1.aliexpress-media.com/kf/Sf335a091d75d472b965b87a8d56eb032O.png
weighted jump rope,3256812888292089,1Pair Cordless Jump Rope for Adults Fitness Ergonomic Nonslip Handles Weighted Balls Portable Indoor Quiet Wor,12.6,,,,,,CN,si,https://www.aliexpress.us/item/3256812888292089.html,https://ae-pic-a1.aliexpress-media.com/kf/Scda87626a8394c56bad0bbf1a4c1236bV.jpg
weighted jump rope,3256812594605528,Fitness Training Jump Rope 9Mm Blue Duplex Bearing For Adults Students Weighted Skipping Rope Handles Workout ,7,12,41,1 sold,,New shoppers save $5,CN,si,https://www.aliexpress.us/item/3256812594605528.html,https://ae-pic-a1.aliexpress-media.com/kf/Se8289a46785d4c5991c96905ef1c660fo.jpg
weighted jump rope,3256807815057633,Ropeless Jump Rope With Counter Fitness Weighted Skipping Rope Smart Cordless Counting Skipping Rope For Fitne,10.41,30.09,65,7 sold,,Delivery: Oct 05 - 13 | Extra 1% off with coins,CN,si,https://www.aliexpress.us/item/3256807815057633.html,https://ae-pic-a1.aliexpress-media.com/kf/S3344015b185743f6afce3876b0de2d10s.jpg
weighted jump rope,3256811730481002,Workout Exercise Battle Rope Fitness Heavy Skipping Weighted Jump Rope For Home And Gym Training,213.24,236.93,10,,,4 × $53.31 with no interest | Extra 5% off with coins,CN,si,https://www.aliexpress.us/item/3256811730481002.html,https://ae-pic-a1.aliexpress-media.com/kf/Sd88dc2c3fa8542aa9b28dbc6b4841a30N.jpg
weighted jump rope,3256811729132896,Cordless Digital Skipping Rope Long Handle Weighted Jump Rope with LCD Display PVC ABS Rubber Metal for Fitnes,26.23,34.98,25,,,Customizable,CN,si,https://www.aliexpress.us/item/3256811729132896.html,https://ae-pic-a1.aliexpress-media.com/kf/Se80d5cd4e68d4a2583f1f17155ee4940t.jpg
weighted jump rope,3256807657367505,Fitness 3 Rope Buckle Jump Rope Weighted Skipping Rope Weight Bearing Steel Wire Skipping Rope For Fitness Los,67.58,105.59,36,,,4 × $16.9 with no interest,CN,si,https://www.aliexpress.us/item/3256807657367505.html,https://ae-pic-a1.aliexpress-media.com/kf/Sde8d89fcd0f443a685264db6fa64252bb.jpg
suspension trainer straps,3256811866500219,Suspension Training Strap Fitness Strength Power Suspension Trainer Adjustable Yoga Strap Wall Mount Professio,10.33,28.76,64,"1,000+ sold",4.9,Delivery: Oct 05 - 13,CN,si,https://www.aliexpress.us/item/3256811866500219.html,https://ae-pic-a1.aliexpress-media.com/kf/S1842f454fdc643178ee812b0093ce67eP.jpg
suspension trainer straps,3256813014880936,P3 Suspension Trainer Resistance Straps Full Body Home Gym Workout System Strength Training Fitness Equipment,17.15,50.43,66,,,"Early bird deal, only 1 left | Delivery: Oct 05 - 13",CN,si,https://www.aliexpress.us/item/3256813014880936.html,https://ae-pic-a1.aliexpress-media.com/kf/Afabf8eb982cf4bc8800cc563f111faf2G.png
suspension trainer straps,3256812571449347,P3-Trx Suspension Training Strap Adjustable Tensioner Trainer Resistance Device Hanging Pulling Rope Home Yoga,13.89,21.89,36,23 sold,4.8,New shoppers save $8,CN,si,https://www.aliexpress.us/item/3256812571449347.html,https://ae-pic-a1.aliexpress-media.com/kf/Sfe0adb430264427fbf04dc78e2105103j.jpg
suspension trainer straps,3256812786185845,Suspension Trainer Strap Suspension Training Strap Fitness Strength Power Suspension Trainer Adjustable Yoga S,21.94,35.39,38,3 sold,,,CN,si,https://www.aliexpress.us/item/3256812786185845.html,https://ae-pic-a1.aliexpress-media.com/kf/S35b8ebcee3584cbbbf713108872d610c4.jpg
suspension trainer straps,3256801808669897,150 Kg Hanging Straps Kit for Swings Gym Hanging Straps with D- Hooks,1.12,9.12,87,21 sold,5,New shoppers save $8,CN,si,https://www.aliexpress.us/item/3256801808669897.html,https://ae-pic-a1.aliexpress-media.com/kf/Hf54845c20a7541a798aff0412ea65c7dv.jpg
suspension trainer straps,3256813094045619,Suspension Training Strap Fitness Strength Power Suspension Trainer Adjustable Yoga Strap Wall Mount Professio,12.13,19.25,37,,,Extra 2% off with coins,CN,si,https://www.aliexpress.us/item/3256813094045619.html,https://ae-pic-a1.aliexpress-media.com/kf/Sf9f5bc1b0734423381b2934fe701631c2.jpg
suspension trainer straps,3256808681454021,Suspension Training Strap Fitness Strength Power Suspension Trainer Adjustable Yoga Strap Wall Mount Professio,26.77,33.46,20,13 sold,5,Extra 2% off with coins,CN,si,https://www.aliexpress.us/item/3256808681454021.html,https://ae-pic-a1.aliexpress-media.com/kf/Scac9ad43a5744ddd848e565727d338b3m.jpg
suspension trainer straps,3256810440065663,Strap Hamstring Curl Nordic Hamstring Curl Strap with Quick-Release Buckle Adjustable Leg Strap for Nordic Cur,6.33,20.92,69,500+ sold,5,Top selling on AliExpress | Delivery: Oct 05 - 13,CN,si,https://www.aliexpress.us/item/3256810440065663.html,https://ae-pic-a1.aliexpress-media.com/kf/S3ff07037a37a49fd969c13729a6ae120Z.jpg
suspension trainer straps,3256812773797551,Adjustable Suspension Training Rings Heavy Duty Fitness Straps for Home Gym Full Body Workout & Muscle Buildin,1.09,23.82,95,1 sold,,New shoppers save $22.73 | Delivery: Oct 05 - 13,CN,si,https://www.aliexpress.us/item/3256812773797551.html,https://ae-pic-a1.aliexpress-media.com/kf/S984ed856732d41c59e2d0b80e42b3954k.jpg
suspension trainer straps,3256812530620769,Suspension Training Strap Fitness Strength Power Suspension Trainer Adjustable Yoga Strap Wall Mount Professio,1.09,29.62,96,58 sold,4.5,New shoppers save $28.53 | Delivery: Oct 05 - 13,CN,si,https://www.aliexpress.us/item/3256812530620769.html,https://ae-pic-a1.aliexpress-media.com/kf/S1842f454fdc643178ee812b0093ce67eP.jpg
suspension trainer straps,3256812536730241,Suspension Training Strap Fitness Strength Power Suspension Trainer Adjustable Yoga Strap Wall Mount Professio,5.56,28.86,80,4 sold,,New shoppers save $23.3 | Delivery: Oct 05 - 13,CN,si,https://www.aliexpress.us/item/3256812536730241.html,https://ae-pic-a1.aliexpress-media.com/kf/S9e1406b4d89e4bb9ad10133117749eb5N.png
suspension trainer straps,3256812777338895,Strap Hanging Training Set Pull Up Assistance Bands Set Resistance Strap for Pull-ups Assist for Men Women Han,13.37,21.56,38,1 sold,,,CN,si,https://www.aliexpress.us/item/3256812777338895.html,https://ae-pic-a1.aliexpress-media.com/kf/S6842febd483746eca903fc1d991f4aecF.jpg
suspension trainer straps,3256813043760319,"5M Multi-point Suspension Training Strap with Door Anchor Buckle, Portable Multifunctional Home Gym Fitness Do",5.01,13.93,64,,,"Early bird deal, only 1 left | Delivery: Oct 05 - 13",CN,si,https://www.aliexpress.us/item/3256813043760319.html,https://ae-pic-a1.aliexpress-media.com/kf/Sd675abf834884d6ab015a85061e2aca2i.jpg
suspension trainer straps,3256813025247037,1Pair Gym Sports Fitness Wrist Band Anti-slip Pull Up Weight Lifting Training Silicone Wrist Band Hard Pull Gr,3.06,10.94,72,,,"Early bird deal, only 1 left | Delivery: Oct 05 - 13",CN,si,https://www.aliexpress.us/item/3256813025247037.html,https://ae-pic-a1.aliexpress-media.com/kf/Sd060cc3f5e874637917162e70d130f8a5.jpg
suspension trainer straps,3256813065479454,"Portable Multi-functional Fitness Door Anchor Strap, Multi-point Anchor Door Buckle Accessory for Suspension T",5.67,22.22,74,,,"Early bird deal, only 1 left | Delivery: Oct 05 - 13",CN,si,https://www.aliexpress.us/item/3256813065479454.html,https://ae-pic-a1.aliexpress-media.com/kf/Sb9d41bd432224d65a891fc3541d6baf3j.jpg
suspension trainer straps,3256812763675510,Strap Body Stretching Resistance Pull Up Assistance Bands Set Resistance Strap for Pull-ups Assist for Men Wom,12.53,20.21,38,5 sold,,Extra 6% off with coins,CN,si,https://www.aliexpress.us/item/3256812763675510.html,https://ae-pic-a1.aliexpress-media.com/kf/Sa31b15239500434c811f2b11561c5270h.jpg
suspension trainer straps,3256812729291777,Dacron Single Bar Extension Belt 100kg Single Layer Tree Swing Straps Extension Strip Gym Parts Hanging Connec,1.09,3.88,71,4 sold,,New shoppers save $2.79,CN,si,https://www.aliexpress.us/item/3256812729291777.html,https://ae-pic-a1.aliexpress-media.com/kf/Se35316f12c3d412f8820a38a573290bdZ.jpg
suspension trainer straps,3256810150355133,"11 Piece Set Of Muscle Training Straps, Multifunctional Fitness Tension Strap, Fitness Tension Training Harnes",6.39,14.65,56,367 sold,4.3,Top selling on AliExpress | Delivery: Oct 05 - 13,CN,si,https://www.aliexpress.us/item/3256810150355133.html,https://ae-pic-a1.aliexpress-media.com/kf/Sa6d49c0206d94c3b96ae59aed6cb6e09U.jpg
suspension trainer straps,3256812594882242,Aerial Yoga Strap Door Mounted Inversion Sling Back Bend Trainer Stretching Belt No Installation Polyester Str,1.09,20.71,94,6 sold,5,"New shoppers save $19.62 | Early bird deal, only 4 left",US,si,https://www.aliexpress.us/item/3256812594882242.html,https://ae-pic-a1.aliexpress-media.com/kf/S9e94b35c5db24e07999ae36debfe5a5eT.png
suspension trainer straps,3256812871509422,Straps Ankle Resistance Bands Resistance Elastic Bands Exercise Strength Training Fitness Bands with Door Anch,18.19,,,5 sold,,,CN,si,https://www.aliexpress.us/item/3256812871509422.html,https://ae-pic-a1.aliexpress-media.com/kf/Sda94de4eb41446668a9efdab3d77ac5fs.jpeg
suspension trainer straps,3256811878148156,Heavy Duty Nylon Extension Straps for Tree Swing Hanging Kit Connects Hammock Sandbag Swing Belt for Horizonta,1.09,5.56,80,2 sold,5,New shoppers save $4.47 | Delivery: Oct 05 - 13,CN,si,https://www.aliexpress.us/item/3256811878148156.html,https://ae-pic-a1.aliexpress-media.com/kf/S58c7e72c9aaf46ef818b53c4c2628b65r.jpg
suspension trainer straps,3256806896510828,1pcs Black Hanging Swing Straps Seat Strap Swing Extension Belt Hammock Hanging Belt Horizontal Bar Extension ,1.09,10.72,89,5 sold,,New shoppers save $9.63 | Lowest price in 90 days,CN,si,https://www.aliexpress.us/item/3256806896510828.html,https://ae-pic-a1.aliexpress-media.com/kf/S726ed7633cb143e7bbba99100c339a83z.jpg
suspension trainer straps,3256810042597443,1Pair Non-slip Strap Gym Dumbbell Workout Weights Lifting Straps Crossfit Fitness Equipment Wrist Wrap Lift Ex,2.59,5.62,53,"5,000+ sold",4.9,Delivery: Oct 05 - 13,CN,si,https://www.aliexpress.us/item/3256810042597443.html,https://ae-pic-a1.aliexpress-media.com/kf/S795a6d883c9845df8cf86cb7e7d1fe9fB.jpg
suspension trainer straps,3256806016602374,"Strap Yoga Stretch with Loops Elastic Yoga Stretching Strap with Loops, Stretch Strap for Ballet, Leg, Body, S",1.09,7.24,85,"1,000+ sold",4.7,New shoppers save $6.15 | Top selling on AliExpress,CN,si,https://www.aliexpress.us/item/3256806016602374.html,https://ae-pic-a1.aliexpress-media.com/kf/S801bf763fab147f48f6d9a9f5c92f2ccg.jpg
suspension trainer straps,3256812734426286,Heavy Duty Fitness AB Sling Straps Suspension Pair Rip-Resistant for Pull up Bar Hanging Leg Raiser Home Gym E,1.09,23.12,95,77 sold,5,New shoppers save $22.03 | Top selling on AliExpress,CN,si,https://www.aliexpress.us/item/3256812734426286.html,https://ae-pic-a1.aliexpress-media.com/kf/S2fd03d9e61a4408e9c0873b6923d49bfK.jpg
suspension trainer straps,3256812826560045,Exercise Bike Fix Pedal Straps 1 Pair Adjustable Anti-Slip Universal Bands for Home Gym Cycling Fitness Traini,1.09,9.62,88,1 sold,,New shoppers save $8.53 | Delivery: Oct 05 - 13,CN,si,https://www.aliexpress.us/item/3256812826560045.html,https://ae-pic-a1.aliexpress-media.com/kf/S9b3d5652f15e4d9baa4929d86c4e9cbbe.jpg
suspension trainer straps,3256811862323952,New Fitness Suspension Hanging Training Fitness Strength P3 Hanging Trainer Adjustable Yoga Belt Wall Mounted ,13.8,46.38,70,2 sold,,New shoppers save $32.58 | Delivery: Oct 05 - 13,CN,si,https://www.aliexpress.us/item/3256811862323952.html,https://ae-pic-a1.aliexpress-media.com/kf/S42e89d1f0fd44745af14c0ae590794cfy.jpg
suspension trainer straps,3256811513388963,Strap Nordic Hamstring Curl Strap with Quick-Release Buckle Leg Gym Seatbelt – Adjustable for Nordic Curls Bea,7.33,22.81,67,300 sold,4.9,Delivery: Oct 05 - 13,CN,si,https://www.aliexpress.us/item/3256811513388963.html,https://ae-pic-a1.aliexpress-media.com/kf/S2e1fd905eaf44ed0bb3373d922bd0ac8x.jpg
suspension trainer straps,3256809902759215,Multifunctional Fitness Ring Belt Double Layer Anti Slip Safety Strap Connector for Horizontal Bar Sandbag & S,4.24,8.83,52,"2,000+ sold",4.9,Delivery: Oct 05 - 13 | Extra 2% off with coins,CN,si,https://www.aliexpress.us/item/3256809902759215.html,https://ae-pic-a1.aliexpress-media.com/kf/Sb6c02eaebfac448090abef1ce72b166a2.jpg
suspension trainer straps,3256807707864881,Weightlifting Wrist Straps Strength Training Adjustable Non-slip Gym Fitness Lifting Strap Wrist Support Sport,1.09,5.26,79,21 sold,4,New shoppers save $4.17,CN,si,https://www.aliexpress.us/item/3256807707864881.html,https://ae-pic-a1.aliexpress-media.com/kf/S5ce8d269925f401db8b1b9955b4e67a5Z.jpg
suspension trainer straps,3256812420669852,1Set Heavy Duty Ab Straps for Pull Up Bar Sturdy Hanging Ab Sling Premium ABS Training Belt Portable Gym Strap,22.82,30.82,25,2 sold,5,New shoppers save $8,CN,si,https://www.aliexpress.us/item/3256812420669852.html,https://ae-pic-a1.aliexpress-media.com/kf/Sc046fea473754579a1348fb7214b528cG.jpg
suspension trainer straps,3256812022506538,Straps Leg Exercise Pull 10Pcs Resistance Bands Set Pull Straps Assistive Pull-Up Bands Exercise Straps Leg Ex,14.17,46.18,69,111 sold,5,New shoppers save $32.01 | Top selling on AliExpress,CN,si,https://www.aliexpress.us/item/3256812022506538.html,https://ae-pic-a1.aliexpress-media.com/kf/See4994fb3f154ebdbc2d2ea76c336870U.png
suspension trainer straps,3256812627799734,New 1Pair Heavy Duty Rip-Resistant AB Sling Straps Suspension Fitness Pull Up Bar Hanging Leg Raiser Gym Home ,1.09,21.82,94,12 sold,4,New shoppers save $20.73 | Delivery: Oct 05 - 13,CN,si,https://www.aliexpress.us/item/3256812627799734.html,https://ae-pic-a1.aliexpress-media.com/kf/S1b5781146b644a9fa0d4d41616b2f42dr.jpg
suspension trainer straps,3256809499111515,Fitness AB Sling Straps Suspension Rip-Resistant Heavy Duty A Pair for Pull Up Bar Hanging Leg Raiser Gym Home,1.09,19.67,94,71 sold,4.2,New shoppers save $18.58 | Lowest price in 90 days,CN,si,https://www.aliexpress.us/item/3256809499111515.html,https://ae-pic-a1.aliexpress-media.com/kf/S070ae4fe8a194d508ee4a739223d237ep.jpg
suspension trainer straps,3256809778543798,2Pcs Adjustable Grips Weight Lifting Hooks Strength Workout Black Wrist Weightlifting Straps Fitness Accessori,1.09,9.31,88,24 sold,4,New shoppers save $8.22 | Delivery: Oct 05 - 13,CN,si,https://www.aliexpress.us/item/3256809778543798.html,https://ae-pic-a1.aliexpress-media.com/kf/Sde53c96d2cf545e9941f007cbbab2244E.jpg
suspension trainer straps,3256812963226932,Strap 11Pcs Resistance Bands Set Portable Fitness Pull Rope Elastic Exercise Band with Door Anchor Ankle Strap,11.19,34.95,68,2 sold,,"Early bird deal, only 4 left | Extra 5% off with coins",CN,si,https://www.aliexpress.us/item/3256812963226932.html,https://ae-pic-a1.aliexpress-media.com/kf/S273df121922549b9bf7b89ca38a68472J.jpg
suspension trainer straps,3256812941268928,New#1Pair Pedal Straps Belts Fix Bands Tape Generic For Fitness Exercise Bike,1.09,8.15,86,1 sold,,"New shoppers save $7.06 | Early bird deal, only 4 left",CN,si,https://www.aliexpress.us/item/3256812941268928.html,https://ae-pic-a1.aliexpress-media.com/kf/Sd9d0122e713a4576bea876a80e9458bcC.jpg
suspension trainer straps,3256810197641106,1pc Heavy-Duty Suspension Trainer System with 5-Loop Resistance Bands - All-in-One Home Gym Equipment for Stre,1.09,17.76,93,18 sold,5,New shoppers save $16.67 | Lowest price in 90 days,CN,si,https://www.aliexpress.us/item/3256810197641106.html,https://ae-pic-a1.aliexpress-media.com/kf/S5af22e8e14e14ae1bbb4fc58d639235eY.jpg
suspension trainer straps,3256807814204888,Adjustable Dumbbell Spotter Straps for Barbell Rack Attachment Chest Bench Press Hanging Dumbbells Safety Hang,28.4,43.63,34,173 sold,4.8,New shoppers save $15.23 | Lowest price in 90 days,CN,si,https://www.aliexpress.us/item/3256807814204888.html,https://ae-pic-a1.aliexpress-media.com/kf/Sf14502cfd04b4336902fd8648ff8129fQ.jpg
suspension trainer straps,3256809621112395,Strap Assist for Men Women Pull Up Assistance Bands Set Heavy Duty Resistance Strap Pull-ups Assist for Men Wo,36.95,52.78,30,8 sold,,Free shipping | 4 × $9.24 with no interest,CN,si,https://www.aliexpress.us/item/3256809621112395.html,https://ae-pic-a1.aliexpress-media.com/kf/Sa53679a12dc048fca7aeee2160f6bc3em.jpg
suspension trainer straps,3256812682605125,Weightlifting Straps 2pcs Wrist Straps Gym Non-Slip for Dumbbell Barbell Workout Crossfit Wrist Wrap Lift Fitn,1.09,13.7,92,20 sold,,New shoppers save $12.61 | Delivery: Oct 05 - 13,CN,si,https://www.aliexpress.us/item/3256812682605125.html,https://ae-pic-a1.aliexpress-media.com/kf/S1b073f9b8dad4db981fba493ed8ca264K.png
suspension trainer straps,3256812612095705,Ab Straps Heavy-Duty Home Gym Training for Fitness Enthusiasts Tear Resistant Hanging Leg Raise Core Workout E,1.09,24.22,95,8 sold,,New shoppers save $23.13 | Delivery: Oct 05 - 13,CN,si,https://www.aliexpress.us/item/3256812612095705.html,https://ae-pic-a1.aliexpress-media.com/kf/S57f316ca6de84811b32fa4f5b049f9d1u.jpg
suspension trainer straps,3256810127465172,2pcs 12In Multifunctional Anti-Slip Safety Straps Fitness Ring Horizontal Bar Double-Layer Belts Sandbag Swing,1.09,11.08,90,28 sold,5,New shoppers save $9.99 | Lowest price in 90 days,CN,si,https://www.aliexpress.us/item/3256810127465172.html,https://ae-pic-a1.aliexpress-media.com/kf/S67a6b36b084242a79727f806e7e7ebd5D.jpg
suspension trainer straps,3256806948814440,Straps Gym Leg Training Gym Ankle Straps Double D-Ring Adjustable Neoprene Padded Cuffs Ankle Weight Leg Train,,,,"2,000+ sold",4.8,,,,https://www.aliexpress.us/item/3256806948814440.html,https://ae-pic-a1.aliexpress-media.com/kf/Sd82ef3fff15a4492ba36da0c5bb7603en.jpg
suspension trainer straps,3256810142534260,"11 Piece Set Of Muscle Training Straps, Multifunctional Fitness Tension Strap, Fitness Tension Training Harnes",1.09,5.72,80,50 sold,4.7,New shoppers save $4.63 | Lowest price in 90 days,CN,si,https://www.aliexpress.us/item/3256810142534260.html,https://ae-pic-a1.aliexpress-media.com/kf/Sbe9037f1e3ab45849d758fca81e867c3C.jpg
suspension trainer straps,3256812684539905,Wooden Gym Rings Set Adjustable Numbered Nylon Straps Home Gym Pull-up Crossfit Strength Training Fitness Equi,38.99,77.98,50,,,4 × $9.75 with no interest,CN,si,https://www.aliexpress.us/item/3256812684539905.html,https://ae-pic-a1.aliexpress-media.com/kf/S0f8e5ab312994c61a6362abeee03b163e.jpg
suspension trainer straps,3256805828331045,Hanging Strap Universal Outdoor Swing Rope Fixed Accessory Tree Swing Hanging Straps Fitness Equipment Hook Ri,1.09,20.83,94,31 sold,5,"$1.04 each, ≥ 3 pieces | New shoppers save $19.74",CN,si,https://www.aliexpress.us/item/3256805828331045.html,https://ae-pic-a1.aliexpress-media.com/kf/Sa100ebf1721b453389e42baaea522b171.jpg
suspension trainer straps,3256812752752378,Strap Resistance Bands Pull-Up FlareFox Adjustable Multi Resistance Bands Push-pull Rod Pull-Up Assist Strap S,31.21,39.55,21,9 sold,,New shoppers save $8.34 | 4 × $7.8 with no interest,CN,si,https://www.aliexpress.us/item/3256812752752378.html,https://ae-pic-a1.aliexpress-media.com/kf/Sb374da7a718f45e080a709126f2aa663t.jpg
suspension trainer straps,3256809499501291,A Pair Heavy Duty AB Sling Straps Suspension Rip-Resistant Fitness for Pull Up Bar Hanging Leg Raiser Gym Home,1.09,19.59,94,15 sold,2.5,New shoppers save $18.5 | Lowest price in 90 days,CN,si,https://www.aliexpress.us/item/3256809499501291.html,https://ae-pic-a1.aliexpress-media.com/kf/Sb6781d692dbe412d82c0e6c3a484c3a0j.jpg
suspension trainer straps,3256810343461217,Heavy-duty Arm Strength Training Straps Thickened Muscle Training Accessories Designed Specifically for Barbel,1.09,13.08,91,96 sold,5,New shoppers save $11.99,CN,si,https://www.aliexpress.us/item/3256810343461217.html,https://ae-pic-a1.aliexpress-media.com/kf/Sbc284f742f0d4a919d66415a68526fc4R.jpg
suspension trainer straps,3256807761278946,"Heavy-Duty Pronation Arm Wrestling Strap – Durable Training Loop for Weight Plate Exercises, Grip Strength, Wr",5.82,17.27,66,40 sold,5,New shoppers save $11.45 | Lowest price in 90 days,CN,si,https://www.aliexpress.us/item/3256807761278946.html,https://ae-pic-a1.aliexpress-media.com/kf/Sa7cb80f121934502a2aa77ec3ce1499dh.jpg
suspension trainer straps,3256812569921107,Strap Plantar Fasciitis Yoga Elastic Yoga Leg Foot Stretching Band Plantar Fasciitis Rehabilitation Training B,1.09,9.05,87,2 sold,,New shoppers save $7.96,CN,si,https://www.aliexpress.us/item/3256812569921107.html,https://ae-pic-a1.aliexpress-media.com/kf/S39facdf040544dfd96551a3ec8b62849X.jpg
suspension trainer straps,3256810404772601,Fitness Tractor Infinity Rope Trainer Suspension Resistance Rope Home Gym Fitness Portable Equipment Accessory,199.71,,,,,4 × $49.93 with no interest,CN,si,https://www.aliexpress.us/item/3256810404772601.html,https://ae-pic-a1.aliexpress-media.com/kf/Sbf32d3ed3fd94aa486e8a29441abf27aB.jpg
suspension trainer straps,3256811441354979,(Hanging Strap Universal Outdoor Swing Rope Fixed Accessory Tree Swing Hanging Straps Fitness Equipment Hook R,1.02,1.46,30,7 sold,5,,CN,si,https://www.aliexpress.us/item/3256811441354979.html,https://ae-pic-a1.aliexpress-media.com/kf/Sf4fd90bd9b4742c297b7e0f56e70dca45.jpg
suspension trainer straps,3256810307861012,"Arm Wrestling Wrist Strength Strap with Reinforced Base, Thickened & Extended Heavy-Duty Webbing",8.76,17.75,50,116 sold,4.9,New shoppers save $8.99 | Free shipping,CN,si,https://www.aliexpress.us/item/3256810307861012.html,https://ae-pic-a1.aliexpress-media.com/kf/Sac0adc004bf2481aa48b462a76eb7d39q.png
suspension trainer straps,3256812978754976,Strap Nordic Hamstring Curl Strap with Quick-Release Buckle Leg Gym Seatbelt – Adjustable for Nordic Curls Bea,7.85,12.66,38,,,Extra 6% off with coins,CN,si,https://www.aliexpress.us/item/3256812978754976.html,https://ae-pic-a1.aliexpress-media.com/kf/S8369adb275ee42ec92649ff79585854cu.jpg
suspension trainer straps,3256811832006818,"10-inch multifunctional non-slip safety belt, fitness ring horizontal bar, double-layer strap, sandbag swing c",1.09,13.22,91,156 sold,4.5,New shoppers save $12.13 | Delivery: Oct 05 - 13,CN,si,https://www.aliexpress.us/item/3256811832006818.html,https://ae-pic-a1.aliexpress-media.com/kf/S5dacf0f1f8c046f789e4b29803c4b2faS.jpg
suspension trainer straps,3256809557208868,"Wrist Wraps with Triangle Ring for Weightlifting, Gym Cable Attachment, Wrist Support Straps for Strength Trai",15.02,18.78,20,19 sold,4.5,Free shipping,CN,si,https://www.aliexpress.us/item/3256809557208868.html,https://ae-pic-a1.aliexpress-media.com/kf/S76fe262cd3c8433db01c73411ec1f895n.jpg
suspension trainer straps,3256805931398932,Hanging Ab Sling Straps for Pull Up Bar Rip Resistant and Padded Arm Support Knee and Leg Raises for Men and W,26.02,32.53,20,22 sold,5,,CN,si,https://www.aliexpress.us/item/3256805931398932.html,https://ae-pic-a1.aliexpress-media.com/kf/S96d0142ee0b14bdd99bf14f97e85f7d5a.jpg
suspension trainer straps,3256812988691144,"Strap Neck Support Strap - Portable Hanging Training Band, Suitable for Any Scene | Convenient and Comfort Des",13.68,22.07,38,,,Extra 6% off with coins,CN,si,https://www.aliexpress.us/item/3256812988691144.html,https://ae-pic-a1.aliexpress-media.com/kf/Sdb56d429635e41388b923f068cc5492cI.jpg
weighted hula hoop,3256813062107346,"24 section adjustable exercise hoop, abdominal and waist exercises, detachable massage, fitness hoop training,",11.17,30.27,63,2 sold,,"Early bird deal, only 1 left | Delivery: Oct 05 - 13",CN,si,https://www.aliexpress.us/item/3256813062107346.html,https://ae-pic-a1.aliexpress-media.com/kf/S93f906eebbae41df9baef83e72557ac4s.jpg
weighted hula hoop,3256812969827278,Soft Hula Hoop Comfort No-hurt Body Slim Waist Weight Loss Training Circle Women Home Fitness Workout Equipmen,1.09,15.34,92,15 sold,,New shoppers save $14.25 | Delivery: Oct 05 - 13,CN,si,https://www.aliexpress.us/item/3256812969827278.html,https://ae-pic-a1.aliexpress-media.com/kf/Sb6a76cc258404bc48d15f0b67eeac6ban.jpg
weighted hula hoop,3256812859935861,Soft Fitness Hula Hoop Comfort No‑hurt Body Slim Waist Weight Loss Training Circle Women Household Workout Equ,1.15,15.22,92,13 sold,5,New shoppers save $14.07 | Delivery: Oct 05 - 13,CN,si,https://www.aliexpress.us/item/3256812859935861.html,https://ae-pic-a1.aliexpress-media.com/kf/S6d08bfb03306411cb602bbb0395b0cd3N.jpg
weighted hula hoop,3256812826780992,Weighted Hoops Smart Exercise Weighted Sports Circle Hoops for Adults Weight Loss Plus Size for Adults Smart E,9.34,15.07,38,2 sold,,,CN,si,https://www.aliexpress.us/item/3256812826780992.html,https://ae-pic-a1.aliexpress-media.com/kf/Sb134e0f1244c47a5bf5f363434b2595bs.jpg
weighted hula hoop,3256812999161952,Soft Weighted Hula Hoop Cooling Beads Fitness Waist Slimming Exercise Ring,22.83,58.53,61,,,"Early bird deal, only 1 left | Extra 1% off with coins",CN,si,https://www.aliexpress.us/item/3256812999161952.html,https://ae-pic-a1.aliexpress-media.com/kf/S5660cb3d864047c48d5097fca0d2080cK.jpg
weighted hula hoop,3256806528084929,Weighted Sports Circle Hoops for Adults Weight Loss Plus Size for Adults Smart Exercise 2 in 1 Adjustable with,8.2,27.51,70,157 sold,4,New shoppers save $19.31 | Delivery: Oct 05 - 13,CN,si,https://www.aliexpress.us/item/3256806528084929.html,https://ae-pic-a1.aliexpress-media.com/kf/S15af6097d7aa4a2f86a6569d6bc5a34bg.jpg
weighted hula hoop,3256812060585757,"Flexible Hose Spring Hula Hoop, Weight Loss Training Abdomen, Fast Folding Portable Slimming Shaping, Ice Silk",19.94,40.69,51,49 sold,5,Delivery: Oct 05 - 13 | Extra 1% off with coins,CN,si,https://www.aliexpress.us/item/3256812060585757.html,https://ae-pic-a1.aliexpress-media.com/kf/S39ebb2344d1e416287b4ce120d0b2430a.jpg
weighted hula hoop,3256812864151914,Weighted Detachable Exercise Hoop with Magnetic Massage Function Portable Fitness Hula Hoop for Shaping Slim B,21.93,219.35,90,,,,CN,si,https://www.aliexpress.us/item/3256812864151914.html,https://ae-pic-a1.aliexpress-media.com/kf/Se6b61dbd178d46caa2a57458b4088574C.jpg
weighted hula hoop,3256812823524715,Adults Soft Spring Hula Hoop Safe Waist Exercise Fitness Equipment for Weight Loss Slimming Abdominal Bodybuil,14.55,145.54,90,,,,CN,si,https://www.aliexpress.us/item/3256812823524715.html,https://ae-pic-a1.aliexpress-media.com/kf/Se643ae4f490642e58d6637fd859fee67e.jpg
weighted hula hoop,3256812361974526,"Weighted ice silk hula hoop, silent model, abdominal closure does not hurt waist, soft spring hula hoop fat bu",38.17,76.33,50,,,Free shipping | 4 × $9.54 with no interest,CN,si,https://www.aliexpress.us/item/3256812361974526.html,https://ae-pic-a1.aliexpress-media.com/kf/S17b120c203934734a9798394224905f5k.jpg
weighted hula hoop,3256813008503510,60cm LED Colorful Sports Hoops Lose Weight Fitness Circle Art Show Yoga Home Gym Workout Equipment for Women K,9.17,14.79,38,1 sold,,Extra 6% off with coins,CN,si,https://www.aliexpress.us/item/3256813008503510.html,https://ae-pic-a1.aliexpress-media.com/kf/Sa7ae193dfe624dd6a8c62dcc2cd7c290v.jpg
weighted hula hoop,3256810270799116,"Spring soft color hula hoop weighted household all-inclusive hula hoop does not hurt the waist, abdomen and we",30.98,61.95,50,1 sold,,Free shipping | 4 × $7.75 with no interest,CN,si,https://www.aliexpress.us/item/3256810270799116.html,https://ae-pic-a1.aliexpress-media.com/kf/S7b9003b25eea4d58beecafc5a5aa569fg.jpg
weighted hula hoop,3256810293042427,"Household polyester silent weighted spring hula hoop, waist fat massage soft hula hoop",54.36,108.71,50,2 sold,,Free shipping | 4 × $13.59 with no interest,CN,si,https://www.aliexpress.us/item/3256810293042427.html,https://ae-pic-a1.aliexpress-media.com/kf/S3f03c7d72e2246dc96ca59e8e7ea0b27k.jpg
weighted hula hoop,3256811820674637,Adjustable Detachable Fitness Hula Ring Circle Weighted Exercise Hoops for Adult and Kids,52.28,,,,,4 × $13.07 with no interest | Extra 5% off with coins,CN,si,https://www.aliexpress.us/item/3256811820674637.html,https://ae-pic-a1.aliexpress-media.com/kf/Scc3f0042b3aa4fd2b25eb49c5dd5abb80.jpg
weighted hula hoop,3256812999259654,Smart Fitness Hula Hoop Detachable Weighted Ring with Digital Counter for Waist Slimming Abdominal Exercise,88.84,195.5,54,1 sold,,"New shoppers save $106.66 | Early bird deal, only 4 left",CN,si,https://www.aliexpress.us/item/3256812999259654.html,https://ae-pic-a1.aliexpress-media.com/kf/S3a3f840cf14649b28e64c30502432d84f.jpg
weighted hula hoop,3256809065961423,Slimming Body Flexible Hose Soft Spring Hula Hoop Weight Loss Training Abdominal Compression Weighted Portable,10.65,31.94,66,7 sold,4,New shoppers save $21.29 | Delivery: Oct 05 - 13,CN,si,https://www.aliexpress.us/item/3256809065961423.html,https://ae-pic-a1.aliexpress-media.com/kf/A22c7a6182ab447f0bf8b61a25bc468d4O.jpg
weighted hula hoop,3256812305989404,Soft Velvet Soft Fitness Hoop Weighted Design Foldable Waist Toning Ring Spring Tube Comfortable Fitness Waist,41.2,65.39,37,2 sold,5,4 × $10.3 with no interest,CN,si,https://www.aliexpress.us/item/3256812305989404.html,https://ae-pic-a1.aliexpress-media.com/kf/S2415b91168ed4c40b534d2a2c6653998J.jpg
weighted hula hoop,3256812812108273,PE Detachable Weighted Hula Hoop Magnetic Massage Portable Waist Slimming Fitness Exercise Hoop for Women Home,28.05,280.49,90,,,,CN,si,https://www.aliexpress.us/item/3256812812108273.html,https://ae-pic-a1.aliexpress-media.com/kf/Scf25b018825e45b9b327cf35904a9a560.jpg
weighted hula hoop,3256812968060575,Smart hula hoop abdominal weight loss artifact for fitness,15.85,33.03,52,,,Customizable | Extra 5% off with coins,CN,si,https://www.aliexpress.us/item/3256812968060575.html,https://ae-pic-a1.aliexpress-media.com/kf/S335ba62ca8034489a260bb56b55473feW.jpg
weighted hula hoop,3256812699759555,Adult Adjustable Customizable Weight Hula Hoop with Thickened Foam Detachable Sections Home Fitness Exercise E,16.5,55,70,1 sold,,Extra 5% off with coins,CN,si,https://www.aliexpress.us/item/3256812699759555.html,https://ae-pic-a1.aliexpress-media.com/kf/S7cf152e4d5174fe0b3bc9a32ff1b84ceq.jpg
weighted hula hoop,3256812782136440,"Detachable Sports Hoop, Adults Exercise, Easy Adjustable Weight,  Workout, Home Gym, Yoga Training, Fitness Eq",17.71,36.89,52,2 sold,,Delivery: Oct 05 - 13 | Extra 1% off with coins,CN,si,https://www.aliexpress.us/item/3256812782136440.html,https://ae-pic-a1.aliexpress-media.com/kf/Sdd6393cf62c44066a53665cb9c1f53431.jpeg
weighted hula hoop,3256806148444287,"Sport Hoops, Abdominal Thin Waist, Intelligent Adjustable Massage Fitness Hoop, Home Gym, Training Weight Loss",8.43,9.58,12,11 sold,5,,CN,si,https://www.aliexpress.us/item/3256806148444287.html,https://ae-pic-a1.aliexpress-media.com/kf/Sc1b307f0e8fc45f3b06873091f46dc2bJ.jpg
weighted hula hoop,3256810294385627,60/70/80/90cm Glow Sport Hoop Lose Weight Ring Hoop 7 Color Changing Yoga Circle Fitness Workout Equipment for,11.68,,,18 sold,,,CN,si,https://www.aliexpress.us/item/3256810294385627.html,https://ae-pic-a1.aliexpress-media.com/kf/Sb657136a96814c1c9273f9a1353cdcdfC.jpg
weighted hula hoop,3256812865795301,New software hula hoop adult belly slimming women's weight loss special mute does not hurt the waist soft ring,32.39,,,,,Customizable | 4 × $8.1 with no interest,CN,si,https://www.aliexpress.us/item/3256812865795301.html,https://ae-pic-a1.aliexpress-media.com/kf/Sa232c4313aff4db5989aef5067876121Y.jpg
weighted hula hoop,3256812771623860,Soft body spring hula hoop thin belly women ice Doudou abdominal aggravation does not hurt the waist weight lo,195.7,212.72,8,,,Free shipping | 4 × $48.93 with no interest,CN,si,https://www.aliexpress.us/item/3256812771623860.html,https://ae-pic-a1.aliexpress-media.com/kf/Sf52e837359e44f4582adbf690209a521h.jpg
weighted hula hoop,3256812682587636,Soft hula hoop abdominal weight loss increased female thin belly weight loss does not hurt the waist,129.55,140.81,8,,,Free shipping | 4 × $32.39 with no interest,CN,si,https://www.aliexpress.us/item/3256812682587636.html,https://ae-pic-a1.aliexpress-media.com/kf/Se9479857d7294906afc86f25e1291dc4m.jpg
weighted hula hoop,3256812780829164,"Smart hula hoop men's abdomen is increased, weight loss artifact, thin waist is not dedicated to fitness",275.63,299.6,8,,,Free shipping | 4 × $68.91 with no interest,CN,si,https://www.aliexpress.us/item/3256812780829164.html,https://ae-pic-a1.aliexpress-media.com/kf/S3f83e67f12d74ba184424147e44c794di.jpg
weighted hula hoop,3256812770459959,"Soft hula hoop men's abdomen is aggravated without hurting the waist, thin belly, special fat burning artifact",151.6,164.78,8,,,Free shipping | 4 × $37.9 with no interest,CN,si,https://www.aliexpress.us/item/3256812770459959.html,https://ae-pic-a1.aliexpress-media.com/kf/S8705fb5cc1754984a9e54d2574c067a9l.jpg
weighted hula hoop,3256811798432262,Good Quality Custom  Hoop Weight Loss Adjustable Exercise Hula Ring Hoop Fitness Weighted Hula Ring Hoops for ,58.15,,,,,4 × $14.54 with no interest | Extra 5% off with coins,CN,si,https://www.aliexpress.us/item/3256811798432262.html,https://ae-pic-a1.aliexpress-media.com/kf/Sdae230b08ae844a996a5c73fe0cf536c1.jpg
weighted hula hoop,3256810366391063,Smart hula hoop for weight loss and silent fitness professionals,53.57,54.66,2,,,4 × $13.39 with no interest,CN,si,https://www.aliexpress.us/item/3256810366391063.html,https://ae-pic-a1.aliexpress-media.com/kf/S52fdabed383e4b788f555b53fb0347dfD.jpg
weighted hula hoop,3256812833613520,"Waist‑Friendly Sport Hula Hoop for Women No Waist Hurt, Adult Slim Belly Weight Loss Tool for Home Waist Shapi",23.97,239.72,90,,,,CN,si,https://www.aliexpress.us/item/3256812833613520.html,https://ae-pic-a1.aliexpress-media.com/kf/S253df8e1c2e84ab384e5d9d2c262027dl.jpg
weighted hula hoop,3256812754364005,Simple DIY Install Weighted Smart Fitness Hula Hoop Waist Trainer Fat Loss for Adult Men Women Students Kids T,31.16,,,,,4 × $7.79 with no interest,CN,si,https://www.aliexpress.us/item/3256812754364005.html,https://ae-pic-a1.aliexpress-media.com/kf/S12c947fc35964b838055b4a4966b68ee9.jpg
weighted hula hoop,3256812746081099,Adjustable Size Multi-color Hula Ring for Kids Women 8 Sections PP+Foam Material Max Waist Size 95cm Fitness E,26.07,,,,,,CN,si,https://www.aliexpress.us/item/3256812746081099.html,https://ae-pic-a1.aliexpress-media.com/kf/S4c8c7d0492ba409391084860a276223dv.jpg
weighted hula hoop,3256812606978561,6 Sections Detachable Stainless Steel Weighted Hula Hoop Waist Shaping Fitness Hoop For Adult Men Women Home W,11.54,14.42,20,,,Customizable | Extra 5% off with coins,CN,si,https://www.aliexpress.us/item/3256812606978561.html,https://ae-pic-a1.aliexpress-media.com/kf/S0ee7216a8d8749d2aadc80a29c8f9d05H.jpg
weighted hula hoop,3256811820744507,Health Weighted Flexible Fat Burning Gym Fitness Exercise Yoga Eco-friendly Adjustable Soft Colorful Hula Circ,54.62,,,,,4 × $13.66 with no interest | Extra 5% off with coins,CN,si,https://www.aliexpress.us/item/3256811820744507.html,https://ae-pic-a1.aliexpress-media.com/kf/S97f6c08b0523488cb8d1ef3cc095d010n.jpg
weighted hula hoop,3256811800860197,Comfortable Smooth Weighted Hula Hooping Ring Exercise Fitness Hoop Hula Weighted Hulas Hoops,55.55,,,,,4 × $13.89 with no interest | Extra 5% off with coins,CN,si,https://www.aliexpress.us/item/3256811800860197.html,https://ae-pic-a1.aliexpress-media.com/kf/Sf88a491cd9864a4aab0b9df40a824655x.jpg
weighted hula hoop,3256812607014559,"Smart Sport Hoops Hula Hoop for Abdominal Tightening and Weight Loss, Waist-slimming Tool for Women",29.52,41,28,,,Extra 3% off with coins,CN,si,https://www.aliexpress.us/item/3256812607014559.html,https://ae-pic-a1.aliexpress-media.com/kf/S624581726538449bab47f4f297a2d46dA.jpg
weighted hula hoop,3256812921579045,Smart Weighted Hula Hoop Fitness Hoop for Abdominal Waist Exercise Women Home Workout Equipment,179.13,,,,,Customizable | 4 × $44.78 with no interest,CN,si,https://www.aliexpress.us/item/3256812921579045.html,https://ae-pic-a1.aliexpress-media.com/kf/Scd55503c7bfe49ec9818a15f3f6f6511n.jpg
weighted hula hoop,3256811839516763,"Weighted 2.5kg Ice Beads Hula Hoop, Ice Silk Cool for All Seasons, Slimming & Breathable, Waist-Friendly",37.07,74.15,50,,,Customizable | 4 × $9.27 with no interest,CN,si,https://www.aliexpress.us/item/3256811839516763.html,https://ae-pic-a1.aliexpress-media.com/kf/S25149f0bbe0e4f42a56ab1d9a616813aE.jpg
weighted hula hoop,3256810366307909,"Smart hula hoop abdominal weight loss, thin waist without hurting waist, special for women's fitness",43.05,43.93,2,,,4 × $10.76 with no interest,CN,si,https://www.aliexpress.us/item/3256810366307909.html,https://ae-pic-a1.aliexpress-media.com/kf/Sa91401bb1e4c4636aaa18d711b4da0a9r.jpg
weighted hula hoop,3256810290629884,Hula hoop abdominal weight loss slimming ring women's home fitness equipment,40.39,80.78,50,2 sold,,Free shipping | 4 × $10.1 with no interest,CN,si,https://www.aliexpress.us/item/3256810290629884.html,https://ae-pic-a1.aliexpress-media.com/kf/Sf2b23db3050648339217041c457b9bf6G.jpg
weighted hula hoop,3256812068579422,"Hula hoop weight loss thin waist lazy adult thin belly artifact, abdominal fat rejection exercise equipment",23.52,47.05,50,,,Customizable | Extra 5% off with coins,CN,si,https://www.aliexpress.us/item/3256812068579422.html,https://ae-pic-a1.aliexpress-media.com/kf/S875fd42fa7714428944909c25985b862j.jpg
weighted hula hoop,3256812043524142,"Hula hoop abdominal weight loss, thin belly, slimming ring, waist training artifact, women's household thin be",17.28,34.57,50,,,Customizable | Extra 5% off with coins,CN,si,https://www.aliexpress.us/item/3256812043524142.html,https://ae-pic-a1.aliexpress-media.com/kf/S1d1774dc26354c28b87ad534f278086bf.jpg
weighted hula hoop,3256811820752535,Adult Fitness Equipment Stainless Steel Foam Detachable Hoola Hoops Weighted Body Building Hula Ring,55.74,,,,,4 × $13.94 with no interest | Extra 5% off with coins,CN,si,https://www.aliexpress.us/item/3256811820752535.html,https://ae-pic-a1.aliexpress-media.com/kf/S2a3c01020ad24ed1980c858b04b05ef8i.jpg
weighted hula hoop,3256811823593531,Gym Removable and Weighted Slimming Hula Ring Metal StainlessSteel Fitness Hoop,59.12,,,,,4 × $14.78 with no interest | Extra 5% off with coins,CN,si,https://www.aliexpress.us/item/3256811823593531.html,https://ae-pic-a1.aliexpress-media.com/kf/S8828a99696d0418e8fb03c6fd8e9cc314.jpg
weighted hula hoop,3256811798364522,Plastic Hula Ring Yoga Hoops for Kids Weighted Hula Hoops Detachable Portable Sports Exercise Fitness,46.78,,,,,4 × $11.7 with no interest | Extra 5% off with coins,CN,si,https://www.aliexpress.us/item/3256811798364522.html,https://ae-pic-a1.aliexpress-media.com/kf/S5e550eec57854b7d8d02a5a1b5f17501z.jpg
weighted hula hoop,3256812355331129,Weighted Hoop Indoor Weight Loss Sports Exercise Fitness Hoops 6 Sections Detachable Design Stainless Steel Tu,13.34,,,,,Extra 5% off with coins,CN,si,https://www.aliexpress.us/item/3256812355331129.html,https://ae-pic-a1.aliexpress-media.com/kf/Sa7f58c7878b2469d8669366828180113y.jpg
weighted hula hoop,3256812746078942,Anti Shock Shell Weighted Smart Fitness Hula Hoop Waist Trainer Fat Loss for Adult Men Women Students Kids Sho,27.21,,,,,,CN,si,https://www.aliexpress.us/item/3256812746078942.html,https://ae-pic-a1.aliexpress-media.com/kf/S9cd3f7af83d94597bb6d5174d7b29f570.jpg
weighted hula hoop,3256806062748606,21/24/27/30 Knots Sport Fitness Hoops Abdominal Thin Waist Exercise Massage Hoop Fitness Equipment Gym Home Tr,8.01,45.19,82,124 sold,4.8,New shoppers save $37.18 | Top selling on AliExpress,CN,si,https://www.aliexpress.us/item/3256806062748606.html,https://ae-pic-a1.aliexpress-media.com/kf/S38a56a4bffd047b9bb58da6f7e921dadm.jpg
weighted hula hoop,3256812928909095,"Sport Hoop, Abdominal Thin Waist Exercise, Detachable, Massage, Training Weight Loss,size Adjustable, Home Gym",8.38,13.09,36,,,,CN,si,https://www.aliexpress.us/item/3256812928909095.html,https://ae-pic-a1.aliexpress-media.com/kf/S6d5380b002e8445f885d36f7c34918d2y.jpg
weighted hula hoop,3256812763046370,Iced Doudou Soft Hula Hoop Women's Thin Belly Tuck Belly Weight Loss Mute Thin Waist Shaping Special Artifact,330.76,359.52,8,,,Free shipping | 4 × $82.69 with no interest,CN,si,https://www.aliexpress.us/item/3256812763046370.html,https://ae-pic-a1.aliexpress-media.com/kf/S8babb02e46a1455ab6777e908b7bf213H.jpg
weighted hula hoop,3256812715602150,Hula hoop throwing ball female weight loss abdominal aggravation does not hurt waist beginner removable postpa,165.38,179.76,8,,,Free shipping | 4 × $41.35 with no interest,CN,si,https://www.aliexpress.us/item/3256812715602150.html,https://ae-pic-a1.aliexpress-media.com/kf/S9fbaa579258549969a10568cd7b420ba3.jpg
weighted hula hoop,3256812498553036,1pc Hula Hoop Fitness Soft Hula Hoop Not Hurt Body Weight Loss Thin Belly Slim Circle Waist Training Equipment,35.77,88.88,59,3 sold,,New shoppers save $53.11 | Delivery: Oct 05 - 13,CN,si,https://www.aliexpress.us/item/3256812498553036.html,https://ae-pic-a1.aliexpress-media.com/kf/S2116581ecdfd4e349c978d97af908bfem.jpg
weighted hula hoop,3256813055603778,"Detachable Smart Hula Hoop Won't Fall Off, Lazy Workout Waist Shaping Fat Burning Fitness Tool",23.55,74.33,68,,,"Early bird deal, only 1 left | Delivery: Oct 05 - 13",CN,si,https://www.aliexpress.us/item/3256813055603778.html,https://ae-pic-a1.aliexpress-media.com/kf/S2b00116db38b41d3b7b95cd0fcef01ceI.jpg
weighted hula hoop,3256809650807373,Fitness Circle Portable Exercise Ring Foldable Waist Shaping Soft Spring Circle Abdominal Exercise Ring Used f,10.61,34.61,69,54 sold,4.2,New shoppers save $24 | Lowest price in 90 days,CN,si,https://www.aliexpress.us/item/3256809650807373.html,https://ae-pic-a1.aliexpress-media.com/kf/S7dd0a5c623e446ea9fe7c7a810e55745z.jpg
weighted hula hoop,3256813071418015,For For Boyu Fitness Magnetic Hula Hoop Slimming Ring Adult Workout Equipment Adjustable Waist Training Exerci,24.29,60.72,60,,,,CN,si,https://www.aliexpress.us/item/3256813071418015.html,https://ae-pic-a1.aliexpress-media.com/kf/S2cdf25585bad43bfa3630611cd64f4dfL.png
weighted hula hoop,3256812694535413,Portable Fat Burning Sports Hoop Foldable Soft Spring Yoga Fitness Hoops Durable Adjustable Spring Tube Yoga C,28.46,,,,,,CN,si,https://www.aliexpress.us/item/3256812694535413.html,https://ae-pic-a1.aliexpress-media.com/kf/Sfc87cc45e9564a3e96a57cf664eff674V.jpg
weighted hula hoop,3256810197315247,"Spring Soft Silent Hula Hoop, Full Coverage Without Hurting Waist, New Fitness Trend, Abdominal Sweating, Stre",15.71,44.3,64,48 sold,4.3,"$14.93 each, ≥ 2 pieces | New shoppers save $28.59",CN,si,https://www.aliexpress.us/item/3256810197315247.html,https://ae-pic-a1.aliexpress-media.com/kf/Sc72ffb69a7e6472d9fc257ae843fe19ed.jpg
weighted hula hoop,3256811851284116,Hula Hoop Sport Removable Colorful Kids Hula Hoop Equipment Portable Plastic Fitness Sports Equipment Best Gif,1.09,10.18,89,33 sold,4,New shoppers save $9.09 | Lowest price in 90 days,CN,si,https://www.aliexpress.us/item/3256811851284116.html,https://ae-pic-a1.aliexpress-media.com/kf/S672a9647712a43309168340ea6960852I.jpg
weighted hula hoop,3256812118066374,1pc Hula Hoop Fitness Soft Hula Hoop Not Hurt Body Weight Loss Thin Belly Slim Circle Waist Training Equipment,25.76,51.53,50,273 sold,4.9,Delivery: Oct 05 - 13 | Extra 2% off with coins,CN,si,https://www.aliexpress.us/item/3256812118066374.html,https://ae-pic-a1.aliexpress-media.com/kf/S2116581ecdfd4e349c978d97af908bfem.jpg
pilates bar,3256813015550978,Pilates Bar Kit & Resistance Bands Pilates Workout Equipment Exercise Bands Set Pilates Kit for Hip Back Arm F,65.93,,,,,4 × $16.48 with no interest,CN,si,https://www.aliexpress.us/item/3256813015550978.html,https://ae-pic-a1.aliexpress-media.com/kf/S6b50fc384fd4453f8686e3b73cc638eeV.jpg
pilates bar,3256813054249794,Pilates Workout Equipment & Resistance Bands Portable Exercise Pilates Bar for Home Gym Fitness Yoga Strength ,65.37,,,,,4 × $16.34 with no interest,CN,si,https://www.aliexpress.us/item/3256813054249794.html,https://ae-pic-a1.aliexpress-media.com/kf/S08598cdef4584a76a78c65c76f32fdbbX.jpg
pilates bar,3256812934867435,Portable Pilates Bar Stick Equip Foot Loop Exercise Resistance Band Fitness,16.87,35.9,53,,,"Early bird deal, only 15 left | Delivery: Oct 05 - 13",CN,si,https://www.aliexpress.us/item/3256812934867435.html,https://ae-pic-a1.aliexpress-media.com/kf/S6431b681a5574c47a340ad27985f7633p.jpg
pilates bar,3256812525289414,"Bar 5 Levels Yoga Fitness Tensioner Resistance Band With Handles, Elastic TPE Straight Bar Yoga Pull Rope Fitn",0.99,7.85,87,149 sold,5,New shoppers save $6.86 | Top selling on AliExpress,CN,si,https://www.aliexpress.us/item/3256812525289414.html,https://ae-pic-a1.aliexpress-media.com/kf/S63d3e13303dc422aab44d996422b70aeH.jpg
pilates bar,3256812615645217,Pilates Bar Home Gym Workout Pull Up Bar Sport Fitness Bar Equipment,34.47,,,,,4 × $8.62 with no interest,CN,si,https://www.aliexpress.us/item/3256812615645217.html,https://ae-pic-a1.aliexpress-media.com/kf/S22bd19d1ed224517ab28e0ce4c31fd2dn.jpg
pilates bar,3256812595178260,Detachable Yoga Stick Adjustable Length Pilates Posture Correction Bar Portable Fitness Stretch Pole for Yoga ,30.49,81.44,62,1 sold,5,New shoppers save $50.95 | Delivery: Oct 05 - 13,CN,si,https://www.aliexpress.us/item/3256812595178260.html,https://ae-pic-a1.aliexpress-media.com/kf/S1ff2840c5f07464c839b8a655e8e7deft.jpg
pilates bar,3256812784473837,Multifunctional Pilates Resistance Bar Set Full Body Sculpting Home Fitness Tool for Squats and Strength Train,10.44,37.98,72,20 sold,5,New shoppers save $27.54 | Delivery: Oct 05 - 13,CN,si,https://www.aliexpress.us/item/3256812784473837.html,https://ae-pic-a1.aliexpress-media.com/kf/Sf795aed4de454fca9322b97358d69a2fy.jpg
pilates bar,3256812680235475,Pilates Rubber Mini resistance bands 5 Different Levels Resistance Bands Exercise Fitness Rubber Fitness Mini ,0.99,4.46,77,69 sold,,New shoppers save $3.47,CN,si,https://www.aliexpress.us/item/3256812680235475.html,https://ae-pic-a1.aliexpress-media.com/kf/S28a1689026334a26bf08e75cf8ed9e57E.png
pilates bar,3256810098166038,Portable Yoga Pilates Bar Stick with Resistance Band Home Gym Muscle Toning Bar Fitness Stretching Sports Body,43.27,51.06,15,21 sold,5,New shoppers save $7.79 | Lowest price in 90 days,CN,si,https://www.aliexpress.us/item/3256810098166038.html,https://ae-pic-a1.aliexpress-media.com/kf/S664b0b34c33e49ad8863ecc05e7c5d46v.jpg
pilates bar,3256813030016672,Adjustable Stretching Rod for Yoga and Pilates Portable Metal Exercise Bar for Home Fitness Flexibility Traini,20.42,35.83,43,,,,CN,si,https://www.aliexpress.us/item/3256813030016672.html,https://ae-pic-a1.aliexpress-media.com/kf/S15408990071a4d21b19bc01019a6e85f3.jpg
pilates bar,3256812538603494,Multifunctional Pilates Bar with Yoga Chest Expansion Tension Rope Elastic Stretching Belt Fitness Back Traine,11.81,,,,,,CN,si,https://www.aliexpress.us/item/3256812538603494.html,https://ae-pic-a1.aliexpress-media.com/kf/S3a27063b71094e328e2b6a022c8b4de4m.jpg
pilates bar,3256812548696248,Pilates Resistance Bands 5 Levels Portable Fitness Workout Equipment Rubber Resistance Bands Yoga Gym Elastic ,0.99,4.36,77,192 sold,5,New shoppers save $3.37 | Top selling on AliExpress,CN,si,https://www.aliexpress.us/item/3256812548696248.html,https://ae-pic-a1.aliexpress-media.com/kf/Sc8ec410731d14cd1a885d145c01c3a06h.jpeg
pilates bar,3256812912669917,Pilates Bar Kit with Resistance Bands Portable Home Gym Fitness Stick for Full‑Body Workout Yoga Exercise Trai,24.54,30.3,19,,,Free shipping | Extra 2% off with coins,CN,si,https://www.aliexpress.us/item/3256812912669917.html,https://ae-pic-a1.aliexpress-media.com/kf/S0f4fbbf123444485bb94d5bce324cae5L.jpg
pilates bar,3256808366191479,Strength Training Weightlifting Power Barbell Resistance Band Workout Power Lifting Fitness Bar Power Pilates ,67.61,84.51,20,2 sold,,4 × $16.9 with no interest,CN,si,https://www.aliexpress.us/item/3256808366191479.html,https://ae-pic-a1.aliexpress-media.com/kf/S9b7af0f3471b4b4cabae226250730646c.jpg
pilates bar,3256811343100350,Pilates Bar Kit for Men Women Chest Muscle Training for Working Out Portable,16.15,25.63,37,,,,CN,si,https://www.aliexpress.us/item/3256811343100350.html,https://ae-pic-a1.aliexpress-media.com/kf/S55c8ea3e069e47f1a51eff5d1700a1f8e.jpg
pilates bar,3256812136187462,Pilates Yoga Resistance Bands Yoga Sport Resistance Bands Multifunctional High Elastic Fitness Exercise Pilate,3.09,,,4 sold,2.5,Extra 5% off with coins,CN,si,https://www.aliexpress.us/item/3256812136187462.html,https://ae-pic-a1.aliexpress-media.com/kf/S8064943f204d4a01971eb2a5956995226.jpg
pilates bar,3256812610853845,"Multi-functional Pilates Bar with Resistance Bands, Buttock & Leg Shaping Trainer, Home Gym Gear for Men Women",0.99,19.09,94,2 sold,5,New shoppers save $18.1 | Delivery: Oct 05 - 13,CN,si,https://www.aliexpress.us/item/3256812610853845.html,https://ae-pic-a1.aliexpress-media.com/kf/S10a761e306f243dc837b4ffd3bf22439y.jpg
pilates bar,3256813104898943,Portable Yoga Pilates Bar Stick with Resistance Band for Home Gym Fitness Stretching Pilates Sports Equipment,61.61,,,,,Free shipping | 4 × $15.4 with no interest,CN,si,https://www.aliexpress.us/item/3256813104898943.html,https://ae-pic-a1.aliexpress-media.com/kf/S78ffbcd5e3194cefadb89214518a984af.jpg
pilates bar,3256812739086314,China Supplier Wholesale Adjustable Foot Bar Home Gym Exercise Durable Core Bed Wooden Pilates Reformer Machin,2243.16,,,,,,CN,si,https://www.aliexpress.us/item/3256812739086314.html,https://ae-pic-a1.aliexpress-media.com/kf/S8b0032f7bb8c49ab923106b785bea3cfU.jpg
pilates bar,3256812889988119,Pilates 8 Section Style Dance Yoga Stretching Belt Pilates Fitness Tension Digital Elasticity Latin Elastic St,4.78,,,2 sold,,,CN,si,https://www.aliexpress.us/item/3256812889988119.html,https://ae-pic-a1.aliexpress-media.com/kf/Sa4112db8605e4a43b7a465f19cea9878s.jpeg
pilates bar,3256812294716454,Studio Alloy Pilates Reformer Sliding Bar and Foldable Pilates Reformer Tower for Body Building for Gym Use,943.74,,,,,Free shipping | 4 × $235.94 with no interest,CN,si,https://www.aliexpress.us/item/3256812294716454.html,https://ae-pic-a1.aliexpress-media.com/kf/S183d9b66f85e40758e9b7d7097a3c718X.jpg
pilates bar,3256812350357360,YTYIN Commercial Studio Fixed Jumpboard Adjustable Spring Bar Maple Wood Pilates Reformer,1632.67,,,,,Free shipping | Extra 5% off with coins,CN,si,https://www.aliexpress.us/item/3256812350357360.html,https://ae-pic-a1.aliexpress-media.com/kf/Sac9f5bc9114341b99dd21ebbffb5dbb2E.jpg
pilates bar,3256811864170855,Pilates Bar Kit W/ Resistance Bands Multifunctional Pilates Bar Portable Yoga Pilates Stick Home Gym Strength ,43.75,93.08,53,,,4 × $10.94 with no interest | Extra 1% off with coins,CN,si,https://www.aliexpress.us/item/3256811864170855.html,https://ae-pic-a1.aliexpress-media.com/kf/S5690442bf60a498680428b6ae310dd8eE.jpg
pilates bar,3256806175851417,Resistance Elastic Band 175-250LBS Yoga Multi-Purpose Thickened Heavy-Duty Elastic Band Fitness Training Resis,0.33,7.3,95,"1,000+ sold",4.8,Top selling on AliExpress | Delivery: Oct 05 - 13,CN,si,https://www.aliexpress.us/item/3256806175851417.html,https://ae-pic-a1.aliexpress-media.com/kf/Sc14fda2f06e84c10874ca2060e0f70b0R.png
pilates bar,3256812675109675,Portable Pilates Bar Set W/ Resistance Bands Multi Purpose Yoga Stick Home Workout Gear for Shaping Arms Waist,72.31,80.1,9,4 sold,,New shoppers save $7.79 | 4 × $18.08 with no interest,CN,si,https://www.aliexpress.us/item/3256812675109675.html,https://ae-pic-a1.aliexpress-media.com/kf/S141649de231e4804a2229c7a4b827f88c.jpg
pilates bar,3256812911921275,Resistance Band Bar Detachable Portable Adjustable Attachment 39 inch 3 Sections Pilates Bar for Squat Shoulde,16.56,50.73,67,2 sold,,New shoppers save $34.17 | Delivery: Oct 05 - 13,CN,si,https://www.aliexpress.us/item/3256812911921275.html,https://ae-pic-a1.aliexpress-media.com/kf/Sd5475e4ac200428fa1ef83592d580558G.jpg
pilates bar,3256812712384823,Multifunctional Pilates Bar Home Yoga Fitness Resistance Bar Elastic Rope Hip Exercise Training Equipment,2.83,25.19,88,1 sold,,New shoppers save $22.36 | Delivery: Oct 05 - 13,CN,si,https://www.aliexpress.us/item/3256812712384823.html,https://ae-pic-a1.aliexpress-media.com/kf/S580df3e824ed432aa11732d87753471aS.jpg
pilates bar,3256812999599243,Portable Exercise Pilates Bar W/ Resistance Bands Portable Yoga Pilates Stick for Women & Men Home Gym Exercis,66.89,,,,,4 × $16.72 with no interest,CN,si,https://www.aliexpress.us/item/3256812999599243.html,https://ae-pic-a1.aliexpress-media.com/kf/Sb62a0a75a3024bbfaa95fa8d983537b95.jpg
pilates bar,3256812542386000,Adjustable Pilates Bar with Resistance Bands Portable Full-Body Workout Bar for Yoga Strength Training Toning ,3.25,27.68,88,2 sold,,New shoppers save $24.43 | Lowest price in 90 days,CN,si,https://www.aliexpress.us/item/3256812542386000.html,https://ae-pic-a1.aliexpress-media.com/kf/Se011f80bd3504ba2b9986b4cb7b34857A.jpg
pilates bar,3256812463581039,Customized Logo Barbell Bar Silicone Dumbbell Power Ring Yoga Mat Pilates Reformer Home Gym Fitness Set Yoga P,196.3,213.37,8,,,4 × $49.08 with no interest,CN,si,https://www.aliexpress.us/item/3256812463581039.html,https://ae-pic-a1.aliexpress-media.com/kf/Sff1c2eded62c40f9ace6d1859abcc31fR.jpg
pilates bar,3256812095179173,Yoga Stick 2 Pieces Pilates Stretching Pole Adult Hump Corrector Bar for Runners Beginners Professionals Home ,15.46,30.93,50,1 sold,,Extra 1% off with coins,CN,si,https://www.aliexpress.us/item/3256812095179173.html,https://ae-pic-a1.aliexpress-media.com/kf/S60f9aaec2cc844beb5f4ce7f87cc414db.jpg
pilates bar,3256812477828971,"180lbs Resistance Bands with Adjustable Pilates Bar, Portable Home Gym Set for Full Body Strength & Pilates Wo",22.85,65.19,64,8 sold,,New shoppers save $42.34 | Delivery: Oct 05 - 13,CN,si,https://www.aliexpress.us/item/3256812477828971.html,https://ae-pic-a1.aliexpress-media.com/kf/S19b6edd209ca441b98ce3867eb34afd2R.jpg
pilates bar,3256807166570372,"Pilates Stick - Adjustable Fitness Bar for Home Workout, Yoga, Stretching & Toning - Portable Exercise Rod wit",6.79,22.2,69,"2,000+ sold",4.6,Top selling on AliExpress | Delivery: Oct 05 - 13,CN,si,https://www.aliexpress.us/item/3256807166570372.html,https://ae-pic-a1.aliexpress-media.com/kf/S4510a448e17e40e1907e1c672af64b140.jpg
pilates bar,3256812979661426,1 pcs Pilates Wooden Stall Bar Wall Mount Fitness Swedish Ladder,120.64,277.44,56,2 sold,,"New shoppers save $156.8 | Early bird deal, only 4 left",CN,si,https://www.aliexpress.us/item/3256812979661426.html,https://ae-pic-a1.aliexpress-media.com/kf/Sc7f17de61355414099e8da9cff94c926T.png
pilates bar,3256812580572730,Pilates Kit Set Yoga Mat Dumbbells Set Pilates Accessories Customized Ankle Wrist Bangles Barbell Bar Beam Pow,165.52,179.91,8,,,4 × $41.38 with no interest,CN,si,https://www.aliexpress.us/item/3256812580572730.html,https://ae-pic-a1.aliexpress-media.com/kf/S95051515dbc3400ba297b057d1c67bdaI.jpg
pilates bar,3256812483573379,"180lbs Resistance Bands with Adjustable Pilates Bar, Portable Home Gym Set for Full Body Strength & Pilates Wo",23.48,65.14,63,14 sold,4,New shoppers save $41.66 | Delivery: Oct 05 - 13,CN,si,https://www.aliexpress.us/item/3256812483573379.html,https://ae-pic-a1.aliexpress-media.com/kf/S0f25523fd893475a8c165e8e54cf9056l.jpg
pilates bar,3256812587165687,Yoga Mat Dumbbells Set Pilates Accessories Customized Ankle Wrist Bangles Barbell Bar Beam Power Ring Silicone,170.49,185.31,8,1 sold,,4 × $42.62 with no interest,CN,si,https://www.aliexpress.us/item/3256812587165687.html,https://ae-pic-a1.aliexpress-media.com/kf/S201099c1c74f434a97ef1e29eb6ce35fx.jpg
pilates bar,3256809555935406,33cmEVA Hollow Spike Yoga Column Hollow Foam Axis Balance Bar Pilates Yoga Column,4.47,8.59,48,27 sold,5,Extra 2% off with coins,CN,si,https://www.aliexpress.us/item/3256809555935406.html,https://ae-pic-a1.aliexpress-media.com/kf/S0080396741e3480f82f509ca7ddce7beC.jpg
pilates bar,3256812878922434,Factory Customized Logo Barbell Bar Beam Silicone Dumbbell Power Ring Yoga Mat Home Gym Fitness Set Yogaball P,165.52,179.91,8,,,4 × $41.38 with no interest,CN,si,https://www.aliexpress.us/item/3256812878922434.html,https://ae-pic-a1.aliexpress-media.com/kf/S009fc4cf94ff4996a957cd2e35efee42c.jpg
pilates bar,3256812833500998,Floor-standing Pull-up Bar for Home Gyms Multi-functional Training Rack,90.33,100.37,10,,,4 × $22.58 with no interest | Extra 5% off with coins,CN,si,https://www.aliexpress.us/item/3256812833500998.html,https://ae-pic-a1.aliexpress-media.com/kf/Sc9e98b95b01b4e40b3d06a8e8ce5234aF.jpg
pilates bar,3256812374345728,"Push Up Board, Home Gym, Portable Exercise Equipment, Pilates Bar and 20 Fitness Accessories with Resistance B",87.79,548.66,84,,,"Early bird deal, only 1 left | Free shipping",US,si,https://www.aliexpress.us/item/3256812374345728.html,https://ae-pic-a1.aliexpress-media.com/kf/S5415a3fafa954102a5e485aeea2d1bdbl.jpg
pilates bar,3256813053684474,Yoga Bar Fitness Rod Muscle Puller Resistance Exercise Tool for Flexibility Training Yoga Pilates Stretching M,5.59,11.4,51,,,,CN,si,https://www.aliexpress.us/item/3256813053684474.html,https://ae-pic-a1.aliexpress-media.com/kf/S648250c28f5541efb33b16d945d37703c.jpg
pilates bar,3256812304334372,Commercial Studio Pilates 2-in-1 Inside Foot bar Reformer Pilates Tower Wood Pilates Reformer Tower,823.9,,,,,Free shipping | 4 × $205.98 with no interest,CN,si,https://www.aliexpress.us/item/3256812304334372.html,https://ae-pic-a1.aliexpress-media.com/kf/Sec2128402a744d569d52b218872653766.jpeg
pilates bar,3256812308371966,Foldable Multifunctional Maple Pilates Reformer with Abdominal Board & Sliding Bar for Core Training & Body Sc,1195.79,,,,,,CN,si,https://www.aliexpress.us/item/3256812308371966.html,https://ae-pic-a1.aliexpress-media.com/kf/S2279890f2a624c0e90503925d4b0f815y.jpg
pilates bar,3256812169563696,Wood Pull up Bar Wooden Stall Bar Swedish Ladder Suspension Ladder Wood Stall Bar for Gym Pilates Yoga Studio,483.37,,,,,4 × $120.84 with no interest | Extra 5% off with coins,CN,si,https://www.aliexpress.us/item/3256812169563696.html,https://ae-pic-a1.aliexpress-media.com/kf/S13e55b854afa479a914c6f895ac0c201n.jpg
pilates bar,3256812293802946,Body Building Black Frame Pilates Reformer Tower Core Bed Foot bar Moving Alloy Pilates Reformer for Wellness ,988.68,,,,,Free shipping | 4 × $247.17 with no interest,CN,si,https://www.aliexpress.us/item/3256812293802946.html,https://ae-pic-a1.aliexpress-media.com/kf/S66f8b450e2674da0bc1ca14b1cd507603.jpg
pilates bar,3256812923884409,"180lbs Resistance Bands with Adjustable Pilates Bar, Portable Home Gym Set for Full Body Strength & Pilates Wo",19.14,31.37,39,,,Extra 5% off with coins,CN,si,https://www.aliexpress.us/item/3256812923884409.html,https://ae-pic-a1.aliexpress-media.com/kf/S4e17cb42119b48e3a98a9df7762f6ea4o.jpg
pilates bar,3256812978217531,Pooboo Power Tower Pull Up Bar Dip Station for Home Gym 450LBS Adjustable Strength Training Workout Station Pu,300.03,757.48,60,2 sold,,New shoppers save $457.45 | Free shipping,US,si,https://www.aliexpress.us/item/3256812978217531.html,https://ae-pic-a1.aliexpress-media.com/kf/S05e0bf378f224f9f9f2b7add13b902618.jpg
pilates bar,3256812868968064,SIHAO Rotary Hanging Dance Pole Stainless Steel Anti‑Slip Silicone Tube Pole Dancer Fitness Equipment for Home,88.4,369.02,76,1 sold,,"New shoppers save $280.62 | Early bird deal, only 3 left",US,si,https://www.aliexpress.us/item/3256812868968064.html,https://ae-pic-a1.aliexpress-media.com/kf/S1ec011d3b4004ae087785355d480efdd9.jpg
pilates bar,3256812988043479,Wall Mounted Pull Up Bar Wall-Mounted Pull-Up Bar Dip Station Multifunctional for Home Gym Indoor Workout Supp,75.38,274.07,72,4 sold,,Free shipping | 4 × $18.85 with no interest,US,si,https://www.aliexpress.us/item/3256812988043479.html,https://ae-pic-a1.aliexpress-media.com/kf/Sc8abc1c401cb45ce95d42396bfa4e8717.jpg
pilates bar,3256812427304440,"Adjustable Dip Bars with 3 Level Height 32 to 36 inch, 440 lbs Heavy Duty Steel Parallel Push Up Stand, Portab",49.14,196.34,74,5 sold,5,"New shoppers save $147.2 | Early bird deal, only 3 left",US,si,https://www.aliexpress.us/item/3256812427304440.html,https://ae-pic-a1.aliexpress-media.com/kf/S254b13485d0f4ba494ca0dcfbcbe53beg.jpg
pilates bar,3256809184778991,Strength Training Pull-up Bars with Level Gauge 69-92cm Adjustable Width 200kg Max Load Capacity Chin Up Bar F,21.27,91.55,76,500+ sold,4.8,New shoppers save $70.28 | Lowest price in 90 days,US,si,https://www.aliexpress.us/item/3256809184778991.html,https://ae-pic-a1.aliexpress-media.com/kf/S7e81ae57d5424b829716c4acf3c5a74bw.jpg
pilates bar,3256806828135624,Yoga Pilates Resistance Band Fitness Elastic Resistance Bands Training Stretching Pilates Crossfit Workout Gym,0.33,5.15,93,"5,000+ sold",4.9,Delivery: Oct 05 - 13,CN,si,https://www.aliexpress.us/item/3256806828135624.html,https://ae-pic-a1.aliexpress-media.com/kf/S4ca2601f7b9742a99ad5c62f98fc4bb8d.jpg
pilates bar,3256813015441115,"Tacleekii Doorway Pull Up Bar  No Screws Locking Mechanism Level Meter, Anti-Slip, 440lbs Max Load, Sturdy Chi",20,115.79,82,2 sold,,"New shoppers save $95.79 | Early bird deal, only 3 left",US,si,https://www.aliexpress.us/item/3256813015441115.html,https://ae-pic-a1.aliexpress-media.com/kf/S14c6ac6e942243f2bd8d383181fe96dav.jpg
pilates bar,3256812353565128,Workout Resistance Bands Elastic Stretching Strength Training Pull Up Elastic Bands For Exercise For Women Men,0.99,5.75,82,2 sold,4,New shoppers save $4.76 | Delivery: Oct 05 - 13,CN,si,https://www.aliexpress.us/item/3256812353565128.html,https://ae-pic-a1.aliexpress-media.com/kf/S2bee6a00e3bd4e3b950791a1ab6fdd89n.jpg
pilates bar,3256812938181027,"Multifunctional Doorway Pull Up Bar, No‑Screw Chin‑Up Bar, Home Gym Upper Body Workout Equipment, Door Frame P",21.4,89.15,76,,,"Early bird deal, only 1 left | Free shipping",US,si,https://www.aliexpress.us/item/3256812938181027.html,https://ae-pic-a1.aliexpress-media.com/kf/S8b1c0d2daa664650a3d523d4d2cee748P.jpg
pilates bar,3256808746535195,Heavy Duty Latex Resistance Band Exercise Elastic Band For Sport Strength Pull Up Assist Band Workout Pilates ,0.99,5.69,82,31 sold,,New shoppers save $4.7 | Delivery: Oct 05 - 13,CN,si,https://www.aliexpress.us/item/3256808746535195.html,https://ae-pic-a1.aliexpress-media.com/kf/S158abec6bbe146a985674373351fdc90C.jpg
pilates bar,3256811659859356,Strength Training Pull-up Bars with Level Gauge 69-92cm Adjustable Width 200kg Max Load Capacity Chin Up Bar F,22.27,107.36,79,4 sold,,"New shoppers save $85.09 | Early bird deal, only 1 left",US,si,https://www.aliexpress.us/item/3256811659859356.html,https://ae-pic-a1.aliexpress-media.com/kf/Sb19d44bfd627458a858ffe42015bd637M.jpg
pilates bar,3256812896174533,4-15mm Round bar Bending Machine square Wire Stirrup Bending Machine Cheap Price Rebar Steel bar bending machi,1081.3,1126.35,4,4 sold,,Free shipping,CN,si,https://www.aliexpress.us/item/3256812896174533.html,https://ae-pic-a1.aliexpress-media.com/kf/S734a4f5d98ad4f45842e3155e687101af.jpg
pilates bar,3256809462967347,"Multi Functional Tension Rope Fitness Stretcher For Household Abdominal Stretching Training, Pilates Stick Set",17.25,35.94,52,279 sold,4.9,Delivery: Oct 05 - 13 | Extra 2% off with coins,CN,si,https://www.aliexpress.us/item/3256809462967347.html,https://ae-pic-a1.aliexpress-media.com/kf/Sdcd1280b16ee4464bec260bafee5e5a5H.png
pilates stick resistance band,3256810098166038,Portable Yoga Pilates Bar Stick with Resistance Band Home Gym Muscle Toning Bar Fitness Stretching Sports Body,43.06,51.06,15,21 sold,5,New shoppers save $8 | Lowest price in 90 days,CN,si,https://www.aliexpress.us/item/3256810098166038.html,https://ae-pic-a1.aliexpress-media.com/kf/S664b0b34c33e49ad8863ecc05e7c5d46v.jpg
pilates stick resistance band,3256812934867435,Portable Pilates Bar Stick Equip Foot Loop Exercise Resistance Band Fitness,16.87,35.9,53,,,"Early bird deal, only 15 left | Delivery: Oct 05 - 13",CN,si,https://www.aliexpress.us/item/3256812934867435.html,https://ae-pic-a1.aliexpress-media.com/kf/S6431b681a5574c47a340ad27985f7633p.jpg
pilates stick resistance band,3256812912669917,Pilates Bar Kit with Resistance Bands Portable Home Gym Fitness Stick for Full‑Body Workout Yoga Exercise Trai,24.54,30.3,19,,,Free shipping | Extra 2% off with coins,CN,si,https://www.aliexpress.us/item/3256812912669917.html,https://ae-pic-a1.aliexpress-media.com/kf/S0f4fbbf123444485bb94d5bce324cae5L.jpg
pilates stick resistance band,3256806016602374,"Elastic Yoga Stretching Strap with Loops, Stretch Strap for Ballet, Leg, Body, Stretch Band for Yoga, Dance, P",1.09,7.24,85,"1,000+ sold",4.7,New shoppers save $6.15 | Top selling on AliExpress,CN,si,https://www.aliexpress.us/item/3256806016602374.html,https://ae-pic-a1.aliexpress-media.com/kf/S801bf763fab147f48f6d9a9f5c92f2ccg.jpg
pilates stick resistance band,2251832389746211,Pilates Stick Yoga Pilates Bar Barre Basic Kit Exercise Resistance Bands,92.41,181.2,49,28 sold,5,4 × $23.1 with no interest | Extra 2% off with coins,CN,si,https://www.aliexpress.us/item/2251832389746211.html,https://ae-pic-a1.aliexpress-media.com/kf/HTB1bYZRPXXXXXaeXpXXq6xXFXXXF.jpg
pilates stick resistance band,3256812744047139,Yoga Men's and Women's Fitness Enhanced Resistance Band Adjustable Pilates Stick Set,19.81,23.3,15,,,Customizable,CN,si,https://www.aliexpress.us/item/3256812744047139.html,https://ae-pic-a1.aliexpress-media.com/kf/S2790c9b6e09d417d98c2954834b2a29dc.jpg
pilates stick resistance band,3256812888272817,14pcs Pilates Stick with Resistance Band Multifunctional Fitness Pedal Puller Workout Equipment for Yoga Home ,23.25,145.34,84,,,"Early bird deal, only 1 left | Delivery: Oct 03 - 09",US,si,https://www.aliexpress.us/item/3256812888272817.html,https://ae-pic-a1.aliexpress-media.com/kf/S43c2a6f084854e5b93b5b206bcbb72ebS.jpg
pilates stick resistance band,3256812525289414,"5 Levels Yoga Fitness Tensioner Resistance Band With Handles, Elastic TPE Straight Bar Yoga Pull Rope Fitness ",1.09,7.85,86,149 sold,5,New shoppers save $6.76 | Top selling on AliExpress,CN,si,https://www.aliexpress.us/item/3256812525289414.html,https://ae-pic-a1.aliexpress-media.com/kf/Se33df9099e20455fb9318b72185f5f26d.jpg
pilates stick resistance band,3256812875325060,"Pilates Yoga Elastic Resistance Bands, Exercise Stretch Flex Band For Booty Legs Workout",15.68,60.33,74,,,"Early bird deal, only 1 left | Delivery: Oct 03 - 09",US,si,https://www.aliexpress.us/item/3256812875325060.html,https://ae-pic-a1.aliexpress-media.com/kf/S55bc311ba412486d8d0e141f537d896eN.jpg
pilates stick resistance band,3256811494764260,"5PCS TPE Resistance Bands, Loop Bands Set for Glute Building & Yoga, 5 Different Levels, Soft & Elastic Fitnes",1.09,3.45,68,"4,000+ sold",4.9,New shoppers save $2.36 | Delivery: Oct 03 - 09,US,si,https://www.aliexpress.us/item/3256811494764260.html,https://ae-pic-a1.aliexpress-media.com/kf/S5b8a3b740258424c9b63691e3b06f0c94.jpg
pilates stick resistance band,3256812365254163,"Multi-Function Resistance Band Set, 4 Tubes for Intense Workout, NBR Handles for Comfort, Office/Living Room/B",3.3,18.35,82,32 sold,5,"Early bird deal, only 3 left | Delivery: Oct 03 - 09",US,si,https://www.aliexpress.us/item/3256812365254163.html,https://ae-pic-a1.aliexpress-media.com/kf/S884905b2267a4bafb5d1971b7fa43c5ea.jpg
pilates stick resistance band,3256807146971896,"3pcs/set, Yoga Tension Belt, Elastic Fitness Resistance Band For Men Women, Yoga Stretch Belt For Strength Tra",,,,"1,000+ sold",4.7,,,,https://www.aliexpress.us/item/3256807146971896.html,https://ae-pic-a1.aliexpress-media.com/kf/S6a2fea9ff8de4f30b5b7aa05dae356e1f.jpg
pilates stick resistance band,3256806810742847,8 Section Style Dance Resistance Band Yoga Stretching Pilates Fitness Digital Elasticity Elastic Stretch Train,1.09,7.09,84,"10,000+ sold",4.9,New shoppers save $6 | Lowest price in 90 days,CN,si,https://www.aliexpress.us/item/3256806810742847.html,https://ae-pic-a1.aliexpress-media.com/kf/Sdcb04f7a078f4b548b24231f758865f84.jpg
pilates stick resistance band,3256812791624971,Heavy Duty Resistance Band Latex Elastic Belt Pull Up Assist for Pilates Workout Fitness Home Gym Shape Body E,2.37,4.73,50,"5,000+ sold",4.9,Delivery: Oct 05 - 13 | Extra 2% off with coins,CN,si,https://www.aliexpress.us/item/3256812791624971.html,https://ae-pic-a1.aliexpress-media.com/kf/Se294763e5dd44968b7981b9411c2dc6bG.jpg
pilates stick resistance band,3256806828135624,Yoga Pilates Resistance Band Fitness Elastic Resistance Bands Training Stretching Pilates Crossfit Workout Gym,0.33,5.15,93,"5,000+ sold",4.9,Delivery: Oct 05 - 13,CN,si,https://www.aliexpress.us/item/3256806828135624.html,https://ae-pic-a1.aliexpress-media.com/kf/S4ca2601f7b9742a99ad5c62f98fc4bb8d.jpg
pilates stick resistance band,3256811357443144,Different Resistance Bands Yoga Band Fitness Exercise Training Hip Tension Band Leg Squat Dance Elastic Loop S,1.09,4.25,74,316 sold,4.5,New shoppers save $3.16 | Lowest price in 90 days,CN,si,https://www.aliexpress.us/item/3256811357443144.html,https://ae-pic-a1.aliexpress-media.com/kf/Sc4100b820a4f4926a487daa01021544fo.jpg
pilates stick resistance band,3256812626943698,"4 Tubes Pedal Resistance Bands, Heavy Duty Leg Hip Booty Trainer, Portable Home Gym Pilates Fitness Equipment ",8.54,21.91,61,4 sold,,"Early bird deal, only 2 left | Delivery: Oct 03 - 09",US,si,https://www.aliexpress.us/item/3256812626943698.html,https://ae-pic-a1.aliexpress-media.com/kf/Sae472ea807df44d29abe5b64bc365569H.jpg
pilates stick resistance band,3256808061830345,8-Shaped Elastic Resistance Band Non-Slip Durable for Home Gym Yoga Pilates Sports Workout Exercise Stretching,0.33,4.24,92,"10,000+ sold",4.9,Delivery: Oct 05 - 13,CN,si,https://www.aliexpress.us/item/3256808061830345.html,https://ae-pic-a1.aliexpress-media.com/kf/Sad5d216930af4251a12c625b49ae4217y.jpg
pilates stick resistance band,3256809691781112,6-Tube Fitness Pedal Resistance Band with LED Display Yoga Strap Pedal Puller sit-ups Tension Rope Elastic Wor,1.09,21.03,94,45 sold,4.1,New shoppers save $19.94 | Lowest price in 90 days,CN,si,https://www.aliexpress.us/item/3256809691781112.html,https://ae-pic-a1.aliexpress-media.com/kf/S708518b4eb284ff8b4ec8de879dbcac5T.jpg
pilates stick resistance band,3256809044227358,4pcs Latex TPE Resistance Band Yoga Fitness Tension Band Pull Up Training Elastic Band Weight-Bearing Resistan,14.13,29.44,52,204 sold,4.8,Delivery: Oct 05 - 13 | Extra 1% off with coins,CN,si,https://www.aliexpress.us/item/3256809044227358.html,https://ae-pic-a1.aliexpress-media.com/kf/S8f1f022904964a44bcb68b7fa2bc8390p.jpg
pilates stick resistance band,3256809531604153,"Two-Color Yoga Stretching Belt, Adjustable Sports Resistance Band with D-Shaped Buckle, Suitable for Flexibili",1.09,9.87,88,116 sold,5,"$1.04 each, ≥ 2 pieces | New shoppers save $8.78",CN,si,https://www.aliexpress.us/item/3256809531604153.html,https://ae-pic-a1.aliexpress-media.com/kf/S995ac21aa1d1454e92b72e031bbf8b2f2.jpg
pilates stick resistance band,3256810592429270,"Total Body Workout Bands Set, 5 Loop Resistance Bands for Legs, Arms, Yoga, Home Gym, Valentine's Day Gift for",1.73,3.3,47,5 sold,,Delivery: Oct 03 - 09 | Free shipping,US,si,https://www.aliexpress.us/item/3256810592429270.html,https://ae-pic-a1.aliexpress-media.com/kf/S301c0ffd721840b899dacfe7f57f432ah.jpg
pilates stick resistance band,3256807159187486,Yoga Pilates Portable Resistance Band Long Training Stretch Bands For Physical Therapy Lower Body Home Strengt,2.51,5.23,52,"5,000+ sold",4.9,Delivery: Oct 05 - 13 | Extra 2% off with coins,CN,si,https://www.aliexpress.us/item/3256807159187486.html,https://ae-pic-a1.aliexpress-media.com/kf/Sdde2b118a7e84f899e9645abe312714do.png
pilates stick resistance band,3256812944361224,Basic Fabric Resistance Hip Booty Bands Glute Squat Circle Stretch Fitness Strips Loops Yoga Gym Equipment,1.09,3.95,72,1 sold,,New shoppers save $2.86,CN,si,https://www.aliexpress.us/item/3256812944361224.html,https://ae-pic-a1.aliexpress-media.com/kf/S2c2a339db61b4a0fa11f8330ea544961j.png
pilates stick resistance band,3256812407370033,Numbered Resistance Bands Elastic Yoga Strap Multi Loop Stretch Band with Guide for Yoga Pilates Pull-Up Home ,1.09,10.39,89,3 sold,5,New shoppers save $9.3 | Delivery: Oct 05 - 13,CN,si,https://www.aliexpress.us/item/3256812407370033.html,https://ae-pic-a1.aliexpress-media.com/kf/S15536f25ed0142b1b09bfc5c67366ff2z.jpg
pilates stick resistance band,3256812483480784,4-Tube Elastic Pull Rope Yoga Pedal Resistance Bands Durable Fitness Gear for Yoga Beginners Home  Workout,1.09,11.09,90,2 sold,,New shoppers save $10 | Delivery: Oct 05 - 13,CN,si,https://www.aliexpress.us/item/3256812483480784.html,https://ae-pic-a1.aliexpress-media.com/kf/S5a9c59dd452d4bafaa8c781df4280350G.jpg
pilates stick resistance band,3256809195918441,"5 Levels TPE Resistance Bands Set – Fitness Exercise Bands for Home Workout, Yoga, Pilates, Physical Therapy, ",1.09,16.03,93,29 sold,4.4,New shoppers save $14.94 | Lowest price in 90 days,CN,si,https://www.aliexpress.us/item/3256809195918441.html,https://ae-pic-a1.aliexpress-media.com/kf/S8ef1ea2150124c5aa58b7b036a94611cH.jpg
pilates stick resistance band,3256806175851417,175-250LBS Yoga Multi-Purpose Thickened Heavy-Duty Elastic Band Fitness Training Resistance Stretching Band Th,0.33,7.3,95,"1,000+ sold",4.8,Top selling on AliExpress | Delivery: Oct 05 - 13,CN,si,https://www.aliexpress.us/item/3256806175851417.html,https://ae-pic-a1.aliexpress-media.com/kf/Sc14fda2f06e84c10874ca2060e0f70b0R.png
pilates stick resistance band,3256812868448966,[J] 2Pcs 8-shaped Fitness Resistance Band Sports Workout Elastic Band Home Rubber Pull Rope Yoga Training Exer,1.09,10.32,89,1 sold,,New shoppers save $9.23 | Delivery: Oct 05 - 13,CN,si,https://www.aliexpress.us/item/3256812868448966.html,https://ae-pic-a1.aliexpress-media.com/kf/Sf0213973e09a4d37b128f67a33c46c1fL.jpg
pilates stick resistance band,3256812255275993,Multi-Use Stackable Heavy Tension TPE Resistance Band Set - Anti-Snap for Home Gym Muscle Strength & Body Stre,18.19,54.55,66,3 sold,,New shoppers save $36.36 | Delivery: Oct 05 - 13,CN,si,https://www.aliexpress.us/item/3256812255275993.html,https://ae-pic-a1.aliexpress-media.com/kf/S15bee9ecc7de40c085ba820a64df1538Y.png
pilates stick resistance band,3256807016668944,AOLIKES 3PCS Long Resistance Bands Set Yoga Pull Up Booty Hip Workout Loop Elastic Band Gym Training Exercis E,1.09,32.86,96,9 sold,4,New shoppers save $31.77 | Delivery: Oct 05 - 13,CN,si,https://www.aliexpress.us/item/3256807016668944.html,https://ae-pic-a1.aliexpress-media.com/kf/S4a9e453366a94881b493bef7254458932.jpg
pilates stick resistance band,3256812889988119,8 Section Style Dance Yoga Stretching Belt Pilates Fitness Tension Digital Elasticity Latin Elastic Stretch Re,4.78,,,2 sold,,,CN,si,https://www.aliexpress.us/item/3256812889988119.html,https://ae-pic-a1.aliexpress-media.com/kf/Sa4112db8605e4a43b7a465f19cea9878s.jpeg
pilates stick resistance band,3256809367542719,8/10 Sections Dance Resistance Band Yoga Stretching Pilates Fitness Digital Elasticity Elastic Stretch Trainin,,,,"3,000+ sold",4.7,,,,https://www.aliexpress.us/item/3256809367542719.html,https://ae-pic-a1.aliexpress-media.com/kf/Sdd798e4112bc4efe95a73232b9266b22s.jpg
pilates stick resistance band,3256812230564921,5 Levels Gradient Resistance Band Silicone Elastic Band Fitness Bicep Squat Exercise Stretching Band Yoga Pull,1.09,6.65,83,15 sold,5,New shoppers save $5.56,CN,si,https://www.aliexpress.us/item/3256812230564921.html,https://ae-pic-a1.aliexpress-media.com/kf/S5c2f7e14f38845fdb052ac84a72842f6t.jpg
pilates stick resistance band,3256812087199463,Multifunctional Pilates Bar Combination Fitness Bar Yoga Chest Expansion Tension Rope Back Trainer Elastic Rop,1.09,17.6,93,42 sold,5,New shoppers save $16.51 | Lowest price in 90 days,CN,si,https://www.aliexpress.us/item/3256812087199463.html,https://ae-pic-a1.aliexpress-media.com/kf/Sd2fe8cfdbab041c9942830c3cc0998d5R.jpeg
pilates stick resistance band,3256811754873752,Foot Pedal Resistance Band for Home Yoga & Fitness Full Body Slimming Waist Leg Arm Training Tool,1.09,5.99,81,"10,000+ sold",4.9,New shoppers save $4.9 | Lowest price in 90 days,US,si,https://www.aliexpress.us/item/3256811754873752.html,https://ae-pic-a1.aliexpress-media.com/kf/Sc461580696ed47afafad684d91928886b.jpg
pilates stick resistance band,3256807191407193,Yoga elastic band fitness women's hip lifting resistance band men's strength training stretching products auxi,1.09,12.07,90,9 sold,1,"$1.04 each, ≥ 2 pieces | New shoppers save $10.98",CN,si,https://www.aliexpress.us/item/3256807191407193.html,https://ae-pic-a1.aliexpress-media.com/kf/S822ea4112fa341019b9e53baa4519e1eH.jpeg
pilates stick resistance band,3256808061802506,"Long Resistance Band for Men Women, Fitness Pilates Stretch Band Resistance Band",8.19,17.07,52,"1,000+ sold",4.9,Delivery: Oct 05 - 13 | Extra 2% off with coins,CN,si,https://www.aliexpress.us/item/3256808061802506.html,https://ae-pic-a1.aliexpress-media.com/kf/Sbf6698fb49dd4f39a7fc868abb843ff9b.jpg
pilates stick resistance band,3256812433042544,Pilates Yoga Resistance Band for Women Elastic Stretch Bands Portable Fitness Core Strength Toning Flexibility,1.09,6.08,82,2 sold,,New shoppers save $4.99,CN,si,https://www.aliexpress.us/item/3256812433042544.html,https://ae-pic-a1.aliexpress-media.com/kf/S8dc088b8b9cf48ee90f49525525ab51eC.jpg
pilates stick resistance band,3256812907808017,4-Tube Tensioner Multi-Functional Household Fitness Yoga Abdominal Strengthening Elastic Band Tension Rope Sit,8.29,,,5 sold,,,CN,si,https://www.aliexpress.us/item/3256812907808017.html,https://ae-pic-a1.aliexpress-media.com/kf/S218327218022475fad432b0fe09ecddd8.jpeg
pilates stick resistance band,3256812544888150,"1/2pc  8-Shaped Silicone Yoga Resistance Band - Universal Elastic Fitness Stretching Rope for Back, Waist, Arm",1.09,6.79,83,1 sold,,New shoppers save $5.7 | Lowest price in 90 days,CN,si,https://www.aliexpress.us/item/3256812544888150.html,https://ae-pic-a1.aliexpress-media.com/kf/S17a9f7692f3548a5a0b30885150a3adfN.jpg
pilates stick resistance band,3256812687182635,"8-Shaped Resistance Band with Handle, Elastic Yoga Resistance Band, Chest Expansion Band, Suitable for Arm and",1.09,9.4,88,2 sold,,New shoppers save $8.31 | Delivery: Oct 05 - 13,CN,si,https://www.aliexpress.us/item/3256812687182635.html,https://ae-pic-a1.aliexpress-media.com/kf/S5aff319be11d4b44a24fa25035e484189.jpg
pilates stick resistance band,3256812160524236,1PC Resistance Bands Yoga Resistance Band Stretch Fitness Band Pull Rope Chest Arm and Shoulder Stretch Bands ,1.09,14.15,92,1 sold,,New shoppers save $13.06 | Delivery: Oct 05 - 13,CN,si,https://www.aliexpress.us/item/3256812160524236.html,https://ae-pic-a1.aliexpress-media.com/kf/S9ba4ac24078045ef9cd44efff8ecb5b3n.jpg
pilates stick resistance band,3256812999083819,Yoga Stick Adjustable Exercise Stick with Non-Slip Handle Stretch Stick Mobility Stick for Mobility Flexibilit,21.89,35.31,38,1 sold,,Extra 6% off with coins,CN,si,https://www.aliexpress.us/item/3256812999083819.html,https://ae-pic-a1.aliexpress-media.com/kf/Sc94dde69c9dc42fc93a69a17d5e140f4e.jpg
pilates stick resistance band,3256810471671901,20-90LB Resistance Bands for Legs and Butt Hip Glute Thigh Booty Elastic Workout Fitness Strips Loops Yoga Gym,1.09,9.71,88,18 sold,5,New shoppers save $8.62 | Lowest price in 90 days,CN,si,https://www.aliexpress.us/item/3256810471671901.html,https://ae-pic-a1.aliexpress-media.com/kf/S237fbdf3d1054d398e1cf2ca48dac28dr.jpg
pilates stick resistance band,3256809768059087,New 6-Tube Resistance Bands Set with Foam Sport At Home Yoga Elastic Band Shoulder Opening TPE Yoga Pedal Pull,2.33,12.24,80,269 sold,4.6,Delivery: Oct 05 - 13,CN,si,https://www.aliexpress.us/item/3256809768059087.html,https://ae-pic-a1.aliexpress-media.com/kf/S268d5183a2254522a90a2f357d2f7728z.jpg
pilates stick resistance band,3256809356047405,8 Section Style Dance Yoga Stretching Belt Pilates Fitness Tension Digital Elasticity Latin Elastic Stretch Re,1.33,7.62,82,"1,000+ sold",4.8,Delivery: Oct 05 - 13,CN,si,https://www.aliexpress.us/item/3256809356047405.html,https://ae-pic-a1.aliexpress-media.com/kf/Sf85e66c21ac6479382cf757cc9b015b67.png
pilates stick resistance band,3256812646452841,"1PCS Yoga Prayut Rod with Resistance Belt, Muscle Shaping Fitness Stretching Exercise",17.64,,,,,,CN,si,https://www.aliexpress.us/item/3256812646452841.html,https://ae-pic-a1.aliexpress-media.com/kf/S1a98fbd7e3474f269a7f524c94cec430o.jpg
pilates stick resistance band,3256812478848703,New 6-Tube Resistance Bands Set with Foam Sport At Home Yoga Elastic Band TPE Shoulder Opening Yoga Pedal Pull,1.09,14.15,92,7 sold,,New shoppers save $13.06 | Delivery: Oct 05 - 13,CN,si,https://www.aliexpress.us/item/3256812478848703.html,https://ae-pic-a1.aliexpress-media.com/kf/S3cea2fe19fbb481196b8fb2df2a39633P.jpg
pilates stick resistance band,3256811877556357,"Elastic Yoga Stretching Strap with Loops, Stretch Strap for Ballet Leg Body Stretch Band for Yoga Dance Pilate",1.09,7.51,85,1 sold,,New shoppers save $6.42 | Delivery: Oct 05 - 13,CN,si,https://www.aliexpress.us/item/3256811877556357.html,https://ae-pic-a1.aliexpress-media.com/kf/Sc41346e6b8214b64972f622aaf2e1ad3u.jpg
pilates stick resistance band,3256809979832534,​​1pc Stackable Heavy Tension TPE Resistance Band Set - Anti-Snap for Home Gym Muscle Strength & Body Stretchi,2.79,6.21,55,"5,000+ sold",4.7,Top selling on AliExpress | Delivery: Oct 05 - 13,CN,si,https://www.aliexpress.us/item/3256809979832534.html,https://ae-pic-a1.aliexpress-media.com/kf/S733beb9bf5bc4f6d947b86dc7f434ce2Q.jpg
pilates stick resistance band,3256812723985128,3PCS Fabric Resistance Bands Set Non Slip Hip Bands Light Medium Heavy for Legs Glutes Workout Yoga Fitness Tr,32.14,,,,,Free shipping | 4 × $8.04 with no interest,CN,si,https://www.aliexpress.us/item/3256812723985128.html,https://ae-pic-a1.aliexpress-media.com/kf/S4ad86758ce5f40b2bfbc128941a13224w.jpg
pilates stick resistance band,3256810432220020,"1/5 high-quality elastic resistance bands, suitable for yoga, Pilates, and home workouts - easily enhancing an",1.09,5.23,79,14 sold,4,New shoppers save $4.14 | Lowest price in 90 days,CN,si,https://www.aliexpress.us/item/3256810432220020.html,https://ae-pic-a1.aliexpress-media.com/kf/Se4af5a0646a049e9b8595694b69264d1d.jpg
pilates stick resistance band,3256812570917759,1PC 5~85lbs Elastic Belt Pull-Up Auxiliary Men's And Women's Gym Pilates Exercise Equipment Rubber Fitness Res,1.09,7.82,86,1 sold,5,New shoppers save $6.73 | Delivery: Oct 05 - 13,CN,si,https://www.aliexpress.us/item/3256812570917759.html,https://ae-pic-a1.aliexpress-media.com/kf/S3ae715a7ae3d46829608ab8a712c1cf8l.jpg
pilates stick resistance band,3256807282955676,"10 Loops Non-Elastic Yoga Stretching Strap Stretch Band With Workout Guide For Physical Therapy, Pilates, Exer",1.09,9.32,88,9 sold,,New shoppers save $8.23 | Lowest price in 90 days,CN,si,https://www.aliexpress.us/item/3256807282955676.html,https://ae-pic-a1.aliexpress-media.com/kf/Se89c44ff953b4f9fbb135d4a476d79580.jpg
pilates stick resistance band,3256812863937653,Portable Non-Slip Pilates Reformer Strap Adjustable Durable Pilates Straps Versatile Leg Strap Gym,6.28,10.13,38,1 sold,,Extra 6% off with coins,CN,si,https://www.aliexpress.us/item/3256812863937653.html,https://ae-pic-a1.aliexpress-media.com/kf/S49abc3432e9a47d6b3312705d7bebb79d.jpg
pilates stick resistance band,3256812709016359,Silicone Figure 8 Resistance Bands Various Tension Levels For Yoga Home Training Back Shoulder Shaping【SMQ】,1.09,10.96,90,2 sold,,New shoppers save $9.87 | Delivery: Oct 05 - 13,CN,si,https://www.aliexpress.us/item/3256812709016359.html,https://ae-pic-a1.aliexpress-media.com/kf/S750d5469a0424c7998dc847da61d8b17c.jpg
pilates stick resistance band,3256812867782954,7 Levels Heavy-Duty Resistance Band Agility Training Workout Gym Equipment Yoga Pilates Accessories Rubber Ban,1.09,5.78,81,5 sold,,New shoppers save $4.69 | Delivery: Oct 05 - 13,CN,si,https://www.aliexpress.us/item/3256812867782954.html,https://ae-pic-a1.aliexpress-media.com/kf/Sa00df21ce50448799476756f50cb1213i.jpg
pilates stick resistance band,3256807623665093,Yoga Stretching Belt Dance Stretching Band Elastic Yoga Resistance Bands Home Pilates Exercise Pull Strap Belt,,,,"3,000+ sold",4.8,,,,https://www.aliexpress.us/item/3256807623665093.html,https://ae-pic-a1.aliexpress-media.com/kf/Sb4bcd040ad4a44c780c69350f80ff40fP.jpg
pilates stick resistance band,3256812770826012,4/6-Tube Tensioner Multi-Functional Household Fitness Yoga Abdominal Strengthening Elastic Band Tension Rope S,2.92,4.71,38,3 sold,,Extra 6% off with coins,CN,si,https://www.aliexpress.us/item/3256812770826012.html,https://ae-pic-a1.aliexpress-media.com/kf/S31702dffc3624c288f94b7ccd5521de6v.jpg
