consulta,id,titulo,precio,tachado,dto_%,vendidos,estrellas,envio_etiquetas,sale_desde,precio_nuevo_usuario,url,imagen
grout pen,3256808061777746,Waterproof Tile Marker Grout Pen for Floor And Wall Seam Repair Black White Gold Silver Beige - Kitchen Bathro,1.91,3.82,50,"50,000+ sold",4.9,Delivery: Oct 05 - 13 | Extra 2% off with coins,CN,si,https://www.aliexpress.us/item/3256808061777746.html,https://ae-pic-a1.aliexpress-media.com/kf/S38b12126adf34223b35df9da60b374ecF.jpg
grout pen,3256807911692278,3 Packs Tile Grout Paint Pen Waterproof Mildew Proof White Tile Paint Marker Tile Repair Beauty Pen for Walls ,3.53,7.36,52,"2,000+ sold",4.9,Lowest price in 90 days | Extra 2% off with coins,CN,si,https://www.aliexpress.us/item/3256807911692278.html,https://ae-pic-a1.aliexpress-media.com/kf/Sc99875feebef447db17e8ae01e99e74bg.jpg
grout pen,3256806811108291,Mold-Resistant Waterproof Ceramic Tile Grout Marker Pen for Kitchen & Bathroom Wall And Floor Repair,1.09,4.49,75,"10,000+ sold",4.9,New shoppers save $3.4 | Lowest price in 90 days,CN,si,https://www.aliexpress.us/item/3256806811108291.html,https://ae-pic-a1.aliexpress-media.com/kf/S2ad6fbc034a94a4f9c4cda34b69b6392Z.jpg
grout pen,3256806451318248,1/3 Pcs Waterproof White Marker Pen Wall Seam Repair Tiles Grout Markers Pens Floor Bathroom Decontamination P,,,,"10,000+ sold",4.5,,,,https://www.aliexpress.us/item/3256806451318248.html,https://ae-pic-a1.aliexpress-media.com/kf/Sadc8af097c4b43c39400d8278439ac42o.jpg
grout pen,3256812621469076,Tile Reform Grout Repair Pen Waterproof Tile Gap Filler Mildew Resistant Refinisher for Bathroom Kitchen Floor,1.33,10.47,87,"2,000+ sold",4.9,Delivery: Oct 05 - 13,CN,si,https://www.aliexpress.us/item/3256812621469076.html,https://ae-pic-a1.aliexpress-media.com/kf/S3240fba7b1b749ebb6ef176d199eaa33Z.jpg
grout pen,3256809443907803,1pcs Tile Grout Pen Waterproof Tile Marker Grout Pen Seam Filler Repair White Caulk Bathroom Porcelain Mouldpr,1.09,5.9,81,21 sold,5,New shoppers save $4.81 | Lowest price in 90 days,CN,si,https://www.aliexpress.us/item/3256809443907803.html,https://ae-pic-a1.aliexpress-media.com/kf/S599abc6996664485b3fe19a6a1cedf5fn.jpg
grout pen,3256810229025365,3pcs-Waterproof Marker Pen Wall Seam Repair Tiles Grout Markers Pens Floor Bathroom Decontamination Paint Brus,1.09,10.74,89,23 sold,5,New shoppers save $9.65 | Extra 1% off with coins,CN,si,https://www.aliexpress.us/item/3256810229025365.html,https://ae-pic-a1.aliexpress-media.com/kf/S7d978309b7bb46c09e1a1a890c5dfe009.jpg
grout pen,3256807359989119,1-10Pcs 10 Colors Waterproof Tile Floor Marker Pen Wall Grout Pen for Kitchen Bathroom Ceramic Seam Paint Gap ,1.09,3,63,"1,000+ sold",4.6,New shoppers save $1.91 | Top selling on AliExpress,CN,si,https://www.aliexpress.us/item/3256807359989119.html,https://ae-pic-a1.aliexpress-media.com/kf/S969238326a5848f3877f7ee80f6f94b1O.jpg
grout pen,3256812620726679,Tile Grout Line Repair Marker Waterproof Anti Mold Fast Drying Grout Restorer Pen for Kitchen Bathroom Floor W,3.7,7.41,50,,,Extra 1% off with coins,CN,si,https://www.aliexpress.us/item/3256812620726679.html,https://ae-pic-a1.aliexpress-media.com/kf/S7f61aed493d644298306cea6fabb0ffdL.png
grout pen,3256812731764575,Tile Grout Repair Pen Waterproof Moldproof Grout Restorer for Kitchen Bathroom Floor Wall Tile Gap Filler Seal,6.67,13.6,51,,,Extra 1% off with coins,CN,si,https://www.aliexpress.us/item/3256812731764575.html,https://ae-pic-a1.aliexpress-media.com/kf/S9d6354a2fea148f6a453c6bd31cf490aD.png
grout pen,3256812647586439,"Quick Grout Refresher Pen, 150ml Bathroom Kitchen Tile Gap Whitener, Waterproof Mold Proof Tile Sealer Pen, Re",1.69,13.94,87,1 sold,,New shoppers save $12.25 | Extra 1% off with coins,CN,si,https://www.aliexpress.us/item/3256812647586439.html,https://ae-pic-a1.aliexpress-media.com/kf/S2f926e35062e4a6089d45e6df0104917l.png
grout pen,3256806691447992,3PCS Tile Marker Tile Grout Repair Tile Grout RepairTiles Marker Joint Feeding Pen Tiles Paint Pen Erasable Wh,1.09,4.07,73,"2,000+ sold",4.5,New shoppers save $2.98 | Top selling on AliExpress,CN,si,https://www.aliexpress.us/item/3256806691447992.html,https://ae-pic-a1.aliexpress-media.com/kf/Scf9f35178a344f419df90b9820ac04b4B.jpg
grout pen,3256812753445485,1 Pcs 3 Colors Waterproof Tile Floor Marker Pen Wall Grout Pen For Kitchen Bathroom Ceramic Seam Paint Gap Rep,3.66,7.47,51,,,Extra 1% off with coins,CN,si,https://www.aliexpress.us/item/3256812753445485.html,https://ae-pic-a1.aliexpress-media.com/kf/S367bcdffd9be4dd88eb0d70d7aacb637G.jpg
grout pen,3256809903790121,1/3 PCS DIY Grout Pen Quick Dry Home Repair Tool for Bathroom Kitchen Tiles Whitening Grout Marker to Revive O,,,,"1,000+ sold",4.5,,,,https://www.aliexpress.us/item/3256809903790121.html,https://ae-pic-a1.aliexpress-media.com/kf/S67980eb41aa945a0a5140bb9e1e9278aA.jpg
grout pen,3256812621163050,Tile Gap Touch Up Grout Pen Quick Precise Application Waterproof Anti Mould Grout Restorer for Kitchen Bathroo,1.09,7,84,1 sold,,New shoppers save $5.91 | Extra 1% off with coins,CN,si,https://www.aliexpress.us/item/3256812621163050.html,https://ae-pic-a1.aliexpress-media.com/kf/Sda63931644a34c6984747e3b197108d3B.png
grout pen,3256808032065947,10 Colors  Waterproof Tile Marker Grout Pen Wall Seam Pen for Kitchen Bathroom Ceramic Seam Paint Gap Decontam,1.09,2.97,63,112 sold,5,New shoppers save $1.88 | Lowest price in 90 days,CN,si,https://www.aliexpress.us/item/3256808032065947.html,https://ae-pic-a1.aliexpress-media.com/kf/S913a827d94aa4412afd2d9d22c813239t.jpg
grout pen,3256811910753610,Tile Grout Pen Waterproof Marker Wall Seam Color Pen For Tiles Floor Bathroom Decontamination Seam Repair Clea,2.28,4.56,50,,,Delivery: Oct 05 - 13 | Extra 1% off with coins,CN,si,https://www.aliexpress.us/item/3256811910753610.html,https://ae-pic-a1.aliexpress-media.com/kf/Sef3cdeb34f2541c19ad79394b61b48509.jpg
grout pen,3256807376037981,Art Supplies Grouting Painting Tile Pen Repair Drawing Brush Waterproof Color Decontamination Marker Bathroom ,1.09,10.76,89,1 sold,,New shoppers save $9.67 | Lowest price in 90 days,CN,si,https://www.aliexpress.us/item/3256807376037981.html,https://ae-pic-a1.aliexpress-media.com/kf/S29793affe35843ff9cde0e78f2e06458Z.jpg
grout pen,3256808409599984,8color Waterproof Tile Marker Grout Pen Wall Seam Pen White Black Grey For Tiles Floor Bathroom Decontaminatio,1.09,5.99,81,"1,000+ sold",4.6,New shoppers save $4.9 | Top selling on AliExpress,CN,si,https://www.aliexpress.us/item/3256808409599984.html,https://ae-pic-a1.aliexpress-media.com/kf/S44577edfcf1d48528a56f96e076550d4g.jpg
grout pen,3256807456628857,10 Colors 1/2/4/10Pcs Floor Tile Marker Pen Wall Grout Pen Waterproof for Ceramic Kitchen Bathroom Seam Paint ,1.09,2.27,52,139 sold,4.5,New shoppers save $1.18 | Lowest price in 90 days,CN,si,https://www.aliexpress.us/item/3256807456628857.html,https://ae-pic-a1.aliexpress-media.com/kf/S336ac9fbe69b4d00a252247811c5b06bd.jpg
grout pen,3256812627943908,Waterproof Anti Mold Grout Repair Marker 20G Fast Drying Tile Line Refresher Pen for Bathroom Kitchen Wall Flo,1.09,7.63,85,3 sold,,New shoppers save $6.54 | Extra 1% off with coins,CN,si,https://www.aliexpress.us/item/3256812627943908.html,https://ae-pic-a1.aliexpress-media.com/kf/S56d377b33a7544f49d48ad4876e1ad47F.png
grout pen,3256807113575770,"12pcs Grout Pen White Tile Paint Marker: Waterproof Grout Paint, Tile Grout Colorant and Sealer Pen - Beige, N",4.86,29.01,83,500+ sold,4.7,New shoppers save $24.15 | Lowest price in 90 days,CN,si,https://www.aliexpress.us/item/3256807113575770.html,https://ae-pic-a1.aliexpress-media.com/kf/Sa8649cc5aef04ca0bc2dbf0dbbd59bcak.jpg
grout pen,3256806892912791,Waterproof Floor Wall Tile Marker Pen Grout Restorer Gap Repair for Bathroom Ceramic Seam Paint Filling Constr,1.09,2.37,54,401 sold,4.7,New shoppers save $1.28,CN,si,https://www.aliexpress.us/item/3256806892912791.html,https://ae-pic-a1.aliexpress-media.com/kf/S9afc1a1fd41d47e1b59913bc6c929efcM.jpg
grout pen,3256807402517147,Crafts Painting Grout Art Supplies Wall Pen Waterproof Drawing Bathroom Paint Markers Accessories Pens Decorat,,,,"1,000+ sold",4.4,,,,https://www.aliexpress.us/item/3256807402517147.html,https://ae-pic-a1.aliexpress-media.com/kf/S1da84e018db943feb2241d3eacf1e0dcf.jpg
grout pen,3256812117255435,"2/4/6/8/10/12Pcs Grout Pen White Tile Paint Marker: Waterproof Grout Paint, Tile Grout Colorant And Sealer Pen",1.09,6.8,83,71 sold,4.3,New shoppers save $5.71 | Extra 1% off with coins,CN,si,https://www.aliexpress.us/item/3256812117255435.html,https://ae-pic-a1.aliexpress-media.com/kf/S3139f74a16024e70a9f66d9960a3604cb.jpg
grout pen,3256812614536495,Tile Gap Restoration Pen Waterproof Mildew Resistant Grout Touch Up Marker Ceramic Tile Line Repair for Kitche,1.09,7.34,85,1 sold,,New shoppers save $6.25 | Extra 1% off with coins,CN,si,https://www.aliexpress.us/item/3256812614536495.html,https://ae-pic-a1.aliexpress-media.com/kf/Seb69af846c01443984669540591bf31aw.png
grout pen,3256812322083290,1-6Pcs Grout Pen Waterproof Tile Marker Wall Seam Repair Tool for Bathroom Floor Black White Beige,1.09,11.34,90,56 sold,4.2,New shoppers save $10.25 | Extra 1% off with coins,CN,si,https://www.aliexpress.us/item/3256812322083290.html,https://ae-pic-a1.aliexpress-media.com/kf/Se25061038e4e44759a7e9a84580036247.jpg
grout pen,3256811990689952,White Grout Tile Pen 8 Colors Waterproof Wall Grout Restorer Marker Pen for Bathroom Wall Floor Decontaminatio,1.99,3.98,50,"1,000+ sold",4.9,Delivery: Oct 05 - 13 | Extra 2% off with coins,CN,si,https://www.aliexpress.us/item/3256811990689952.html,https://ae-pic-a1.aliexpress-media.com/kf/Sc0ea3f5fb1bb4c23b03934df1b3906872.png
grout pen,3256812064878899,5ml Waterproof Ceramic Tile Sealant White Refill Grout Pen Mouldproof Filling Agent for Wall Porcelain Bathroo,1.09,5.78,81,7 sold,5,New shoppers save $4.69 | Extra 1% off with coins,CN,si,https://www.aliexpress.us/item/3256812064878899.html,https://ae-pic-a1.aliexpress-media.com/kf/A026aa95bcef14401acee7f2d290c45e0c.png
grout pen,3256812727141432,1Pcs Waterproof White Marker Pen Wall Seam Repair Tiles Grout Markers Pens Floor Bathroom Decontamination Pain,1.09,4.31,74,11 sold,,New shoppers save $3.22 | Extra 1% off with coins,CN,si,https://www.aliexpress.us/item/3256812727141432.html,https://ae-pic-a1.aliexpress-media.com/kf/Scd2c1c709cfa4128b9a09da94912330cf.jpg
grout pen,3256805360550536,Tile Grout Pen Waterproof Marker Wall Seam Color Pen For Tiles Floor Bathroom Decontamination Seam Repair Clea,1.09,2.92,62,500+ sold,4.8,New shoppers save $1.83 | Lowest price in 90 days,CN,si,https://www.aliexpress.us/item/3256805360550536.html,https://ae-pic-a1.aliexpress-media.com/kf/S077e58e7761d4d65a53187c9df07cd3c1.jpg
grout pen,3256808769415417,"Roise White Waterproof Tile Marker Grout Pen Wall Seam Pen 10Color Optional,for Tiles Floor Bathroom Decontami",1.09,5.37,79,1 sold,,"New shoppers save $4.28 | Early bird deal, only 3 left",CN,si,https://www.aliexpress.us/item/3256808769415417.html,https://ae-pic-a1.aliexpress-media.com/kf/S07388a5bf5184c5abb9ec34486cbe63dk.jpg
grout pen,3256807874174377,10 Colors 1/2/4/10Pcs Floor Tile Marker Pen Wall Grout Pen Waterproof for Ceramic Kitchen Bathroom Seam Paint ,1.09,5.2,79,"1,000+ sold",4.7,"$1.04 each, ≥ 2 pieces | New shoppers save $4.11",CN,si,https://www.aliexpress.us/item/3256807874174377.html,https://ae-pic-a1.aliexpress-media.com/kf/S336ac9fbe69b4d00a252247811c5b06bd.jpg
grout pen,3256808418190768,Tile Grout Pens White Waterproof Tile Marker Grout Pen Wall Seam Pen For Tiles Floor Bathroom Decontamination ,,,,475 sold,4.8,,,,https://www.aliexpress.us/item/3256808418190768.html,https://ae-pic-a1.aliexpress-media.com/kf/S18eb8d22c5704fdc8aae99b0e6029ef8D.jpg
grout pen,3256812615214926,Waterproof Mildew Resistant Tile Grout Marker 20G DIY Tile Line Touch Up Pen for Kitchen Bathroom Tile Gap Res,1.09,7.63,85,4 sold,,New shoppers save $6.54 | Extra 1% off with coins,CN,si,https://www.aliexpress.us/item/3256812615214926.html,https://ae-pic-a1.aliexpress-media.com/kf/S0d1e37d1522d4ec1a6d56ee7c36b2266i.png
grout pen,3256811970009881,"1Pcs Waterproof Ceramic Tile Grout Marker Pen, White Tile Repair Pen with Anti-Mold Filler, Bathroom Floor Til",1.09,5.09,78,128 sold,4.6,"$1.03 each, ≥ 2 pieces | New shoppers save $4",CN,si,https://www.aliexpress.us/item/3256811970009881.html,https://ae-pic-a1.aliexpress-media.com/kf/Sb533729f5cbc4e14abf3063432210431s.jpg
grout pen,3256809502253836,3pcs Waterproof Tile Marker Grout Pen Wall Seam Pen Bathroom Wall Floor Decontamination Seam Repair Pens Anti-,1.09,5.52,80,201 sold,4.5,New shoppers save $4.43,CN,si,https://www.aliexpress.us/item/3256809502253836.html,https://ae-pic-a1.aliexpress-media.com/kf/S0da2e2d0645a4b77ae3c100c7a9aef1fb.jpg
grout pen,3256812848628648,"1/2PCS Ceramic Tile Grouting Special Pen, Waterproof Gap Repair Mark, Wall Tile Paint Pen, Bathroom Kitchen Ga",1.09,5.35,79,7 sold,,New shoppers save $4.26 | Delivery: Oct 05 - 13,CN,si,https://www.aliexpress.us/item/3256812848628648.html,https://ae-pic-a1.aliexpress-media.com/kf/Sf764576959b24898a43436007776e049W.jpg
grout pen,3256812628236029,Quick Touch Up Grout Repair Pen Waterproof Anti-Mold Tile Seam Renovator for Indoor Kitchen Bathroom Wall and ,1.09,7.09,84,3 sold,,New shoppers save $6 | Extra 1% off with coins,CN,si,https://www.aliexpress.us/item/3256812628236029.html,https://ae-pic-a1.aliexpress-media.com/kf/Scb623a997bee4fcda0a9b22477fb3b24q.png
grout pen,3256811749305383,1/2pcs Waterproof Tile Marker Grout Pen Wall Seam ColorantFor Kitchen Tiles Repair Bathroom Floor Stain Remova,1.09,6.15,82,4 sold,4,New shoppers save $5.06 | Extra 1% off with coins,CN,si,https://www.aliexpress.us/item/3256811749305383.html,https://ae-pic-a1.aliexpress-media.com/kf/S9054b0a83ee744398223bfa5968f9be03.jpg
grout pen,3256812083823438,IFUBO-Waterproof Tile Grout Marker Pen Multi-Color Wall Floor Seam Repair Tool For Kitchen Bathroom Shower Res,1.09,7.61,85,33 sold,5,New shoppers save $6.52 | Extra 1% off with coins,CN,si,https://www.aliexpress.us/item/3256812083823438.html,https://ae-pic-a1.aliexpress-media.com/kf/Sd8df0d9dd4e24e38840e6b3b57d09150w.jpg
grout pen,3256813015476806,3PCS Tile Grout Paint Pen White Waterproof Mildew Proof Quick Dry Filler Marker Repair Beauty Pen Tile Wall Fl,3.32,8.74,62,2 sold,,"Early bird deal, only 3 left | Extra 1% off with coins",CN,si,https://www.aliexpress.us/item/3256813015476806.html,https://ae-pic-a1.aliexpress-media.com/kf/Sbd0e853bca1e4e87871769eb07881eeal.jpg
grout pen,3256812655075661,"Tile Grout Renewal Pen 150ml, Waterproof Anti-Mold Grout Sealer Marker, Tile Joint Whitener Restorer for Kitch",1.87,14.32,86,2 sold,,New shoppers save $12.45 | Extra 1% off with coins,CN,si,https://www.aliexpress.us/item/3256812655075661.html,https://ae-pic-a1.aliexpress-media.com/kf/S56e8cc83ddbf4364a10ec8b2e365f43dQ.png
grout pen,3256812462304453,Tile Grout Filler Pen Repair Crack Filler Waterproof Mold Resistant Sealer Long Lasting Durable White Grout Pe,1.09,9.86,88,5 sold,,New shoppers save $8.77 | Extra 1% off with coins,CN,si,https://www.aliexpress.us/item/3256812462304453.html,https://ae-pic-a1.aliexpress-media.com/kf/Sef4b684d302f40b984608375b7484832t.jpg
grout pen,3256806532711196,3pcs/pack Grout Pen Touch Repair Marker Tile Gap Restore And Renew Grout Lines Quick Dry Tile Grout Squeeze Tu,1.09,5.48,80,42 sold,4.1,New shoppers save $4.39 | Lowest price in 90 days,CN,si,https://www.aliexpress.us/item/3256806532711196.html,https://ae-pic-a1.aliexpress-media.com/kf/S7ae39953b4e245f9b16e5d7f6104e1bdz.jpg
grout pen,3256811975742920,Ceramic tile bathroom wall floor tile gap color repair whiteboard color repair pen,2.38,,,3 sold,,,CN,si,https://www.aliexpress.us/item/3256811975742920.html,https://ae-pic-a1.aliexpress-media.com/kf/S4feae78b398a4676ad21318c1291703b7.jpg
grout pen,3256806774084560,"White Waterproof Tile Marker Grout Pen Wall Seam Pen 10Color Optional,for Tiles Floor Bathroom Decontamination",1.09,4.28,74,"2,000+ sold",4.5,"$1.04 each, ≥ 2 pieces | New shoppers save $3.19",CN,si,https://www.aliexpress.us/item/3256806774084560.html,https://ae-pic-a1.aliexpress-media.com/kf/Sf1c2bac64ec6415eb1eb426b8281fc18t.jpg
grout pen,3256810044477551,"3pcs White Grout Repair Pens, Tile Grout Sealer & Refinisher for Bathroom, Kitchen, Porch Tiles",1.09,12.08,91,13 sold,5,"$1.04 each, ≥ 2 pieces | New shoppers save $10.99",CN,si,https://www.aliexpress.us/item/3256810044477551.html,https://ae-pic-a1.aliexpress-media.com/kf/S76a459ab5690499f880cb4325a858cffj.jpg
grout pen,3256801380698751,Repair Refill Grout Mouldproof Tile White Mark Pen Gaps Refresher Shower Bathroom Paint Cleaner Filling Porcel,1.09,2.4,54,19 sold,3,New shoppers save $1.31 | Extra 2% off with coins,CN,si,https://www.aliexpress.us/item/3256801380698751.html,https://ae-pic-a1.aliexpress-media.com/kf/Sc4a79452daf1483b9b0ab8dc15c5b18cM.jpg
grout pen,3256812784315082, Tile Paint Marker Light Creamy-white/White Tile Paint Marker Tile Grout Pen Waterproof Tile Grout Colorant Se,0.42,0.77,45,,,,CN,si,https://www.aliexpress.us/item/3256812784315082.html,https://ae-pic-a1.aliexpress-media.com/kf/S3cea0c1ad4df471fa89f0505176f09bcM.jpg
grout pen,3256805518175829,Tile Grout Pen Waterproof Marker Wall Seam Color Pen For Tiles Floor Bathroom Decontamination Seam Repair Clea,1.09,3.28,66,19 sold,4.3,New shoppers save $2.19 | Extra 2% off with coins,CN,si,https://www.aliexpress.us/item/3256805518175829.html,https://ae-pic-a1.aliexpress-media.com/kf/S7ff8c739f93149cba651277532c36bf7g.jpg
grout pen,3256805399827026,Tile Grout Pens White Waterproof Tile Marker Grout Pen Wall Seam Pen For Tiles Floor Bathroom Decontamination ,1.09,2.08,47,381 sold,4.5,New shoppers save $0.99,CN,si,https://www.aliexpress.us/item/3256805399827026.html,https://ae-pic-a1.aliexpress-media.com/kf/Sd490d6d15f7545cf82aaa78d0c158fa8H.jpg
grout pen,3256805396559282,Ceramic Tile Pen Wall Grout Restorer Pen Repair Marker Grout Filler Pen For Restoring Wall Floor Bathrooms Kit,1.09,3.53,69,135 sold,4.3,New shoppers save $2.44 | Extra 2% off with coins,CN,si,https://www.aliexpress.us/item/3256805396559282.html,https://ae-pic-a1.aliexpress-media.com/kf/S6ee99a5a09fe4ebe9f5907dad663fb7fO.jpg
grout pen,3256805393900853,Waterproof Tile Gap Repair Marker Pen White Ceramic Refill Grout Mouldproof Filling Agents Wall Porcelain Bath,1.09,2.08,47,99 sold,4.8,New shoppers save $0.99 | Lowest price in 90 days,CN,si,https://www.aliexpress.us/item/3256805393900853.html,https://ae-pic-a1.aliexpress-media.com/kf/S9d9ff5d5dfcb476780160025c54cddffe.jpg
grout pen,3256812641627583,1-3pcs 12 Color White Waterproof Tile Marker Grout Pen Wall Seam Pen For Tiles Floor Bathroom Decontamination ,1.09,5.15,78,1 sold,,New shoppers save $4.06 | Extra 1% off with coins,CN,si,https://www.aliexpress.us/item/3256812641627583.html,https://ae-pic-a1.aliexpress-media.com/kf/S029b26689a87455e95d9bc4553496acdw.jpg
grout pen,3256810114516373,"Heavy-Duty Tile & Grout Paint Pen - Waterproof, Mold-Resistant, Industrial-Strength Marker for Ceramic Repair,",1.09,3.84,71,82 sold,4.8,New shoppers save $2.75 | Extra 5% off with coins,CN,si,https://www.aliexpress.us/item/3256810114516373.html,https://ae-pic-a1.aliexpress-media.com/kf/Sa49fc8603ea44874ad7331956862e4c1j.jpg
grout pen,3256811954010451,3pcs Tile Grout Paint Pen Waterproof Grout Pen White Tile Paint Marker -proof Tile Repair Beauty Pen Safety fo,7.19,15.99,55,2 sold,,,CN,si,https://www.aliexpress.us/item/3256811954010451.html,https://ae-pic-a1.aliexpress-media.com/kf/S56ffe902a8d14857b7978eeaca97f0c2z.jpg
grout pen,3256812047459602,1/2pcs Painting Grout Art Supplies Wall Pen Waterproof Drawing Bathroom Paint Markers Accessories Pens Decorat,1.09,5.05,78,13 sold,,New shoppers save $3.96 | Extra 1% off with coins,CN,si,https://www.aliexpress.us/item/3256812047459602.html,https://ae-pic-a1.aliexpress-media.com/kf/Sd63737558a9f4243b454a2ce1266ebeeC.jpg
grout pen,3256812731940387,Tile Grout Filler Repair Pen 150ml Waterproof Mold Resistant Restorer for Ceramic Mosaic Kitchen Bathroom Floo,1.09,11.82,90,1 sold,,New shoppers save $10.73 | Extra 1% off with coins,CN,si,https://www.aliexpress.us/item/3256812731940387.html,https://ae-pic-a1.aliexpress-media.com/kf/Sf9e0d2502f7b401b89186bd7f3df639az.png
grout pen,3256810116290700,1PC  Waterproof Marker Pen Wall Seam Repair Tiles Grout Markers Pens Floor Bathroom Decontamination Paint Brus,1.09,5.67,80,21 sold,3,New shoppers save $4.58 | Lowest price in 90 days,CN,si,https://www.aliexpress.us/item/3256810116290700.html,https://ae-pic-a1.aliexpress-media.com/kf/S07675d6b865d4395ab60b1535ec0b2a1B.jpg
solar mandala light,3256812686793607,Solar Peony Mandala Wall Light Outdoor IP65 Waterproof Garden Fence Decorative Solar Lamp Warm Color Changing ,3.33,13.46,75,383 sold,4.9,Delivery: Oct 05 - 13,CN,si,https://www.aliexpress.us/item/3256812686793607.html,https://ae-pic-a1.aliexpress-media.com/kf/S6103a9b95cf54a3ca08ce5eab4cdc524x.jpg
solar mandala light,3256812333260307,Solar Mandala Wall Lamp Outdoor LED Waterproof Fence Lamp for Garden Lawn Estate Porch Corridor Courtyard Deco,2.33,12.24,80,"3,000+ sold",4.9,Delivery: Oct 05 - 13,CN,si,https://www.aliexpress.us/item/3256812333260307.html,https://ae-pic-a1.aliexpress-media.com/kf/S0d774b63a6ed4678a66818375b46a279p.jpg
solar mandala light,3256812393628330,Solar Mandala Wall Lamp Outdoor LED Waterproof Fence Lamp for Garden Lawn Estate Porch Corridor Courtyard Deco,0.99,18.18,94,4 sold,,New shoppers save $17.19 | Delivery: Oct 05 - 13,CN,si,https://www.aliexpress.us/item/3256812393628330.html,https://ae-pic-a1.aliexpress-media.com/kf/S921662c866bd4c36bdc8f8b7748689b0j.jpg
solar mandala light,3256812495888561,"Outdoor LED Solar Fences and Wall Lights, Metal Mandala Lights, for Gardens, Lawns, Estates, Fences, Corridors",15.48,32.26,52,1 sold,,Extra 2% off with coins,CN,si,https://www.aliexpress.us/item/3256812495888561.html,https://ae-pic-a1.aliexpress-media.com/kf/Sa482f692f26b4b2d8b4ab34fb5f75718y.jpg
solar mandala light,3256812152703461,Solar Powered Metal Mandala Light Outdoor LED Wall Fence Lamp for Garden Lawn Porch Corridor Decorative Yard P,0.99,16.33,93,13 sold,5,New shoppers save $15.34 | Delivery: Oct 05 - 13,CN,si,https://www.aliexpress.us/item/3256812152703461.html,https://ae-pic-a1.aliexpress-media.com/kf/S9f86e7df62644a99811f31a5fa854820a.jpg
solar mandala light,3256812914106856,"2 Units of Mandala Solar Powered Fence Lights IP33 Rated, Durable Metal Solar Outdoor LED Lights Featuring a M",6.75,42.15,84,,,"Early bird deal, only 1 left | Free shipping",US,si,https://www.aliexpress.us/item/3256812914106856.html,https://ae-pic-a1.aliexpress-media.com/kf/S2e370312c2f641dbadaf13c724591dbaK.jpg
solar mandala light,3256812530074697,Solar LED Wall Light Mandala Projection Lantern Waterproof Outdoor Courtyard Yard Decor Lamp Solar Hanging Lan,0.99,17.29,94,1 sold,5,"$0.94 each, ≥ 2 pieces | New shoppers save $16.3",CN,si,https://www.aliexpress.us/item/3256812530074697.html,https://ae-pic-a1.aliexpress-media.com/kf/S2f96ba76d51e4dc1bd89a32384b70c268.jpg
solar mandala light,3256809726247439,Solar Lanterns Solar Lights Outdoor Waterproof Boho Light for Outside Hanging Rattan Lantern Decoration for Ga,10.39,21.8,52,"2,000+ sold",4.5,Top selling on AliExpress | Delivery: Oct 05 - 13,CN,si,https://www.aliexpress.us/item/3256809726247439.html,https://ae-pic-a1.aliexpress-media.com/kf/S437bbb0b1a71497f9f09a4857a2cca599.jpg
solar mandala light,3256812579593452,Solar Mandala Projection Wall Light Waterproof Outdoor Garden Lamp Auto Dusk to Dawn Light Sensor for Fence Pa,5.88,12.26,52,,,Delivery: Oct 05 - 13 | Extra 1% off with coins,CN,si,https://www.aliexpress.us/item/3256812579593452.html,https://ae-pic-a1.aliexpress-media.com/kf/S16ef83b235434a2b903d760a19de7d25t.jpg
solar mandala light,3256812646270869,1/2PCS Solar Mandala Wall Lamp Outdoor LED Waterproof Light for Garden Lawn Porch Courtyard Decoration Wall La,0.99,13.67,92,27 sold,3,New shoppers save $12.68 | Delivery: Oct 05 - 13,CN,si,https://www.aliexpress.us/item/3256812646270869.html,https://ae-pic-a1.aliexpress-media.com/kf/S17b7176ad6c94693821c5dc7c3c1e347Q.jpg
solar mandala light,3256812732003534,Solar Mandala Sunflower Projector Wall Light Outdoor Garden Decoration Landscape Light for Patio Garden Estate,0.99,13.03,92,119 sold,4.9,New shoppers save $12.04 | Delivery: Oct 05 - 13,CN,si,https://www.aliexpress.us/item/3256812732003534.html,https://ae-pic-a1.aliexpress-media.com/kf/S5d8c29bcb2ef439da97cca60608f7618l.jpg
solar mandala light,3256812531833153,Solar Lanterns Solar Lights Outdoor Waterproof Boho Light for Outside Hanging Rattan Lantern Decoration for Ga,14.33,36.98,61,411 sold,4.7,Delivery: Oct 05 - 13 | Free shipping,CN,si,https://www.aliexpress.us/item/3256812531833153.html,https://ae-pic-a1.aliexpress-media.com/kf/Sc7d80642c2e44949a160826c65544a6cl.png
solar mandala light,3256812904258683,"2 Pieces Solar Metal Wall Lights, Metal Solar Outdoor Patio Step Wall Lights, Tabletop Ambient Lights, Mandala",31.08,153.72,79,1 sold,,"Early bird deal, only 4 left | Free shipping",US,si,https://www.aliexpress.us/item/3256812904258683.html,https://ae-pic-a1.aliexpress-media.com/kf/S2e370312c2f641dbadaf13c724591dbaK.jpg
solar mandala light,3256812529220146,4PCS LED Solar Mandala Wall Lamp Openwork Projection Lawn Light Outdoor Garden Decor Landscape Light for Garde,16.51,35.13,53,29 sold,2.3,Delivery: Oct 05 - 13 | Extra 1% off with coins,CN,si,https://www.aliexpress.us/item/3256812529220146.html,https://ae-pic-a1.aliexpress-media.com/kf/S40f4f08e022f402d970d90b8f65d5b8cq.png
solar mandala light,3256812398758698,1PC Solar Outdoor Wall Light Hummingbird Butterfly Hollow Projection Lamp Garden Yard Decor Mandala Shadow Nig,7.34,14.68,49,3 sold,4.5,Delivery: Oct 05 - 13 | Extra 1% off with coins,CN,si,https://www.aliexpress.us/item/3256812398758698.html,https://ae-pic-a1.aliexpress-media.com/kf/S0446c91444464dc5adc5d610017ef35dB.jpg
solar mandala light,3256811855818114,Outdoor Solar Rattan Hanging Lamp Garden Villa Gate Balcony Atmosphere Waterproof Projection Light Camping Pat,14.7,,,54 sold,5,Extra 2% off with coins,CN,si,https://www.aliexpress.us/item/3256811855818114.html,https://ae-pic-a1.aliexpress-media.com/kf/Sfe0e73670b05476d95aece95a4ee39ffi.png
solar mandala light,3256812469801646,Solar Mandala Wall Light LED Garden Fence Lights RGB Colorful Dimming Auto On/Off Decorative Landscape Lightin,0.99,19.16,94,5 sold,,"$0.94 each, ≥ 2 pieces | New shoppers save $18.17",CN,si,https://www.aliexpress.us/item/3256812469801646.html,https://ae-pic-a1.aliexpress-media.com/kf/S0191018f72be4f13ab9d042e6b90ccfdO.jpg
solar mandala light,3256812661175333,"2Pcs Solar Mandala Metal Wall Lights, Waterproof Outdoor Fence Deck Step Lights for Post, Patio, Backyard Yard",6.74,9.63,30,2 sold,,Extra 5% off with coins,CN,si,https://www.aliexpress.us/item/3256812661175333.html,https://ae-pic-a1.aliexpress-media.com/kf/Sc1888e7a26874c8a9e7a98af3911e104e.png
solar mandala light,3256812307940054,Solar Peony Flower Mandala Wall Lantern Outdoor Waterproof Decorative Light for Garden Fence Patio Table Proje,7.44,18.8,60,90 sold,4.6,New shoppers save $11.36 | Lowest price in 90 days,CN,si,https://www.aliexpress.us/item/3256812307940054.html,https://ae-pic-a1.aliexpress-media.com/kf/S4c3e66b1d5d24e9d8921c40164bceec9g.jpg
solar mandala light,3256806674503724,234/172 Led Solar Light Solar Security Lights With Motion Sensor 3 Modes Waterproof Split Solar Flood Wall Lig,6.74,43.88,84,500+ sold,4.9,New shoppers save $37.14 | Lowest price in 90 days,CN,si,https://www.aliexpress.us/item/3256806674503724.html,https://ae-pic-a1.aliexpress-media.com/kf/Sfc02119baca04cb9b3480677b300e551h.jpg
solar mandala light,3256812634893287,Outdoor Garden Decorative Landscape Light LED Solar Mandala Wall Lamp Openwork Projection Lawn Light For Garde,0.99,14.53,93,3 sold,,New shoppers save $13.54,CN,si,https://www.aliexpress.us/item/3256812634893287.html,https://ae-pic-a1.aliexpress-media.com/kf/Sb6131d8497614491b0715b26915a88e6Z.jpg
solar mandala light,3256812501430324,Solar Mandala Wall Lamp Outdoor LED Waterproof Fence Lamp for Garden Lawn Estate Porch Corridor Courtyard Deco,6.36,12.72,49,35 sold,4.2,Delivery: Oct 05 - 13 | Extra 1% off with coins,CN,si,https://www.aliexpress.us/item/3256812501430324.html,https://ae-pic-a1.aliexpress-media.com/kf/S63778e60b57248b4b22a82a40090bdfbC.jpg
solar mandala light,3256812940863855,"Solar Mandala Light Outdoor, Color and Warm Colors Waterproof Metal Decorative With Shadow Projection, for Pat",7.84,8.72,10,3 sold,,"Early bird deal, only 2 left",CN,si,https://www.aliexpress.us/item/3256812940863855.html,https://ae-pic-a1.aliexpress-media.com/kf/S1e0c0f0b6f934184abcb8d7f655c6e53G.jpg
solar mandala light,3256810612646253,Retro Landscape Solar Pathway Outdoor Courtyard Light Tungsten Filament Lamps Garden Street Floor Decorative S,54.76,,,,3,4 × $13.69 with no interest | Extra 3% off with coins,CN,si,https://www.aliexpress.us/item/3256810612646253.html,https://ae-pic-a1.aliexpress-media.com/kf/S05f07539532e4c3bb7040e55dc3f8bf9q.jpg
solar mandala light,3256812520433762,Solar Mandala Butterfly Projector Wall Light Colorful/Warm Color Outdoor Waterproof Metal Fence Lamp for Garde,0.99,13.83,92,43 sold,4,New shoppers save $12.84 | Delivery: Oct 05 - 13,CN,si,https://www.aliexpress.us/item/3256812520433762.html,https://ae-pic-a1.aliexpress-media.com/kf/S38feed1a716249518015dd34fe16347bY.jpg
solar mandala light,3256812336089589,Solar Mandala Butterfly Wall Fence Outdoor Waterproof Decorative Light for Garden Patio Fence Pathway Landscap,0.99,13.63,92,15 sold,,New shoppers save $12.64 | Delivery: Oct 05 - 13,CN,si,https://www.aliexpress.us/item/3256812336089589.html,https://ae-pic-a1.aliexpress-media.com/kf/Sb60ae1f8e8414be691b73f0a5adc9b98S.jpg
solar mandala light,3256812933635499,Outdoor Solar Mandala Wall Light Color Changing Fence Lantern Projection Lights Waterproof Garden Patio Lamp D,0.99,8.46,88,23 sold,,New shoppers save $7.47,CN,si,https://www.aliexpress.us/item/3256812933635499.html,https://ae-pic-a1.aliexpress-media.com/kf/S177f17c10a00440285ef311f04510826c.jpg
solar mandala light,3256811805220402,"Outdoor Solar Rattan Lanterns, Waterproof Hanging Boho Solar Lights for Garden, Patio, Yard, Porch Decorative ",8.33,24,65,271 sold,5,Delivery: Oct 05 - 13,CN,si,https://www.aliexpress.us/item/3256811805220402.html,https://ae-pic-a1.aliexpress-media.com/kf/S03bcd6a0ecf04ddbb560d3a3988e1a9bi.jpg
solar mandala light,3256812404993303,1 Set Solar Mandala Sunflower Wall Light Outdoor Garden Decorative Lantern for Patio Fence Yard Pathway Landsc,0.99,13.84,92,13 sold,5,New shoppers save $12.85 | Delivery: Oct 05 - 13,CN,si,https://www.aliexpress.us/item/3256812404993303.html,https://ae-pic-a1.aliexpress-media.com/kf/S2a29ccba29c743918e12cc3e76d7fecaV.jpg
solar mandala light,3256812837443168,Portable Solar Mandala Garden Light LED Projection Lamp Hollow Out Pattern Outdoor Patio Yard Halloween Christ,0.99,20.27,95,10 sold,,New shoppers save $19.28 | Delivery: Oct 05 - 13,CN,si,https://www.aliexpress.us/item/3256812837443168.html,https://ae-pic-a1.aliexpress-media.com/kf/S87ab81f14d0b437f80869b46d226383ae.jpg
solar mandala light,3256812372517049,Solar Mandala Wall Light Outdoor Garden Fence Projector Lamp Patio Ambient Decor Waterproof Metal Fence Lights,0.99,18.35,94,74 sold,4.3,New shoppers save $17.36 | Delivery: Oct 05 - 13,CN,si,https://www.aliexpress.us/item/3256812372517049.html,https://ae-pic-a1.aliexpress-media.com/kf/Scd3f945ac63c4937b322bcec11624e76c.jpg
solar mandala light,3256808084050448,Updated Solar String Lights Outdoor Waterproof 60LED 8 Modes Crystal Globe Christmas Lights for Garden Lawn Po,5.19,16.33,68,600+ sold,4.5,Delivery: Oct 05 - 13,CN,si,https://www.aliexpress.us/item/3256808084050448.html,https://ae-pic-a1.aliexpress-media.com/kf/S5aad54453efc4ee68c2a2a7474bbd29aq.jpg
solar mandala light,3256812237174977,Iron Hollowed-out Solar Lights Waterproof Solar-powered Atmosphere Lights Dustproof Decorative Mandalas Light ,10.81,23,53,,,Free shipping,CN,si,https://www.aliexpress.us/item/3256812237174977.html,https://ae-pic-a1.aliexpress-media.com/kf/S2bfed80010a44a2ca623b7c2a2b0eaffZ.jpg
solar mandala light,3256812436040660,"Solar Mandala Sunflower Projector Wall Light, Waterproof Solar Datura Lantern, Decorative Atmosphere Lamp, for",0.99,12.92,92,2 sold,,New shoppers save $11.93 | Delivery: Oct 05 - 13,CN,si,https://www.aliexpress.us/item/3256812436040660.html,https://ae-pic-a1.aliexpress-media.com/kf/S86648cb264c3469b91596614511f6568l.jpg
solar mandala light,3256812239216523,Solar Mandala Wall Light Sunflower Wall Light Creative Projector Lamp Atmosphere Light Outdoor Garden Fence De,0.99,10.73,90,3 sold,,New shoppers save $9.74,CN,si,https://www.aliexpress.us/item/3256812239216523.html,https://ae-pic-a1.aliexpress-media.com/kf/S7be0e852b2b3469787f54f9447298d32W.jpg
solar mandala light,3256812635815634,Outdoor Solar Boho Rattan Hanging Lantern Waterproof LED Wicker Lamp for Garden Patio Yard Summer Evening Balc,39.68,79.36,50,,,4 × $9.92 with no interest | Extra 2% off with coins,CN,si,https://www.aliexpress.us/item/3256812635815634.html,https://ae-pic-a1.aliexpress-media.com/kf/S44c4432888c54969849874e90a57b71eb.jpg
solar mandala light,3256812092620680,"Decorative Solar Mandala Lights Solar Powered Outdoor Deck Step Wall Lights for Terrace, Courtyard, Backyard, ",0.99,9.74,89,389 sold,4.4,New shoppers save $8.75,CN,si,https://www.aliexpress.us/item/3256812092620680.html,https://ae-pic-a1.aliexpress-media.com/kf/Sc11de443ac114655b2e03a7a42e8b566I.jpg
solar mandala light,3256812191941136,1/4pcs Solar Mandala Sunflower Outdoor Wall Light Waterproof Garden Decorative Lamp for Yard Courtyard Fence D,0.99,12.37,91,77 sold,4.3,New shoppers save $11.38 | Delivery: Oct 05 - 13,CN,si,https://www.aliexpress.us/item/3256812191941136.html,https://ae-pic-a1.aliexpress-media.com/kf/S5f09cfd57cd04ae987b501ca3c2820fa6.jpg
solar mandala light,3256812489593733,Outdoor LED Solar Mandala Wall Lamp Waterproof Fence Lamp for Garden Lawn Estate Porch Corridor Courtyard Deco,0.99,20.08,95,2 sold,5,New shoppers save $19.09 | Delivery: Oct 05 - 13,CN,si,https://www.aliexpress.us/item/3256812489593733.html,https://ae-pic-a1.aliexpress-media.com/kf/S92323d9545504a78bbda4fda5eb4a643J.jpg
solar mandala light,3256812809244532,Solar Lantern Outdoor Solar Lanterns Waterproof for Outside Hanging Woven Lantern Boho Lamp Lights Decoration ,17.82,35.64,50,1 sold,,Extra 2% off with coins,CN,si,https://www.aliexpress.us/item/3256812809244532.html,https://ae-pic-a1.aliexpress-media.com/kf/Sdce508f744ec42a4b7707b1741e4e63cl.jpg
solar mandala light,3256811750394374,Mandala Pattern IP65 Solar LED Light Waterproof Solar Outdoor Fence Lighting Garden Decor Hanging Lantern Meta,13.78,17.23,20,8 sold,4,,CN,si,https://www.aliexpress.us/item/3256811750394374.html,https://ae-pic-a1.aliexpress-media.com/kf/S656f2e201e214a66b69e1226ca0c6f9cx.jpg
solar mandala light,3256812421767631,Solar Mandala Wall Lamp Outdoor LED Waterproof Fence Lamp for Garden Lawn Estate Porch Corridor Courtyard Deco,0.99,12.07,91,19 sold,4,New shoppers save $11.08 | Delivery: Oct 05 - 13,CN,si,https://www.aliexpress.us/item/3256812421767631.html,https://ae-pic-a1.aliexpress-media.com/kf/S8b79024a6ece4ff085fefd191f2ec7d10.jpg
solar mandala light,3256812285099108,Solar Projector Light Mandala Sunflower Pattern Wall Lamp Landscape Decor Night Light for Garden Patio Courtya,0.99,12.1,91,9 sold,3,New shoppers save $11.11 | Delivery: Oct 05 - 13,CN,si,https://www.aliexpress.us/item/3256812285099108.html,https://ae-pic-a1.aliexpress-media.com/kf/Sc08846c4029542088868a240e0b68d10W.jpg
solar mandala light,3256812265939880,Solar Sunflower Mandala Wall Light Outdoor Waterproof Garden Landscape Decorative Lamp for Patio Courtyard Por,0.99,12.86,92,17 sold,,New shoppers save $11.87 | Delivery: Oct 05 - 13,CN,si,https://www.aliexpress.us/item/3256812265939880.html,https://ae-pic-a1.aliexpress-media.com/kf/Sefd554f24a6d4e96bd5529b29b0d7b6dE.jpg
solar mandala light,3256812446502753,Iron Solar Projection Wall Lamp Boho Mandala Outdoor Waterproof LED Energy Saving Decor Solar Fence Romantic P,0.99,20.2,95,3 sold,,New shoppers save $19.21 | Delivery: Oct 05 - 13,CN,si,https://www.aliexpress.us/item/3256812446502753.html,https://ae-pic-a1.aliexpress-media.com/kf/S202498e38a014eeaadf65711ab71146cd.jpg
solar mandala light,3256812579498158,Solar Outdoor Wall Light Mandala Pattern Projector Waterproof LED Landscape Light for Garden Fence Patio Chris,0.99,14.85,93,17 sold,,New shoppers save $13.86 | Delivery: Oct 05 - 13,CN,si,https://www.aliexpress.us/item/3256812579498158.html,https://ae-pic-a1.aliexpress-media.com/kf/S16ef83b235434a2b903d760a19de7d25t.jpg
solar mandala light,3256812304758063,Color Changing Solar Peony Lights Solar Mandala Projector Light Outdoor Mandala Pattern Solar Wall Light Garde,9.81,,,161 sold,3.9,,CN,si,https://www.aliexpress.us/item/3256812304758063.html,https://ae-pic-a1.aliexpress-media.com/kf/Sd32d3fb75fce4f898b87b5b0ae2793a8h.jpg
solar mandala light,3256812547454487,Solar Powered Small Wall Lamp with Hollow Mandala Iron Lantern Design Garden Decorative Lights Ideal Festival ,0.99,22,95,9 sold,,New shoppers save $21.01 | Delivery: Oct 05 - 13,CN,si,https://www.aliexpress.us/item/3256812547454487.html,https://ae-pic-a1.aliexpress-media.com/kf/Seaa9088b34c24f89946e1fae603b5f20v.jpg
solar mandala light,3256812568072931,Sunflower Mandala Solar Wall Lamp Waterproof LED Garden Decorative Light Hollow Pattern Metal Fence Wall Light,8.56,,,,,,CN,si,https://www.aliexpress.us/item/3256812568072931.html,https://ae-pic-a1.aliexpress-media.com/kf/Scf62457bd7a14b43af19ac44bd010638F.jpg
solar mandala light,3256812445668681,Solar Mandala Projection Wall Light RGB Colorful Hollow Metal Solar Lamp Waterproof Outdoor Garden Fence Step ,22.27,44.54,50,,,Delivery: Oct 05 - 13 | Extra 1% off with coins,CN,si,https://www.aliexpress.us/item/3256812445668681.html,https://ae-pic-a1.aliexpress-media.com/kf/S24bc48dce8064ec9b6482c02ba9fd37aO.jpg
solar mandala light,3256812889103355,"Solar Mandala Light, Projection Wall Lights, Waterproof Color Changing Fence Lamp for Garden Yard Deck Step Pa",0.99,8.72,88,7 sold,5,New shoppers save $7.73,CN,si,https://www.aliexpress.us/item/3256812889103355.html,https://ae-pic-a1.aliexpress-media.com/kf/S49b5f095b35547619321f885de426765F.jpg
solar mandala light,3256812676927105,Solar Mandala Sunflower Projector Wall Light Outdoor Garden Decoration Landscape Light For Patio Estate Porch ,0.99,19.93,95,4 sold,,"$0.94 each, ≥ 2 pieces | New shoppers save $18.94",CN,si,https://www.aliexpress.us/item/3256812676927105.html,https://ae-pic-a1.aliexpress-media.com/kf/Sd3110a17d51f4b01b9ae6a3279278021B.jpg
solar mandala light,3256812604537951,Outdoor LED Wall Lamp Solar Mandala Waterproof Fence Lamp for Garden Lawn Estate Porch Corridor Courtyard Deco,9.07,19.29,53,,,Delivery: Oct 05 - 13 | Extra 1% off with coins,CN,si,https://www.aliexpress.us/item/3256812604537951.html,https://ae-pic-a1.aliexpress-media.com/kf/S01af0765caaf4caca36dd10f6fbb5a761.jpg
solar mandala light,3256812318261815,Solar Mandala Sunflower Projector Wall Light Outdoor Garden Decoration Landscape Light for Patio Garden Estate,0.99,13.38,92,56 sold,4.2,"$0.94 each, ≥ 2 pieces | New shoppers save $12.39",CN,si,https://www.aliexpress.us/item/3256812318261815.html,https://ae-pic-a1.aliexpress-media.com/kf/Sde876201f0ee409ebfe9596e06592e1dr.jpg
solar mandala light,3256812626473934,1/2pcs Solar Sunflower Mandala Wall Lantern Outdoor Waterproof Decorative Light for Garden Fence Patio Pathway,0.99,12.94,92,20 sold,5,New shoppers save $11.95 | Delivery: Oct 05 - 13,CN,si,https://www.aliexpress.us/item/3256812626473934.html,https://ae-pic-a1.aliexpress-media.com/kf/S79fffdc414a74ecc84fc4aba401f9b68p.jpg
solar mandala light,3256812477364490,1-4PCS Solar Mandala Sunflower Wall Sconce Outdoor Garden Decorative Light Waterproof Landscape Lamp for Yard ,0.99,8.35,88,9 sold,,New shoppers save $7.36,CN,si,https://www.aliexpress.us/item/3256812477364490.html,https://ae-pic-a1.aliexpress-media.com/kf/Saa67b917d2be4359ab906090d1978f502.jpg
solar mandala light,3256812570977888,Sunflower Mandala Solar Wall Lamp LED Metal Garden Decorative Light Hollow Pattern Waterproof Fence Wall Light,0.99,15.1,93,9 sold,,New shoppers save $14.11 | Delivery: Oct 05 - 13,CN,si,https://www.aliexpress.us/item/3256812570977888.html,https://ae-pic-a1.aliexpress-media.com/kf/S3e29a24e9f2c4db2bf787ecd3543d8b2U.jpg
solar mandala light,3256812888284609,"Solar Mandala Fence Light Outdoor Projection Wall Lights, Waterproof With Hollow Design, Decorative For Patio,",0.99,8.48,88,11 sold,5,New shoppers save $7.49,CN,si,https://www.aliexpress.us/item/3256812888284609.html,https://ae-pic-a1.aliexpress-media.com/kf/S9eb61b89ef4141e79f846dfcdc3696bfa.jpg
solar mandala light,3256812148154543,Solar Mandala Wall Lamp Outdoor LED Waterproof Fence Lamp for Garden Lawn Estate Porch Corridor Courtyard Deco,5.59,12.36,54,"3,000+ sold",4.3,Delivery: Oct 05 - 13,CN,si,https://www.aliexpress.us/item/3256812148154543.html,https://ae-pic-a1.aliexpress-media.com/kf/S0d774b63a6ed4678a66818375b46a279p.jpg
solar mandala light,3256812387559239,Solar Mandala Wall Lamp Auto On/Off Outdoor LED Waterproof Decorative Light For Garden Fence Patio Pathway Sta,0.99,9.21,89,40 sold,5,New shoppers save $8.22 | Extra 2% off with coins,CN,si,https://www.aliexpress.us/item/3256812387559239.html,https://ae-pic-a1.aliexpress-media.com/kf/Sa6ef3af6563c48739ee21f20f122db1b3.jpg
led tire valve caps,3256806807860632,2/4Pcs Car Motorcycle Bicycle Tire Valve Caps Light LED Neon Flash Lamp Waterproof Tyre Universal Wheel Lights,1.79,3.68,51,"3,000+ sold",4.9,Delivery: Oct 05 - 13,CN,si,https://www.aliexpress.us/item/3256806807860632.html,https://ae-pic-a1.aliexpress-media.com/kf/S817d0b7e8d6d4f839c5e9089976ca1c1U.jpg
led tire valve caps,3256812526581985,2/4/8Pcs Colorful LED Wheel Valve Lights Motorcycle Car Wheel Tire Valve Caps Universal Dustproof Bicycle Valv,1.09,6.72,83,1 sold,,New shoppers save $5.63 | Delivery: Oct 05 - 13,CN,si,https://www.aliexpress.us/item/3256812526581985.html,https://ae-pic-a1.aliexpress-media.com/kf/S9676915f50704003a138ba7f6ad092c1f.jpg
led tire valve caps,3256807443204801,2PCS Bicycle Lights Motion Sensor LED Lights Road MTB Bike Tire Valve Caps Wheel Spokes LED Light Bicycle Acce,1.09,4.72,76,340 sold,4.3,"$1.04 each, ≥ 2 pieces | New shoppers save $3.63",CN,si,https://www.aliexpress.us/item/3256807443204801.html,https://ae-pic-a1.aliexpress-media.com/kf/S8cb6815244594d61835491af61439ac5C.png
led tire valve caps,3256812355895752,2/4Pcs Car Motorcycle Bicycle Tire Valve Caps Light LED Neon Flash Lamp Waterproof Tyre Universal Wheel Lights,1.09,10.66,89,107 sold,4.8,New shoppers save $9.57 | Top selling on AliExpress,CN,si,https://www.aliexpress.us/item/3256812355895752.html,https://ae-pic-a1.aliexpress-media.com/kf/S06e23d0ee211432c8de753cfef7b4516H.jpg
led tire valve caps,3256812520815589,Tire Valve Cap Lights Durable Tire Lights For Car Air Valve Caps With Lights For Motorcycles Bicycles Electric,1.09,8.64,87,7 sold,5,New shoppers save $7.55 | Delivery: Oct 05 - 13,CN,si,https://www.aliexpress.us/item/3256812520815589.html,https://ae-pic-a1.aliexpress-media.com/kf/S0a501f997a08417696142232520e476c1.jpg
led tire valve caps,3256812360284326,2/10Pcs Tire Valve Cap Lights Durable Tire Lights For Car Air Valve Caps With Lights For Motorcycles Bicycles ,1.09,5.94,81,110 sold,4.7,New shoppers save $4.85 | Delivery: Oct 05 - 13,CN,si,https://www.aliexpress.us/item/3256812360284326.html,https://ae-pic-a1.aliexpress-media.com/kf/S96e3dc8437ad4e718a51329c4938912ec.jpg
led tire valve caps,3256807505822287,Bicycle Wheel Light Motion Sensor LED Light Waterproof Mini Neon Light Tire Nozzle Valve Cap Light for Car Mot,1.09,5.81,81,73 sold,3.7,New shoppers save $4.72 | Delivery: Oct 05 - 13,CN,si,https://www.aliexpress.us/item/3256807505822287.html,https://ae-pic-a1.aliexpress-media.com/kf/S0ff340f545af4876998407a622cffff21.jpg
led tire valve caps,3256805803957792,New Bicycle Valve LightsBike Accessories Wheel Spokes Tire Cycling LED Light Batteries Tyre Tire Valve Caps La,1.09,1.85,41,57 sold,5,New shoppers save $0.76 | Lowest price in 90 days,CN,si,https://www.aliexpress.us/item/3256805803957792.html,https://ae-pic-a1.aliexpress-media.com/kf/S79be92a8bbad46a3912ef00889fbb833I.jpg
led tire valve caps,3256812901747734,1 pair Car Motorcycle Bicycle Tire Valve Caps Light LED Neon Flash Lamp Waterproof Tyre Universal Wheel Lights,2.16,7.72,72,,,,CN,si,https://www.aliexpress.us/item/3256812901747734.html,https://ae-pic-a1.aliexpress-media.com/kf/Sb0f17a8b85c647e8a64954e5331ead8bA.jpg
led tire valve caps,3256806718060395,1X Pvc Valve Stem LED Dust CAP For Bike Bicycle Car Motorcycle Wheel Tire Light Lamp Fluorescent Bar Type Whee,1.46,2.93,50,92 sold,4.4,"$1.39 each, ≥ 3 pieces | Delivery: Oct 05 - 13",CN,si,https://www.aliexpress.us/item/3256806718060395.html,https://ae-pic-a1.aliexpress-media.com/kf/S6dad56844a65462493c1811a9a9fd751h.jpeg
led tire valve caps,3256812242803155,1-8Pcs Car Hub Ambient Light Bicycle LED Tire Lights Universal Car Neon Lamp Valve Cover Lights Tire Colorful ,1.09,3.97,72,13 sold,,New shoppers save $2.88 | Delivery: Oct 05 - 13,CN,si,https://www.aliexpress.us/item/3256812242803155.html,https://ae-pic-a1.aliexpress-media.com/kf/Sdc0b235dd07d424985dc32112bc6bc39F.jpg
led tire valve caps,3256811555659345,4-16Pcs Tire Valve Cap Lights Colorful LED Wheel Light For Car Air Valve Caps Neon Light For Motorcycles Bicyc,1.09,6.16,82,127 sold,4.2,"$1.04 each, ≥ 2 pieces | New shoppers save $5.07",CN,si,https://www.aliexpress.us/item/3256811555659345.html,https://ae-pic-a1.aliexpress-media.com/kf/Se1dc03e9fba94dd7a65077b0d2ed9a80B.jpg
led tire valve caps,3256810037675033,2Pcs Car Motorcycle Bicycle Tire Valve Caps Light LED Lights Accessories Wheel Neon Lamp Tyre Waterproof Unive,1.09,2.47,55,51 sold,5,New shoppers save $1.38,CN,si,https://www.aliexpress.us/item/3256810037675033.html,https://ae-pic-a1.aliexpress-media.com/kf/S0629d1cdb4054a5a93d169d322f0984dK.jpg
led tire valve caps,3256811796441100,2/4/8pcs Car Hub Ambient Light Bicycle LED Tire Lights Universal Car Neon Lamp Valve Cover Lights Tire Bulb De,1.09,5.91,81,24 sold,5,"$1.04 each, ≥ 2 pieces | New shoppers save $4.82",CN,si,https://www.aliexpress.us/item/3256811796441100.html,https://ae-pic-a1.aliexpress-media.com/kf/Sfa6539af994e409b880d28a57cb1862fO.jpg
led tire valve caps,3256812679010417,Solar Energy LED RGB Car Wheel Tire Light Cap Valve Stem Flash Lamp Decorative Air Cap For Auto Motorcycle,1.09,7.8,86,5 sold,4,New shoppers save $6.71 | Delivery: Oct 05 - 13,CN,si,https://www.aliexpress.us/item/3256812679010417.html,https://ae-pic-a1.aliexpress-media.com/kf/S058a372313314fdf8138f2f71cca69d0K.jpg
led tire valve caps,3256812489944105,2/4PCS Colorful LED Wheel Valve Lights Motorcycles Bicycles Car Wheel Tire Valve Caps Universal Dustproof Bicy,1.09,5.76,81,26 sold,5,New shoppers save $4.67 | Delivery: Oct 05 - 13,CN,si,https://www.aliexpress.us/item/3256812489944105.html,https://ae-pic-a1.aliexpress-media.com/kf/S6b77b33c7a724f64b0dacdbfe9cecc21G.jpg
led tire valve caps,3256806117836592,2pcs Led Flash Tyre Wheel Air Valve Cap Light Car Bike Bicycle Motorcycle Sports Night Riding Wheel Tire Nozzl,1.09,4.5,75,7 sold,,"$1.04 each, ≥ 2 pieces | New shoppers save $3.41",CN,si,https://www.aliexpress.us/item/3256806117836592.html,https://ae-pic-a1.aliexpress-media.com/kf/S9d42e522756142afacb5863e8fa4f704B.jpg
led tire valve caps,3256812883615171,"2Pcs LED Tire Valve Cap Light, Waterproof Wheel Hub Spoke Lamp, Night Riding Warning Decor Light for MTB Bike ",4.87,,,,,,CN,si,https://www.aliexpress.us/item/3256812883615171.html,https://ae-pic-a1.aliexpress-media.com/kf/Sb64dd9b2f65041bf96cfd1385aeee82eY.jpg
led tire valve caps,3256812706304316,"2/4PCS Motion Activated LED Tire Valve Lights, Colorful Waterproof Wheel Lights for Bicycle, E-Bike, Scooter a",4.16,20.36,79,3 sold,,New shoppers save $16.2 | Delivery: Oct 05 - 13,CN,si,https://www.aliexpress.us/item/3256812706304316.html,https://ae-pic-a1.aliexpress-media.com/kf/S291f980c2a5644169efa277e36362e129.jpg
led tire valve caps,3256807327519520,4Pcs Luminous Tire Valve Caps Hub LED Decor Lights 6 Lighting Modes Glowing Caps Waterproof with Motion Sensor,11.99,33.31,64,96 sold,4.4,"$11.39 each, ≥ 2 pieces | New shoppers save $21.32",CN,si,https://www.aliexpress.us/item/3256807327519520.html,https://ae-pic-a1.aliexpress-media.com/kf/S158fbd9f2e9a42d59e93f92439d559b9g.jpg
led tire valve caps,3256807167682836,4Pcs Bicycle Bike LED Lights Tire Valve Cap Car Motorcycle Mountain Bicycle Wheel Tire LED Lights Decoration T,1.09,3.7,70,13 sold,1,New shoppers save $2.61 | Delivery: Oct 05 - 13,CN,si,https://www.aliexpress.us/item/3256807167682836.html,https://ae-pic-a1.aliexpress-media.com/kf/S218745ace6364154a71ec26727d02393w.jpg
led tire valve caps,3256805422821063,2Pcs LED Strobe Tire Valve Caps Lights Car Motorcycle Wheel Tyre Flash Neon Light Lamp Seal Cap Auto Moto Acce,1.09,3.03,64,5 sold,,New shoppers save $1.94 | Lowest price in 90 days,CN,si,https://www.aliexpress.us/item/3256805422821063.html,https://ae-pic-a1.aliexpress-media.com/kf/S004356bbe0a54414b876cb89b5b93bfaj.jpg
led tire valve caps,3256812859361638,2Pcs Tire Valve Cap Lights Tire Lights For Car Air Valve Caps With Lights For Motorcycles Bicycles Electric Ve,1.09,5.36,79,2 sold,,"New shoppers save $4.27 | Early bird deal, only 1 left",CN,si,https://www.aliexpress.us/item/3256812859361638.html,https://ae-pic-a1.aliexpress-media.com/kf/Sfcb331f0905c4a9687ce8deba9d6f877H.jpg
led tire valve caps,3256812057474562,Car Solar Smart Tire Light Car Hub Luminous LED Tire lights Valve Automobile Lights Fluorescent Caps Valve Noz,,,,27 sold,5,,,,https://www.aliexpress.us/item/3256812057474562.html,https://ae-pic-a1.aliexpress-media.com/kf/Sc229245cb6a74cb18530af3d36d7de4e4.jpg
led tire valve caps,3256806733625951,New Design LED Wheels Light Motocycle Car Model USB Charging Auto Wheel Tire Valve Cap Luminous Cycling Hub Li,3.99,19.13,79,7 sold,5,"$3.79 each, ≥ 2 pieces | New shoppers save $15.14",CN,si,https://www.aliexpress.us/item/3256806733625951.html,https://ae-pic-a1.aliexpress-media.com/kf/Se0cdf290a47a41398d3f8156ea272964O.jpg
led tire valve caps,3256807002921676,2Pcs Bicycle Valve Light LED Bike Wheel Light Tire Valve Cap Neon Lamp Waterproof Tyre Wheel Valve Caps Auto A,1.09,5.41,79,75 sold,4.4,"$1.04 each, ≥ 2 pieces | New shoppers save $4.32",CN,si,https://www.aliexpress.us/item/3256807002921676.html,https://ae-pic-a1.aliexpress-media.com/kf/S3c87447fe2c5428e9066cd44a3a4dddck.jpg
led tire valve caps,3256812070422155,Colorful LED Wheel Valve Lights Motorcycle Car Wheel Tire Valve Caps Universal Dustproof Bicycle Valve Cover A,2.71,16.76,83,15 sold,4.8,"$2.58 each, ≥ 2 pieces | New shoppers save $14.05",CN,si,https://www.aliexpress.us/item/3256812070422155.html,https://ae-pic-a1.aliexpress-media.com/kf/S354ddddf2ffb4ed8b37df0b383263353P.jpg
led tire valve caps,3256807026315249,4pcs Tire Valve Caps Lights Car Wheel Tire Tyre Air Valve Stem LED Lights Cap Cover Universal Accessory for Bi,1.09,6.13,82,7 sold,,"$1.03 each, ≥ 2 pieces | New shoppers save $5.04",CN,si,https://www.aliexpress.us/item/3256807026315249.html,https://ae-pic-a1.aliexpress-media.com/kf/S2f06ea6a31fe46b4a0b5448130c0ffd6Y.jpg
led tire valve caps,3256810012700577,2/10Pcs Colorful LED Wheel Valve Lights Motorcycle Car Wheel Tire Valve Caps Universal Dustproof Bicycle Valve,1.09,5.79,81,20 sold,4.4,"$1.04 each, ≥ 2 pieces | New shoppers save $4.7",CN,si,https://www.aliexpress.us/item/3256810012700577.html,https://ae-pic-a1.aliexpress-media.com/kf/S90c01f13c48844329f3d9e764f92aef0T.jpg
led tire valve caps,3256811343276881,2Pcs Car Motorcycle Bicycle Tire Valve Caps Light LED Neon Accessories Flash Wheel Tyre Lights Car Lamp Waterp,1.09,2.35,53,21 sold,5,New shoppers save $1.26,CN,si,https://www.aliexpress.us/item/3256811343276881.html,https://ae-pic-a1.aliexpress-media.com/kf/S4373a48dd3ce424993563b3127df2ad1M.jpg
led tire valve caps,3256807800529695,2Pcs LED Car Motorcycle Air Nozzle Decorative Light Vibration Sensor USB Charging Auto Wheel Tire Valve Cap Hu,1.09,6.37,82,10 sold,4,New shoppers save $5.28,CN,si,https://www.aliexpress.us/item/3256807800529695.html,https://ae-pic-a1.aliexpress-media.com/kf/S68d4f0288be848cb839e28c411bb2df6p.jpg
led tire valve caps,3256812406213498,2Pcs Diamond Design RGB LED Tire Valve Lights Colorful Flashing Waterproof For Bikes Motorbikes Night Riding,1.09,2.6,58,5 sold,1,New shoppers save $1.51,CN,si,https://www.aliexpress.us/item/3256812406213498.html,https://ae-pic-a1.aliexpress-media.com/kf/S113c39a2462d470588efdef237c06358F.jpg
led tire valve caps,3256812905123646,Motorcycle RGB Wheel Neon Light Universal Bike Tire Valve Cap Light Waterproof LED Flash Lamp E-BikeTire Valve,1.09,6.14,82,2 sold,,New shoppers save $5.05 | Delivery: Oct 05 - 13,CN,si,https://www.aliexpress.us/item/3256812905123646.html,https://ae-pic-a1.aliexpress-media.com/kf/Se114dc5cdce2404bafaa6cc5563bf3bfC.jpg
led tire valve caps,3256812269623909,4PCS New Fluorescent Luminous Valve Caps Easy-To-Install Night Glowing Glow-In-The-Dark Caps LED Tire Valve Ca,1.09,1.67,34,49 sold,5,New shoppers save $0.58,CN,si,https://www.aliexpress.us/item/3256812269623909.html,https://ae-pic-a1.aliexpress-media.com/kf/Sd1f618d5f3e14dc8917fd0ed9335c7ede.jpg
led tire valve caps,3256806168399483,New Car LED Flashing Colorful Gas Nozzle Tyre Valve Cap Lamp for Auto Motorcycle Bicycle Tire Wheel Light Moti,1.09,3.97,72,149 sold,4.3,"$1.03 each, ≥ 3 pieces | New shoppers save $2.88",CN,si,https://www.aliexpress.us/item/3256806168399483.html,https://ae-pic-a1.aliexpress-media.com/kf/Saaa339b93e284abe90d1a3dd4187a9e6Z.jpg
led tire valve caps,3256813104134757,2/4PCS LED Tire Valve Cap Lights Durable Air Valve Caps with Lights for Cars Motorcycles Bikes EVs,11.69,19.48,40,,,Extra 2% off with coins,CN,si,https://www.aliexpress.us/item/3256813104134757.html,https://ae-pic-a1.aliexpress-media.com/kf/S47b6a3138cf64e91954678faaee0ac46X.jpg
led tire valve caps,3256813115135692,2/4Pcs Car Motorcycle Bicycle Tire Valve Caps Light LED Neon Flash Lamp Waterproof Tyre Universal Wheel Lights,9.44,15.74,40,,,Extra 2% off with coins,CN,si,https://www.aliexpress.us/item/3256813115135692.html,https://ae-pic-a1.aliexpress-media.com/kf/Sfee43efd217d4d7bbcee56da86e3840d8.jpg
led tire valve caps,3256813115213465,2/4/8Pcs Colorful LED Wheel Lights Car Tire Valve Caps Neon Light Universal Motorcycle Bicycle Valve Cover Aut,9.4,15.67,40,,,Extra 2% off with coins,CN,si,https://www.aliexpress.us/item/3256813115213465.html,https://ae-pic-a1.aliexpress-media.com/kf/S1c220301941e4b9a88ecc54ad9e15f1dh.jpg
led tire valve caps,3256813115155661,2/4/8Pcs Tire Valve Cap Lights Colorful LED Wheel Light For Car Air Valve Caps Neon Light for Motorcycles Bicy,9.4,15.67,40,,,Extra 2% off with coins,CN,si,https://www.aliexpress.us/item/3256813115155661.html,https://ae-pic-a1.aliexpress-media.com/kf/Sca3a3493892a45bf83efb0bc95c861e8I.jpg
led tire valve caps,3256813106284889,4Pcs Universal Car Motorcycle Bicycle Tire Valve Caps Light LED Neon Flash Lamp Waterproof Tyre Wheel Lights C,3.89,14.42,73,,,"Early bird deal, only 1 left | Delivery: Oct 05 - 13",CN,si,https://www.aliexpress.us/item/3256813106284889.html,https://ae-pic-a1.aliexpress-media.com/kf/Sc07efc76a1c54477991e44168dd48f93i.png
led tire valve caps,3256813084660343,2Pcs Tire Valve Cap Light RGB Motion Sensor LED Tyre Valve Stem Light Auto Wheel Decor Lamp For Car Motorcycle,2.2,8.92,75,,,"Early bird deal, only 1 left | Delivery: Oct 05 - 13",CN,si,https://www.aliexpress.us/item/3256813084660343.html,https://ae-pic-a1.aliexpress-media.com/kf/S80a2fd8c2f30455888925cf754e5f9f4H.png
led tire valve caps,3256805786864484,2/4Pcs Car Motorcycle Bicycle Tire Valve Caps Light LED Neon Flash Lamp Waterproof Tyre Universal Wheel Lights,,,,"2,000+ sold",4.4,,,,https://www.aliexpress.us/item/3256805786864484.html,https://ae-pic-a1.aliexpress-media.com/kf/S817d0b7e8d6d4f839c5e9089976ca1c1U.jpg
led tire valve caps,3256808934109023,2/4/8Pcs Tire Valve Cap Lights Durable Tire Lights For Car Air Valve Caps With Lights For Motorcycles Bicycles,0.33,5.03,93,"2,000+ sold",4,Delivery: Oct 05 - 13,CN,si,https://www.aliexpress.us/item/3256808934109023.html,https://ae-pic-a1.aliexpress-media.com/kf/Sbf6934b7e6c8437da71d588e976bf23aL.jpg
led tire valve caps,3256811446767450,2/4/8Pcs Colorful LED Wheel Tire Valve Lights Motorcycle Car Wheel Tire Valve Caps Universal Dustproof Bicycle,1.09,4.54,76,700+ sold,4.1,"$1.04 each, ≥ 2 pieces | New shoppers save $3.45",CN,si,https://www.aliexpress.us/item/3256811446767450.html,https://ae-pic-a1.aliexpress-media.com/kf/S8ccafaa318644cb0bbaa077d902fa40d4.jpg
led tire valve caps,3256812270524564,2/4Pcs Car Motorcycle Bicycle Tire Valve Caps Light LED Neon Flash Lamp Waterproof Tyre Universal Wheel Lights,2,13.99,85,88 sold,4.6,New shoppers save $11.99 | Delivery: Oct 05 - 13,CN,si,https://www.aliexpress.us/item/3256812270524564.html,https://ae-pic-a1.aliexpress-media.com/kf/S43cb9d3963a7401a972ed3baa023ccdbq.jpg
led tire valve caps,3256812115795023,"Car tire valve cap, personalized universal core, emitting light, flashing lights, night light sensing, seven c",,,,161 sold,4.3,,,,https://www.aliexpress.us/item/3256812115795023.html,https://ae-pic-a1.aliexpress-media.com/kf/Sdaef911eb7184a04b4cddc1ffd129ff6g.jpg
led tire valve caps,3256806336552550,Colorful Gas Nozzle Lamp Car Auto Wheel Tire Tyre Air Valve Stem LED Light Cap Cover Accessories For Bike Car ,1.09,2.35,53,78 sold,3.9,New shoppers save $1.26,CN,si,https://www.aliexpress.us/item/3256806336552550.html,https://ae-pic-a1.aliexpress-media.com/kf/S41420ba8648344f9a0196a4db8803734w.jpg
led tire valve caps,3256807222994879,2PCS Bicycle Tire Valve Cap LED Lights Colorful Flash Lamps Auto Car Motorcycle Tire Air Valve Wheel Light Bik,1.09,4.16,73,7 sold,,"$1.04 each, ≥ 3 pieces | New shoppers save $3.07",CN,si,https://www.aliexpress.us/item/3256807222994879.html,https://ae-pic-a1.aliexpress-media.com/kf/S1e57bc924d644eefa4ba2448fed27d06Q.jpg
led tire valve caps,3256812780255313,2-10Pcs Tire Valve Cap Lights Colorful LED Wheel Light For Car Air Valve Caps Neon Light For Motorcycles Bicyc,1.09,5.66,80,4 sold,,New shoppers save $4.57 | Delivery: Oct 05 - 13,CN,si,https://www.aliexpress.us/item/3256812780255313.html,https://ae-pic-a1.aliexpress-media.com/kf/S5d594fd48a3d42fea6813d85d323070bq.jpg
led tire valve caps,3256803512329765,Valve Caps for Car Light LEDS Tyre Wheel Tire Valve Cap Fireflys Bicicle Light Road MTB Mountain Bike Lights w,3.23,4.36,26,9 sold,3,Extra 2% off with coins,CN,si,https://www.aliexpress.us/item/3256803512329765.html,https://ae-pic-a1.aliexpress-media.com/kf/S0348a4a902e1462b9f03c122b1fa5571B.jpg
led tire valve caps,3256807700014101,4x Neon Tire Valve Cap Lights Durable Vibrating Flashing Wheel Tire Valve Caps for Car Air Valve Caps With Lig,1.09,8.11,86,145 sold,3.7,"$1.04 each, ≥ 2 pieces | New shoppers save $7.02",CN,si,https://www.aliexpress.us/item/3256807700014101.html,https://ae-pic-a1.aliexpress-media.com/kf/Sf8fc64e7c2444e9996aa0475c269c2dfK.jpg
led tire valve caps,3256812713953981,"2/4PCS LED Tire Valve Cap Wheel Lights, Colorful Motion Activated Waterproof Flashing Lamps for E-Bike, Bicycl",4.57,20.36,77,3 sold,5,New shoppers save $15.79 | Delivery: Oct 05 - 13,CN,si,https://www.aliexpress.us/item/3256812713953981.html,https://ae-pic-a1.aliexpress-media.com/kf/S13934aeddb924929baa8dd567c48417bz.jpg
led tire valve caps,3256808112199333,Car Solar Smart Tire Light Car Hub Luminous LED Tire Valve Caps lights Automobile Wheel Lights Nozzle Valve Ca,1.09,4.04,72,1 sold,,New shoppers save $2.95,CN,si,https://www.aliexpress.us/item/3256808112199333.html,https://ae-pic-a1.aliexpress-media.com/kf/S22df18d14b224780b3f811bc9d712fc29.jpg
led tire valve caps,3256807257679055,2PCS Wheel Spoke Tire Valve Cap for Bike Bicycle Motorcycle Car Gemstone Skull Shape Neon LED Light Lamp Bulb ,1.09,4.06,73,119 sold,4.8,New shoppers save $2.97 | Lowest price in 90 days,CN,si,https://www.aliexpress.us/item/3256807257679055.html,https://ae-pic-a1.aliexpress-media.com/kf/S797c99da5df449a1998c1819bebf55013.jpg
led tire valve caps,3256812584813126,Auto Wheel Lights Nozzle Valve Cover Solar Smart Tire LED Tire Hub Fluorescent Luminous Wheel Valve Light Cap ,1.09,9.65,88,2 sold,,New shoppers save $8.56 | Delivery: Oct 05 - 13,CN,si,https://www.aliexpress.us/item/3256812584813126.html,https://ae-pic-a1.aliexpress-media.com/kf/S88b54c9d59974e159d90907bd50f55f0A.jpg
led tire valve caps,3256811437887448,2/4/8Pcs Colorful LED Wheel Valve Lights Motorcycle Car Wheel Tire Valve Caps Universal Dustproof Bicycle Valv,1.09,4.48,75,144 sold,3.8,"$1.04 each, ≥ 2 pieces | New shoppers save $3.39",CN,si,https://www.aliexpress.us/item/3256811437887448.html,https://ae-pic-a1.aliexpress-media.com/kf/Scea6d1c90bf148e8ac876689e7e3ee21h.jpg
led tire valve caps,3256812017186082,2/10Pcs Tire Valve Cap Lights Durable Tire Lights For Car Air Valve Caps With Lights For Motorcycles Bicycles ,1.09,5.95,81,5 sold,5,"$1.04 each, ≥ 2 pieces | New shoppers save $4.86",CN,si,https://www.aliexpress.us/item/3256812017186082.html,https://ae-pic-a1.aliexpress-media.com/kf/Sa8e4d741407546798bc09994142c0d24B.jpg
led tire valve caps,3256812374564334,"LED Bicycle Valve Light, Neon Bicycle Spoke Light, Bicycle Tire Valve Light, Night Riding Warning Light Bicycl",1.09,5.11,78,8 sold,,New shoppers save $4.02 | Delivery: Oct 05 - 13,CN,si,https://www.aliexpress.us/item/3256812374564334.html,https://ae-pic-a1.aliexpress-media.com/kf/S788c215e741740d9ad0e393bec93ae12q.jpg
led tire valve caps,3256812746176282,2/4Pcs Car Motorcycle Bicycle Tire Valve Caps Light LED Neon Flash Lamp Waterproof Tyre Universal Wheel Lights,1.24,13.87,91,14 sold,3,New shoppers save $12.63 | Delivery: Oct 05 - 13,CN,si,https://www.aliexpress.us/item/3256812746176282.html,https://ae-pic-a1.aliexpress-media.com/kf/S7e6d08cbde7b40e7aa124430a002601bY.jpg
led tire valve caps,3256812319535085,"LED Tire Valve Cap Lights, Multi-Color Flash, Waterproof, Motion Activated, for Cars, Motorcycles & Bikes",1.33,7.57,82,174 sold,3.9,Delivery: Oct 05 - 13,CN,si,https://www.aliexpress.us/item/3256812319535085.html,https://ae-pic-a1.aliexpress-media.com/kf/S56cf6bac9f984ff092ee17203ff70e41l.jpg
car scratch remover,3256812724154671,Upgraded Car Scratch Remover Kit Car Scratch Repair Paste Polishing Automotive Swirl Remover Anti Scratch Poli,1.33,3.77,64,900+ sold,4.9,,CN,si,https://www.aliexpress.us/item/3256812724154671.html,https://ae-pic-a1.aliexpress-media.com/kf/S19a50f09cb3a4feb80d5b557a7e9d926k.jpg
car scratch remover,3256811827538144,Car Scratch Remover Paint Care Tools Auto Swirl Remover Scratches Repair Polishing Auto Body Grinding Compound,2.33,4.87,52,"10,000+ sold",4.9,,CN,si,https://www.aliexpress.us/item/3256811827538144.html,https://ae-pic-a1.aliexpress-media.com/kf/S97319d5105ff4e2bb3200bcdb4e4847dH.jpg
car scratch remover,3256807958641511,Automobile Refinishing Coating Painting Scratch Repair Putty Filler Quick Drying Car Body Smooth Repair Tool S,1.76,3.67,52,"4,000+ sold",4.9,Delivery: Oct 05 - 13 | Extra 2% off with coins,CN,si,https://www.aliexpress.us/item/3256807958641511.html,https://ae-pic-a1.aliexpress-media.com/kf/S954cee5dbfb84d2b9612add6f56618b3D.jpg
car scratch remover,3256811549634662,LP0204 Scratch Remover for Car Scratches,5.41,11.41,52,"4,000+ sold",4.5,New shoppers save $6 | Top selling on AliExpress,CN,si,https://www.aliexpress.us/item/3256811549634662.html,https://ae-pic-a1.aliexpress-media.com/kf/Sbcf78802256446889fecf80e63a3a865i.jpg
car scratch remover,3256812469331673,Car Scratch Repair Kit Auto Paint Care Scuffs Remover Fluid With Sponge Buffing Compound Quick Door Handle Scr,4.96,9.92,50,325 sold,4.9,Delivery: Oct 05 - 13 | Extra 2% off with coins,CN,si,https://www.aliexpress.us/item/3256812469331673.html,https://ae-pic-a1.aliexpress-media.com/kf/Sb284e89fba9a4176a5d9d2d198efb31ee.jpg
car scratch remover,3256812165572585,Car Windshield Scratch Repair Wax Removes Various Types Of Car Window Scratches Convenient For Outdoor Car Cle,1.09,7.51,85,3 sold,,New shoppers save $6.42 | Delivery: Oct 05 - 13,CN,si,https://www.aliexpress.us/item/3256812165572585.html,https://ae-pic-a1.aliexpress-media.com/kf/S2b9cf593cb404239a48719485c4af7c3S.jpg
car scratch remover,3256812075163377,Ceramic Coating for Cars Paint Protection Auto Detailing Liquid Wax Nano Spray Top Coat Anti Scratch Shine Pol,1.09,10.54,89,7 sold,,New shoppers save $9.45 | Extra 1% off with coins,CN,si,https://www.aliexpress.us/item/3256812075163377.html,https://ae-pic-a1.aliexpress-media.com/kf/S278ce0b060d444c5b579f7ed4c2287693.png
car scratch remover,3256812489030949,Car Scratch Remover Paint Care Tools Auto Swirl Remover Scratches Repair Polishing Auto Body Grinding Compound,13.45,42.03,68,87 sold,5,,CN,si,https://www.aliexpress.us/item/3256812489030949.html,https://ae-pic-a1.aliexpress-media.com/kf/Se402c1b03f72465eb4deb107a1d00de9t.jpg
car scratch remover,3256808128932654,100ML Car Paint Care Scratch Repair Agent Car Scratch Repair Polishing Paint Scratch Agent Cleaning and Washin,1.09,7.14,84,3 sold,,New shoppers save $6.05 | Extra 1% off with coins,CN,si,https://www.aliexpress.us/item/3256808128932654.html,https://ae-pic-a1.aliexpress-media.com/kf/Sd32295b35eff41d4bd4bb3b651b5dbd8m.jpg
car scratch remover,3256811592659104,"Black Car Wax 100G - Universal Scratch Repair, Polishing, Rust Prevention Maintenance Wax And Sponge, Enhances",1.09,10.63,89,2 sold,1,New shoppers save $9.54 | Extra 1% off with coins,CN,si,https://www.aliexpress.us/item/3256811592659104.html,https://ae-pic-a1.aliexpress-media.com/kf/Sf0b10dc2312a42fcbf938d3dc5535197f.png
car scratch remover,3256812453678851,"120g Car Paint Scratch Remover, Repair Polishing Cream and Nano Coating Agent for Most Vehicle Colors and Surf",1.09,10.39,89,1 sold,,New shoppers save $9.3 | Lowest price in 90 days,CN,si,https://www.aliexpress.us/item/3256812453678851.html,https://ae-pic-a1.aliexpress-media.com/kf/S59cb8b57f4204a0a98bba63a7752a5bbU.jpg
car scratch remover,3256809936374394,Scratch Remover for Car Scratches,22.57,33.07,31,"3,000+ sold",4.3,New shoppers save $10.5,CN,si,https://www.aliexpress.us/item/3256809936374394.html,https://ae-pic-a1.aliexpress-media.com/kf/S805c061de4db4f9c975f30cc4d4f6040d.jpg
car scratch remover,3256809271421346,Car Ceramic Nano Wax Coating Auto Nano Crystal Hydrophobic Layer Anti-Scratches Car Polishing Scratch Repair C,0.33,5.48,94,"5,000+ sold",4.5,Top selling on AliExpress,CN,si,https://www.aliexpress.us/item/3256809271421346.html,https://ae-pic-a1.aliexpress-media.com/kf/Sea4befeb0c4147f580928f386a086de4I.jpg
car scratch remover,3256812162249426,Car Scratch Remover Wax Quick Repair Polish for Light to Moderate Scratches Swirl Marks Paint Blemishes Gloss ,1.33,6.66,80,800+ sold,4.3,,CN,si,https://www.aliexpress.us/item/3256812162249426.html,https://ae-pic-a1.aliexpress-media.com/kf/S27875b1e1a5e43f882f579904d0aa042D.png
car scratch remover,3256811557367617,"Black Car Wax – Universal Scratch Repair, Polishing & Rust Prevention, Enhanced Shine, Anti-Aging Care for Bla",1.09,10.91,89,6 sold,3,New shoppers save $9.82 | Extra 1% off with coins,CN,si,https://www.aliexpress.us/item/3256811557367617.html,https://ae-pic-a1.aliexpress-media.com/kf/S83ae0c8d027b46bdb354410e7e9c2385A.jpg
car scratch remover,3256809513639754,Car Scratch Remover Paint Care Tools Auto Swirl Remover Scratches Repair Polishing Auto Body Grinding Compound,4.39,10.19,56,"5,000+ sold",4.2,,CN,si,https://www.aliexpress.us/item/3256809513639754.html,https://ae-pic-a1.aliexpress-media.com/kf/S2ae3c147657649b8a527f7aba5c002bek.jpg
car scratch remover,3256812462830640,"Car Scratch Repair Compound, Paint-Safe Polish for Fine Scratches and Surface Marks",1.09,7.09,84,3 sold,,New shoppers save $6 | Extra 1% off with coins,CN,si,https://www.aliexpress.us/item/3256812462830640.html,https://ae-pic-a1.aliexpress-media.com/kf/Sc50e53419c3446749daa4e81acc0e047x.jpg
car scratch remover,3256813055021062,Car Bike Motorcycle Scratch Remover Paint Care Tools Auto Swirl Remover Scratches Repair Polishing Bicycle Ant,2.19,5.34,59,24 sold,,"Early bird deal, only 4 left | Extra 1% off with coins",CN,si,https://www.aliexpress.us/item/3256813055021062.html,https://ae-pic-a1.aliexpress-media.com/kf/Sa1ac18e6d83b4982be3c256db31c851aS.jpg
car scratch remover,3256808981700962,"Nano Brilliant Car Scratch Remover and Polish Kit - Scratch Repair Wax for Swirls, Scratches, and Minor Paint ",1.09,12.74,91,60 sold,4.3,New shoppers save $11.65 | Lowest price in 90 days,CN,si,https://www.aliexpress.us/item/3256808981700962.html,https://ae-pic-a1.aliexpress-media.com/kf/S7ef51e46f6044d5a948d686574ab896cJ.jpg
car scratch remover,3256812799470774,Car Scratch Remover Paint Care Tools Auto Swirl Remover Scratches Repair Polishing Auto Body Grinding Compound,16.43,31.01,47,94 sold,5,,CN,si,https://www.aliexpress.us/item/3256812799470774.html,https://ae-pic-a1.aliexpress-media.com/kf/Se37d24fbffbf4d24ba5771376139f86cd.jpg
car scratch remover,3256809337007268,"Rayhong Car Paint Touch Up Pen, Car Paint Scratch Repair, Refurbishment, Car Color Touch Up Pen",1.09,11.55,90,35 sold,3.8,New shoppers save $10.46 | Lowest price in 90 days,CN,si,https://www.aliexpress.us/item/3256809337007268.html,https://ae-pic-a1.aliexpress-media.com/kf/S46bb15fa098341d38e64cba5ca73d443k.png
car scratch remover,3256813065734894,Car Scratch Remover 20ml Lasting Protective Shine Restorer Paint Scratch Removing Paste for Commuting Travel R,1.53,6.96,78,,,"Early bird deal, only 1 left | Extra 1% off with coins",CN,si,https://www.aliexpress.us/item/3256813065734894.html,https://ae-pic-a1.aliexpress-media.com/kf/Se4955040dd474823a27e70b37a3d7127j.jpg
car scratch remover,3256812958978632,Car Scratch Remover Anti Scratch Wax Auto Swirl Remover Paint Care Tools Body Grinding Compound Scratches Repa,1.61,5.36,70,,,"Early bird deal, only 1 left | Extra 1% off with coins",CN,si,https://www.aliexpress.us/item/3256812958978632.html,https://ae-pic-a1.aliexpress-media.com/kf/S87f8e06a888f4b209cb387db41c6167d2.jpg
car scratch remover,3256811591689462,1*/O-D Car Scratch Remover Paint Repair Wax Auto Scratch Repair for All Colors Brightening Coating RT589*,1.09,10.19,89,"2,000+ sold",4.4,New shoppers save $9.1 | Lowest price in 90 days,CN,si,https://www.aliexpress.us/item/3256811591689462.html,https://ae-pic-a1.aliexpress-media.com/kf/S01eaac5c564343789fcc2e6359b135e9C.jpg
car scratch remover,3256813075601121,Car Scratch Repair Cloth Nano Polishing Towel Microfiber Auto Paint Swirl Remover Rag Dry Wet Use For Car Glas,1.38,6.56,78,,,"Early bird deal, only 1 left | Delivery: Oct 05 - 13",CN,si,https://www.aliexpress.us/item/3256813075601121.html,https://ae-pic-a1.aliexpress-media.com/kf/S806cfaea8a384ddda565c871da0583e8U.png
car scratch remover,3256813064917331,Bike Motorcycle Car Scratch Remover Kit Bicycle Scratch Repair Paste Polishing Automotive Swirl Remover Anti S,1.61,5.4,70,24 sold,5,"Early bird deal, only 1 left | Extra 1% off with coins",CN,si,https://www.aliexpress.us/item/3256813064917331.html,https://ae-pic-a1.aliexpress-media.com/kf/S1cb213bb0a2e43bc90d2957e9e8ae9925.jpg
car scratch remover,3256812941474337,Car Scratch Remover Paint Care Tools Auto Swirl Remover Scratches Repair Polishing Wax Body Grinding Compound ,2.53,5.28,52,,,Extra 1% off with coins,CN,si,https://www.aliexpress.us/item/3256812941474337.html,https://ae-pic-a1.aliexpress-media.com/kf/Sdc9b1113a4064d058ab4b544e3f29b0d3.jpg
car scratch remover,3256812488960336,QP703 Auto Car Care Polishing and Polishing Compound Paste Car Paint Repair Car Scratch Remover for Autos Body,11.48,22.96,50,127 sold,5,Top selling on AliExpress,CN,si,https://www.aliexpress.us/item/3256812488960336.html,https://ae-pic-a1.aliexpress-media.com/kf/S8b2368a7cd7b4dce82f7d155390f44f6q.jpg
car scratch remover,3256812980638388,5pcs NanoMagic Car Scratch Remover Cloth Multipurpose Scratch Nanomagic Cloth-New,1.09,3.62,70,,,"Early bird deal, only 1 left | Delivery: Oct 05 - 13",CN,si,https://www.aliexpress.us/item/3256812980638388.html,https://ae-pic-a1.aliexpress-media.com/kf/S0a02f22952a948acb7c7a3fe677e1161y.jpg
car scratch remover,3256812967525743,Car Scratch Remover Paint Care Tools Auto Swirl Remover Scratches Repair Polishing Wax Body Grinding Compound ,1.51,5.03,70,,,"Early bird deal, only 1 left | Extra 1% off with coins",CN,si,https://www.aliexpress.us/item/3256812967525743.html,https://ae-pic-a1.aliexpress-media.com/kf/A6fad4b9ad4884435b8202ca5f811ccd67.png
car scratch remover,3256812934684533,Car Scratch Remover Paste Automobile Paint Repair Wax Car Scratches Repair Automobile Surface Cleaning And Bea,2.83,5.9,52,,,Extra 1% off with coins,CN,si,https://www.aliexpress.us/item/3256812934684533.html,https://ae-pic-a1.aliexpress-media.com/kf/Sbaed69db82544bc28c0fa4ccfa6b7b8cQ.png
car scratch remover,3256808562276942,Car Scratch Remover for Autos Body Paint Scratch Care Auto Car Care Polishing and Polishing Compound Paste Car,15.86,21.86,27,"1,000+ sold",4.3,New shoppers save $6 | Lowest price in 90 days,CN,si,https://www.aliexpress.us/item/3256808562276942.html,https://ae-pic-a1.aliexpress-media.com/kf/S8c96137390944f0a82857c6979803e9bI.jpg
car scratch remover,3256813024233200,Car Scratch Repair Wax Quick Fix Polishing Paste Auto Paint Scratch Remover Erase Fine Lines Swirl Marks Surfa,1.6,6.42,75,,,"Early bird deal, only 1 left | Extra 1% off with coins",CN,si,https://www.aliexpress.us/item/3256813024233200.html,https://ae-pic-a1.aliexpress-media.com/kf/S8f7fc9db897c40da9b288e9e41ecb0d9G.png
car scratch remover,3256813066558862,1pc Car Scratch Remover 100ml Exterior Swirl Restorer Spray Car Scratch Eraser For Truck SUV Van Motorcycle Ho,2.76,10.83,74,,,"Early bird deal, only 1 left | Extra 1% off with coins",CN,si,https://www.aliexpress.us/item/3256813066558862.html,https://ae-pic-a1.aliexpress-media.com/kf/Sede25a27cb6540dd86a2f4ba73b3995eQ.jpg
car scratch remover,3256812948843328,Car Scratch Remover Paste Cleans Dust Impurities Fix Minor Scratches Swirl Marks Gloss Enhance Auto Body Paint,3.65,10.73,66,,,"Early bird deal, only 1 left | Extra 1% off with coins",CN,si,https://www.aliexpress.us/item/3256812948843328.html,https://ae-pic-a1.aliexpress-media.com/kf/S63aaf8e8002043098ee2bb4641842976J.jpg
car scratch remover,3256809570884825,"Car Scratch Remover Nano Polish, Suitable for Various Paint Colors, Restoration & Repair Cream, Multi-Purpose ",2.33,6.89,66,"1,000+ sold",4.2,,CN,si,https://www.aliexpress.us/item/3256809570884825.html,https://ae-pic-a1.aliexpress-media.com/kf/Sb70a488e59794e2ba11ce5a9cfb2349fJ.jpg
car scratch remover,3256812985323813,Bicycle Motorcycle Scratch Repair Polish Kit Bike Car Paint Scratch Remover Paste Kit Auto Body Grinding Anti ,1.61,5.4,70,24 sold,,"Early bird deal, only 1 left | Extra 1% off with coins",CN,si,https://www.aliexpress.us/item/3256812985323813.html,https://ae-pic-a1.aliexpress-media.com/kf/S3fe7df7be5e74668b8ccf76e356df659n.jpg
car scratch remover,3256813052489276,Car Scratch Removal Wax Kit Repair Light Swirl Mark Water Spots Body Paint Polish Restore Gloss Auto Care Tool,3.42,11.78,70,,,"Early bird deal, only 1 left | Extra 1% off with coins",CN,si,https://www.aliexpress.us/item/3256813052489276.html,https://ae-pic-a1.aliexpress-media.com/kf/Se407829c745d4512a2f5be759ee44f11Q.jpg
car scratch remover,3256806587828344,Car scratch repair Wax paint for refurbished cars clean decontamination scratches polishing wax plated crystal,1.09,10.25,89,2 sold,,New shoppers save $9.16 | Extra 1% off with coins,CN,si,https://www.aliexpress.us/item/3256806587828344.html,https://ae-pic-a1.aliexpress-media.com/kf/S7d92c12b849643edaff07cb725972d4dn.jpg
car scratch remover,3256810440668686,"Glass scratch repair wax,easy to use and residue-free car window paint scratch remover, deep scratch removal, ",13.15,46.97,72,"1,000+ sold",4.6,,CN,si,https://www.aliexpress.us/item/3256810440668686.html,https://ae-pic-a1.aliexpress-media.com/kf/Scdd110e67cde4c36a7f17e3fca4f1450A.jpg
car scratch remover,3256812978921774,"Car Scratch Removal Polish 120ml Wax Paint Restorer for Detailing & Exterior Protection, Shine & Maintenance",2.96,7.78,62,,,"Early bird deal, only 1 left | Extra 1% off with coins",CN,si,https://www.aliexpress.us/item/3256812978921774.html,https://ae-pic-a1.aliexpress-media.com/kf/Sfc47379880604181bb487898d3e9fbf0z.jpg
car scratch remover,3256808132148155,Car Scratch Remover Paint Care Tools Auto Swirl Remover Scratches Repair Polishing Auto Body Grinding Compound,2.33,2.88,18,"10,000+ sold",4.3,Top selling on AliExpress,CN,si,https://www.aliexpress.us/item/3256808132148155.html,https://ae-pic-a1.aliexpress-media.com/kf/Sd8cc1a9f6a544ca49e3f598e9e66a99cu.jpg
car scratch remover,3256813023616444,Car Scratch Remover Paste Automobile Paint Repair Wax Car Scratches Repair Automobile Surface Cleaning And Bea,1.87,6.44,71,,,"Early bird deal, only 1 left | Extra 1% off with coins",CN,si,https://www.aliexpress.us/item/3256813023616444.html,https://ae-pic-a1.aliexpress-media.com/kf/Sdb8fff0619064df18bb8979763f88ef1O.png
car scratch remover,3256809715332671,Car Scratch Remover Paint Care Tools Auto Swirl Remover Scratches Repair Polishing Auto Body Grinding Compound,18.35,26.22,30,163 sold,4.6,Lowest price in 90 days,CN,si,https://www.aliexpress.us/item/3256809715332671.html,https://ae-pic-a1.aliexpress-media.com/kf/Sceded5ba54eb4481b0f1ecc70bc991e2D.jpg
car scratch remover,3256812979089041,【M】Car Chrome Repair Touch Up Pen Metal Emblem Wheel Hub Scratch Remover Anti Rust Chrome Plating Marker Auto ,2.03,8.12,75,,,"Early bird deal, only 1 left | Extra 1% off with coins",CN,si,https://www.aliexpress.us/item/3256812979089041.html,https://ae-pic-a1.aliexpress-media.com/kf/Sfa33ebfe900b42ff8c74b8d6af55b243V.jpg
car scratch remover,3256807428513903,Black Car Wax Polishing Coat Polishing Maintenance Wax Black wax Universal Scratch Repair Paint,3.56,27.62,87,30 sold,4,New shoppers save $24.06 | Extra 1% off with coins,CN,si,https://www.aliexpress.us/item/3256807428513903.html,https://ae-pic-a1.aliexpress-media.com/kf/Sb525c02b59f143afb15d27ad6824bf63h.jpg
car scratch remover,2255800203172164,Car Black Wax Care Paint Waterproof Care Scratch Repair Car Styling Crystal Hard Car Wax Polish Scratch Remove,4.17,10.17,58,5 sold,,New shoppers save $6,CN,si,https://www.aliexpress.us/item/2255800203172164.html,https://ae-pic-a1.aliexpress-media.com/kf/H95fc8a471ac0499083a62eaecca82dc0B.jpg
car scratch remover,3256812696288722,Car Scratch Remover Paint Care Tools Auto Swirl Remover Scratches Repair Polishing Auto Body Grinding Compound,17.05,31.01,45,180 sold,5,,CN,si,https://www.aliexpress.us/item/3256812696288722.html,https://ae-pic-a1.aliexpress-media.com/kf/S2962e39fba3a4bf6bebe9d404afdfbd74.jpg
car scratch remover,3256812934648660,Car Scratch Remover Paint Care Tool Car Scratch Remover Scratch Repair Paint Polishing Agent Car Body Abrasive,3.18,6.62,52,,,Extra 1% off with coins,CN,si,https://www.aliexpress.us/item/3256812934648660.html,https://ae-pic-a1.aliexpress-media.com/kf/Sc53c3223a14e469b934755e72a90930ck.png
car scratch remover,3256812521887839,3PCS Auto Detailing Cloth Easily Repair Nanosparkle Car Scratches Repairer Nano Sparkle Erase Scratch Remover ,1.09,4.33,74,1 sold,,New shoppers save $3.24 | Delivery: Oct 05 - 13,CN,si,https://www.aliexpress.us/item/3256812521887839.html,https://ae-pic-a1.aliexpress-media.com/kf/Sd6d55f83dbdb4bb7ab8e831dca71c628y.jpg
car scratch remover,3256812150771345,Car Scratch Remover Paint Care Remove Swirl Marks Repair Broken Paint Anti Scratch Wax Auto Universal Paint Gr,1.09,3.45,68,900+ sold,4.7,New shoppers save $2.36 | Top selling on AliExpress,CN,si,https://www.aliexpress.us/item/3256812150771345.html,https://ae-pic-a1.aliexpress-media.com/kf/S164d2eba294346b3884ed98b1b878725b.png
car scratch remover,3256808569868790,"Car Scratch Repair Polish, Scratch Remover, Paint Care Tools, Auto Parts, Car Body Scratch Repair, Composite M",12.69,45.32,72,80 sold,5,,CN,si,https://www.aliexpress.us/item/3256808569868790.html,https://ae-pic-a1.aliexpress-media.com/kf/Sa1fd84a7df044e609ac8ba260c2ae6dfb.jpg
car scratch remover,3256812954157814,CANYEOOK Scratch & Swirl Remover Ceramic Coating Car Paint Polish All Colors 100g,3.27,12.6,74,,,"Early bird deal, only 1 left | Extra 1% off with coins",CN,si,https://www.aliexpress.us/item/3256812954157814.html,https://ae-pic-a1.aliexpress-media.com/kf/S07389a3a4c3b48d9a14b7891dd8ac3f6y.png
car scratch remover,3256812928614658,CANYEOOK Scratch & Swirl Remover 100g - Remove Scratches Swirl Marks Ceramic Sealant Restore Shine for All Car,1.09,13.25,91,1 sold,,"New shoppers save $12.16 | Early bird deal, only 4 left",CN,si,https://www.aliexpress.us/item/3256812928614658.html,https://ae-pic-a1.aliexpress-media.com/kf/Sf59b5436a1bb471b9cb245c272dcba5fL.png
car scratch remover,3256812958727125,Car Scratch Remover Paint Care Tools Auto Swirl Remover Scratches Repair Polishing Auto Body Grinding Compound,1.09,6.06,81,1 sold,,"New shoppers save $4.97 | Early bird deal, only 4 left",CN,si,https://www.aliexpress.us/item/3256812958727125.html,https://ae-pic-a1.aliexpress-media.com/kf/S895819046ba7494e8d25f7aa87da30aaM.jpg
car scratch remover,3256810232142874,Car Scratch Remover Paint Care Tools Auto Swirl Remover Scratches Repair Polishing Auto Body Grinding Compound,4.19,8.8,52,"1,000+ sold",4.3,,CN,si,https://www.aliexpress.us/item/3256810232142874.html,https://ae-pic-a1.aliexpress-media.com/kf/Sbbd807de350749f5baedf976591b1194o.jpg
car scratch remover,3256812355118528,"Car Scratch Remover, with Sponge Included. Suitable for Minor Scratch Repair Like Bumper Scratches And Stone A",1.09,6.17,82,2 sold,,New shoppers save $5.08 | Extra 1% off with coins,CN,si,https://www.aliexpress.us/item/3256812355118528.html,https://ae-pic-a1.aliexpress-media.com/kf/S55dc98ad9cc74e6d8e0dee3f7f266f9cR.jpg
car scratch remover,3256812798707814,AUTOGO Car Scratch Removal Wax Auto Paint Scratch Repair Paste Polishing Compound Remove Swirl Marks Stain Oxi,2.11,4.23,50,,,Extra 1% off with coins,CN,si,https://www.aliexpress.us/item/3256812798707814.html,https://ae-pic-a1.aliexpress-media.com/kf/Sfd989ea51d6640c295ffc925531bb487O.jpg
car scratch remover,3256812577428079,Hikmarion Car Paint Maintain Kit Removes Scratches Swirl Marks Gloss Enhancement Blemishes Repair Paint Grindi,5.18,10.79,52,3 sold,,Extra 1% off with coins,CN,si,https://www.aliexpress.us/item/3256812577428079.html,https://ae-pic-a1.aliexpress-media.com/kf/S020f1a924c144f7eb2f01309fd963f38W.png
car scratch remover,3256812411030888,Car Scratch Remover Paint Care Tools Auto Swirl Remover Scratches Repair Polishing Auto Body Grinding Compound,18.98,42.17,55,97 sold,4.8,,CN,si,https://www.aliexpress.us/item/3256812411030888.html,https://ae-pic-a1.aliexpress-media.com/kf/S832ba8d667654b0ab954274c460587ade.jpg
heatless curling rod headband,3256810467119627,No Heat Hair Rollers Heatless Curling Rod Headband Soft Hair Curler Satin Curlers Curls Sleeping Bonnet Night ,3.99,8.13,50,"3,000+ sold",4.9,Delivery: Oct 05 - 13,CN,si,https://www.aliexpress.us/item/3256810467119627.html,https://ae-pic-a1.aliexpress-media.com/kf/S8db0768f7a614f4eaa6c13db8b75474ai.jpg
heatless curling rod headband,3256809462765798,5pcs Styling Set 4-in-1 Heatless Curling Set Hair Stick Headbands Clips Wide Toothed Hair Comb for DIY Styling,0.33,6.29,94,"4,000+ sold",4.9,Delivery: Oct 05 - 13,CN,si,https://www.aliexpress.us/item/3256809462765798.html,https://ae-pic-a1.aliexpress-media.com/kf/Sc54edb8f734b4bdcbdc54b59ccdbe250O.jpg
heatless curling rod headband,3256807801442598,Heatless Hair Curler No Heat Hair Rollers Satin Curling Rod Headband Lazy Curls Soft Curlers Sleeping Flexi Ro,0.33,6.68,95,"2,000+ sold",4.9,Delivery: Oct 05 - 13,CN,si,https://www.aliexpress.us/item/3256807801442598.html,https://ae-pic-a1.aliexpress-media.com/kf/S567bdc158bac42c09ffcacab8f01d1df6.jpg
heatless curling rod headband,3256810121217394,No Heat Hair Rollers Heatless Curling Rod Headband Soft Hair Curler Satin Curlers Curls Sleeping Bonnet Night ,,,,"2,000+ sold",4.8,,,,https://www.aliexpress.us/item/3256810121217394.html,https://ae-pic-a1.aliexpress-media.com/kf/S8db0768f7a614f4eaa6c13db8b75474ai.jpg
heatless curling rod headband,3256810465296446,Heatless Hair Curlers Curling Rod Headband No Heat Hair Rollers Lazy Curls with Hook Sleeping Soft Flexi Rod H,0.99,11.99,91,8 sold,1,"$0.94 each, ≥ 2 pieces | New shoppers save $11",CN,si,https://www.aliexpress.us/item/3256810465296446.html,https://ae-pic-a1.aliexpress-media.com/kf/Se237c97683bf4fc48acf4c2d827ac5c7f.jpg
heatless curling rod headband,3256812894812130,Heatless Hair Curler Set Satin Sleep Bonnet Leopard Air Cushion Massage Comb No Heat Overnight Curling Rod Hea,10.95,54.19,79,1 sold,,"Early bird deal, only 4 left | Free shipping",US,si,https://www.aliexpress.us/item/3256812894812130.html,https://ae-pic-a1.aliexpress-media.com/kf/S4e323af67e14414f9ace17eb6800935fr.jpg
heatless curling rod headband,3256812473803386,"Heatless Curling Rod Headband, No Heat Curl Ribbon With Scrunchies, Sleeping In Overnight Hair Rollers Natural",0.99,8.66,88,1 sold,,New shoppers save $7.67 | Delivery: Oct 05 - 13,CN,si,https://www.aliexpress.us/item/3256812473803386.html,https://ae-pic-a1.aliexpress-media.com/kf/S8dc6036bed874359bea91f974ea740eca.jpg
heatless curling rod headband,3256812934162906,3/5pcs Heatless Curling Rod Set No Heat Overnight Curl Headband with Hair Cap Lazy Natural Soft Headband Hair ,0.99,5.86,83,2 sold,,New shoppers save $4.87 | Extra 5% off with coins,CN,si,https://www.aliexpress.us/item/3256812934162906.html,https://ae-pic-a1.aliexpress-media.com/kf/Sc15379d3c15f440c84ee13254d16561aO.jpg
heatless curling rod headband,3256806780220281,Heatless Curling Rod Headband No Heat Hair Curler Soft Lazy Hair Rollers Sleeping Curl Bar Wave Formers Women ,3.42,6.85,50,395 sold,4.9,Delivery: Oct 05 - 13 | Extra 2% off with coins,CN,si,https://www.aliexpress.us/item/3256806780220281.html,https://ae-pic-a1.aliexpress-media.com/kf/S2fc8cd4931a1402caa9fe2f0e5f3f5f7s.jpg
heatless curling rod headband,3256809640972398,3 PCS Heatless Curls Overnight Hairband Curler Hair Curlers to Sleep In Hairband Soft No Heatless Curling Rod ,0.99,9.31,89,9 sold,4.5,"$0.94 each, ≥ 2 pieces | New shoppers save $8.32",CN,si,https://www.aliexpress.us/item/3256809640972398.html,https://ae-pic-a1.aliexpress-media.com/kf/Sda360ac7ef12449eb4e23d822abfa95fo.jpg
heatless curling rod headband,3256807995386706,Heatless Curling Rod Night Cap No Heat Ribbon Lazy Hair Curlers Headband Hair Rollers Sleeping Soft Headband H,,,,"5,000+ sold",4.6,,,,https://www.aliexpress.us/item/3256807995386706.html,https://ae-pic-a1.aliexpress-media.com/kf/S87cd84fdde5c458090b0dacf56c5318e5.jpg
heatless curling rod headband,3256810568400328,Heatless Hair Curlers Curling Rod Headband No Heat Lazy Curls with Hook Hair Rollers Sleeping Soft Flexi Rod H,0.99,3.59,72,93 sold,5,New shoppers save $2.6,CN,si,https://www.aliexpress.us/item/3256810568400328.html,https://ae-pic-a1.aliexpress-media.com/kf/S1f220075424a4c3785060c313505467ap.jpg
heatless curling rod headband,3256807619425397,No Heat Hair Curler And Satin Sleeping Cap Set Heatless Hair Curling Headband Hair Claw Clip Hair Rings Soft S,0.99,5.77,82,"5,000+ sold",4.9,New shoppers save $4.78 | Delivery: Oct 05 - 13,CN,si,https://www.aliexpress.us/item/3256807619425397.html,https://ae-pic-a1.aliexpress-media.com/kf/S24062905b805404c8a800c0e76e3304dh.png
heatless curling rod headband,3256813066432649,Woman Heatless Curling Rod Heatless Hair Curls Headband Make Hair Soft Shiny Hair Curler Hairdressing Tools Ac,2.91,5.82,50,,,Delivery: Oct 05 - 13 | Extra 1% off with coins,CN,si,https://www.aliexpress.us/item/3256813066432649.html,https://ae-pic-a1.aliexpress-media.com/kf/S0d65ffef378342f298ac7dd86be98ba2I.jpg
heatless curling rod headband,3256813027445648,Heatless Curling Rod Headband No Heat Rollers Sleeping Overnight Soft Flexi Rods Multi-color Lazy Hair Curlers,3.5,12.96,73,,,"Early bird deal, only 1 left | Delivery: Oct 05 - 13",CN,si,https://www.aliexpress.us/item/3256813027445648.html,https://ae-pic-a1.aliexpress-media.com/kf/S367a9ff8632743ba9798352ec2b4af89H.jpg
heatless curling rod headband,3256808959731048,30pcs/Set Heatless Hair Styling Kit Self-Grip Rollers with 18pcs Hair Rollers and 12pcs Clips for DIY Hair Sty,3.33,13.9,76,"1,000+ sold",4.9,Top selling on AliExpress | Delivery: Oct 05 - 13,CN,si,https://www.aliexpress.us/item/3256808959731048.html,https://ae-pic-a1.aliexpress-media.com/kf/Sf5213904231c404cb72722da1c5f0011V.jpg
heatless curling rod headband,3256813007247560,"3set  DIY Hairstyling Tools Satin Heatless Curling Rod with Hair Caps, Soft Overnight Curling Rod Headband for",14.67,50.6,71,,,"Early bird deal, only 1 left | Delivery: Oct 05 - 13",CN,si,https://www.aliexpress.us/item/3256813007247560.html,https://ae-pic-a1.aliexpress-media.com/kf/S4ccca4e242ca46819b9eebea89b9df34o.jpg
heatless curling rod headband,3256809239124949,Heatless Hair Curlers Curling Rod Headband No Heat Hair Rollers Lazy Curls with Hook Sleeping Soft Flexi Rod H,,,,"10,000+ sold",4.7,,,,https://www.aliexpress.us/item/3256809239124949.html,https://ae-pic-a1.aliexpress-media.com/kf/Saab2e1d57b1344c0b7b1e43c67a49b43N.jpg
heatless curling rod headband,3256812671608227,Flexible No Heat Hair Curling Waves and Curls Like Rabbit Ears Heatless Hair Curlers Gentle Ribbon Iron Curlin,3.72,,,,,,CN,si,https://www.aliexpress.us/item/3256812671608227.html,https://ae-pic-a1.aliexpress-media.com/kf/S579af759d5864b95b687180f381e9f2eC.jpg
heatless curling rod headband,3256812455564197,30pcs/Set Heatless Hair Styling Kit Self-Grip Rollers with 18pcs Hair Rollers Curlers and 12pcs Clips for DIY ,7.85,15.7,50,27 sold,,,CN,si,https://www.aliexpress.us/item/3256812455564197.html,https://ae-pic-a1.aliexpress-media.com/kf/S6461c0029c5b4e5b82b0c621176bd736Y.jpg
heatless curling rod headband,3256812950314323,Heatless Hair Curlers No Heat Curling Rod Headband Soft Flexi Rollers for Lazy Curls Sleeping Hair Styling Too,3.69,13.19,72,,,"Early bird deal, only 1 left | Delivery: Oct 05 - 13",CN,si,https://www.aliexpress.us/item/3256812950314323.html,https://ae-pic-a1.aliexpress-media.com/kf/Sa8666d9091f448c1bbb0ed2f74dff1a4Q.jpg
heatless curling rod headband,3256813059199757,"No Heat Hair Curler Headband, Lazy Sleep Curls Artifact, Skin-friendly High Elastic Yoga Hairband Women Hair S",9.55,36.17,73,,,"Early bird deal, only 1 left | Delivery: Oct 05 - 13",CN,si,https://www.aliexpress.us/item/3256813059199757.html,https://ae-pic-a1.aliexpress-media.com/kf/Sc07c5df93cbd47a3bf8eb76e66d2a041C.jpg
heatless curling rod headband,3256811877105797,Heatless Curling Rod Headband No Heat Silk Curls Ribbon Hair Rollers Sleeping Soft Headband Lazy Hair Curlers ,3.45,6.9,50,69 sold,3.5,Delivery: Oct 05 - 13 | Extra 1% off with coins,CN,si,https://www.aliexpress.us/item/3256811877105797.html,https://ae-pic-a1.aliexpress-media.com/kf/Scb61bd746a034c1fa9421bc114628118w.jpg
heatless curling rod headband,3256810292481819,No-Heat Curling Iron Set Night Cap Hair Roller Set Lazy Hair Curlers Headband Hairs Rollers Bristle Brush Hair,,,,"4,000+ sold",4.7,,,,https://www.aliexpress.us/item/3256810292481819.html,https://ae-pic-a1.aliexpress-media.com/kf/S5e5f3bb294024d2d8748b17fb319c057Z.png
heatless curling rod headband,3256812952903262,Heatless Curl Headband Eight Claw Design Soft Satin No Heat Curling Rod Heatless Hair Curler Overnight,3.95,10.4,62,1 sold,,"Early bird deal, only 4 left | Delivery: Oct 05 - 13",CN,si,https://www.aliexpress.us/item/3256812952903262.html,https://ae-pic-a1.aliexpress-media.com/kf/S59d4dfe6382643ec9ab6dae29179c1a79.jpg
heatless curling rod headband,3256807516007430,Heatless Curling Rod Headband Satin Hair Curler No Heat Hair Rollers Lazy Curls Soft Curlers Sleeping Flexi Ro,,,,"2,000+ sold",4.5,,,,https://www.aliexpress.us/item/3256807516007430.html,https://ae-pic-a1.aliexpress-media.com/kf/S2833c97610424194a2e511b344ff698dm.jpg
heatless curling rod headband,3256810571903812,Heatless Hair Curlers Curling Rod Lazy Curls with Hook Headband No Heat Hair Rollers Sleeping Soft Flexi Rod H,0.99,3.64,72,28 sold,5,New shoppers save $2.65,CN,si,https://www.aliexpress.us/item/3256810571903812.html,https://ae-pic-a1.aliexpress-media.com/kf/S5daee5c270ec4ada9c7bdac25dea9a02A.jpg
heatless curling rod headband,3256812288845138,Heatless Hair Curler No Heat Hair Rollers Satin Curling Rod Headband Lazy Curls Soft Curlers Sleeping Flexi Ro,,,,224 sold,4.8,,,,https://www.aliexpress.us/item/3256812288845138.html,https://ae-pic-a1.aliexpress-media.com/kf/S567bdc158bac42c09ffcacab8f01d1df6.jpg
heatless curling rod headband,3256804276944582,Heatless Curling Rod Headband No Heat Hair Curler Lazy Hair Rollers Soft Hair Curlers Sleeping Curls Curling H,,,,"1,000+ sold",4.9,,,,https://www.aliexpress.us/item/3256804276944582.html,https://ae-pic-a1.aliexpress-media.com/kf/S833484e7636e41faabc04c95cac1bf46E.jpg
heatless curling rod headband,3256806244666435,1-2Set Woman Heatless Curling Rod Heatless Hair Curls Headband Make Hair Soft Shiny Hair Curler Hairdressing T,0.99,8.15,87,8 sold,,New shoppers save $7.16 | Delivery: Oct 05 - 13,CN,si,https://www.aliexpress.us/item/3256806244666435.html,https://ae-pic-a1.aliexpress-media.com/kf/S7076993e3f2941baa3a003e136829473z.jpg
heatless curling rod headband,3256812764760888,Heatless Curling Rod Headband No Heat Rollers Sleeping Overnight Soft Flexi Rods Multi-color Lazy Hair Curlers,3.16,,,,,Extra 5% off with coins,CN,si,https://www.aliexpress.us/item/3256812764760888.html,https://ae-pic-a1.aliexpress-media.com/kf/S43400839548d47b28b67b5cb0cdc968dR.jpg
heatless curling rod headband,3256811886463305,1Set Woman Heatless Curling Rod Heatless Hair Curls Headband Make Hair Soft Shiny Hair Curler Hairdressing Too,,,,71 sold,5,,,,https://www.aliexpress.us/item/3256811886463305.html,https://ae-pic-a1.aliexpress-media.com/kf/S189437a1eec94507a55ce5f5da778606D.jpg
heatless curling rod headband,3256810284401259,2Pcs Heatless Curling Iron Headbands Night Cap Octopus Curling Iron Soft Overnight Curling Iron Soft Headband ,,,,800+ sold,4.8,,,,https://www.aliexpress.us/item/3256810284401259.html,https://ae-pic-a1.aliexpress-media.com/kf/S73590f8a1d294f82bcf0367a8a8f093cM.jpg
heatless curling rod headband,3256811669353909,No Heat Curls Ribbon Lazy Hair Curler Hair Rollers Octopus Heatless Curling Rod Headband Curls Silk Ribbon Sle,0.99,4.85,79,2 sold,5,New shoppers save $3.86,CN,si,https://www.aliexpress.us/item/3256811669353909.html,https://ae-pic-a1.aliexpress-media.com/kf/S76a45088c1fa4bed9fdf628c988afd73c.jpg
heatless curling rod headband,3256805644573887,Heatless Curling Rod Headband Soft Hair Curlers No Heat Hair Rollers Lazy Silk Curls Sleeping Headband Ties Ha,0.99,2.61,61,391 sold,4.7,New shoppers save $1.62 | Extra 2% off with coins,CN,si,https://www.aliexpress.us/item/3256805644573887.html,https://ae-pic-a1.aliexpress-media.com/kf/S2aba6999432a4679bd4ca5543144fd7eW.jpg
heatless curling rod headband,3256811783001787,"1pc Women/Girls Heatless Curling Rods, Soft Curling Headband, No Heat Needed For Curling, Sleep Curls, Gentle ",0.99,10.87,90,9 sold,5,New shoppers save $9.88 | Delivery: Oct 05 - 13,CN,si,https://www.aliexpress.us/item/3256811783001787.html,https://ae-pic-a1.aliexpress-media.com/kf/S54bcf42e61c84d62a35b4ae66e562b50H.jpg
heatless curling rod headband,3256809211706444,Heatless Curling Rod Headband No Heat Hair Rollers Sleeping Soft Flex Rod for Overnight Curls All Hair Types S,,,,"1,000+ sold",4.5,,,,https://www.aliexpress.us/item/3256809211706444.html,https://ae-pic-a1.aliexpress-media.com/kf/S39c6a4a6dca04e57956e9cb344faaba8W.jpg
heatless curling rod headband,3256809921834307,Headband Curls Silk Ribbon Sleeping Wave Formers No Heat Curls Ribbon Lazy Hair Curler Hair Rollers Octopus He,0.99,4.52,78,8 sold,5,New shoppers save $3.53,CN,si,https://www.aliexpress.us/item/3256809921834307.html,https://ae-pic-a1.aliexpress-media.com/kf/Sd6616d83b6a84ba2a905fbecea7d3f4dw.jpg
heatless curling rod headband,3256803521215551,Heatless Curling Rod Headband for Women Long Hair No Heat Hair Rollers Curlers Curls Rods Large Big Soft Foam ,0.99,3.53,71,33 sold,5,New shoppers save $2.54 | Extra 5% off with coins,CN,si,https://www.aliexpress.us/item/3256803521215551.html,https://ae-pic-a1.aliexpress-media.com/kf/Heaf1165fa1574cf18a11f3a8d6fcf88fp.jpg
heatless curling rod headband,3256809753538850,New Heatless Curling Rod Headband No Heat Rollers Sleeping Overnight Soft Flexi Rod Lazy Hair Curlers Hair Sty,0.99,2.83,65,104 sold,4.8,New shoppers save $1.84,CN,si,https://www.aliexpress.us/item/3256809753538850.html,https://ae-pic-a1.aliexpress-media.com/kf/Sb60d734f0bbd4248aa4fe94401311a2bP.jpg
heatless curling rod headband,3256809072803821,Heatless Curling Rod Headband Soft Hair Curler No Heat Hair Rollers Lazy Curls Sleeping  Flexi Rods with Bonne,2.37,,,"1,000+ sold",4.6,,CN,si,https://www.aliexpress.us/item/3256809072803821.html,https://ae-pic-a1.aliexpress-media.com/kf/Sf52d280ed15b430e98d47419a1377828u.jpg
heatless curling rod headband,3256809720154823,Hair Curling Rod Headband No Heat Hair Curlers Foam Rollers Ribbon DIY For Hair Styling Tool Sleeping Soft Cur,0.99,12.83,92,9 sold,,"$0.94 each, ≥ 2 pieces | New shoppers save $11.84",CN,si,https://www.aliexpress.us/item/3256809720154823.html,https://ae-pic-a1.aliexpress-media.com/kf/S04db565081ab4b89b152840076a63680d.jpg
heatless curling rod headband,3256808460940449,Heatless Curling Rod Headband Night Cap No Heat Hair Curlers Ribbon Lazy Hair Rollers Sleeping Soft Headband H,0.99,2.23,55,86 sold,4.6,New shoppers save $1.24,CN,si,https://www.aliexpress.us/item/3256808460940449.html,https://ae-pic-a1.aliexpress-media.com/kf/S7ff9accf97c744218d60e1034be5dd16k.jpg
heatless curling rod headband,3256807619964830,Heatless Curling Rod Headband Satin Bonnet Set No Heat Hair Curler Hair Rollers Soft Curlers Lazy Curls Sleepi,,,,"1,000+ sold",4.6,,,,https://www.aliexpress.us/item/3256807619964830.html,https://ae-pic-a1.aliexpress-media.com/kf/S0a556c6dd214490a8f6d737fcfeb72a2e.jpg
heatless curling rod headband,3256812174356617,Heatless Curling Rod Headband Soft Hair Curlers Lazy Hair Rollers Sleeping Silk Curls Ties Perm Rods Styling T,4.59,9.78,53,105 sold,4.2,Delivery: Oct 05 - 13,CN,si,https://www.aliexpress.us/item/3256812174356617.html,https://ae-pic-a1.aliexpress-media.com/kf/Sbb6261eae0e54b739beb5b3927c22dfep.jpg
heatless curling rod headband,3256812635001582,Heatless Hair Curlers Curling Rod Headband No Heat Hair Rollers Lazy Curls with Hook Sleeping Soft Flexi Rod H,0.99,7.05,85,30 sold,3,New shoppers save $6.06 | Delivery: Oct 05 - 13,CN,si,https://www.aliexpress.us/item/3256812635001582.html,https://ae-pic-a1.aliexpress-media.com/kf/Sa790fc836ea04cc5b2a99f08f52f27a6k.jpg
heatless curling rod headband,3256807284218547,Heatless Curling Rod Headband Soft Hair Curlers No Heat Rollers Lazy Silk Curls Sleeping Headband Ties Hair St,1.09,2.72,60,"2,000+ sold",4.8,New shoppers save $1.63,CN,si,https://www.aliexpress.us/item/3256807284218547.html,https://ae-pic-a1.aliexpress-media.com/kf/Saf9d04cf50ad4a10b7f0a46a0159608d6.jpg
heatless curling rod headband,3256812246492814,New Heatless Hair Curler Satin Curling Rod Headband No Heat Hair Rollers Lazy Sleeping Flexi Rods Styling Tool,0.99,3.74,73,81 sold,4,New shoppers save $2.75,CN,si,https://www.aliexpress.us/item/3256812246492814.html,https://ae-pic-a1.aliexpress-media.com/kf/S4c7e7a46bef349e09d0ba5044511de5b3.jpg
heatless curling rod headband,3256810219275833,Heatless Hair Curlers Curling Rod Headband No Heat Hair Rollers Lazy Curls with Hook Sleeping Soft Flexi Rod H,0.99,8.46,88,45 sold,5,"$0.93 each, ≥ 2 pieces | New shoppers save $7.47",CN,si,https://www.aliexpress.us/item/3256810219275833.html,https://ae-pic-a1.aliexpress-media.com/kf/Sd57f50ef45f843d79ebcab92d86bcab6V.jpg
heatless curling rod headband,3256803611544202,Soft Heatless Hair Curlers  Long Short Hair Products No Heat Curling Velvet Pearl Cotton Rod Headband Lazy Cur,,,,30 sold,5,,,,https://www.aliexpress.us/item/3256803611544202.html,https://ae-pic-a1.aliexpress-media.com/kf/S9819659185624f659e540612a982ce64v.jpg
heatless curling rod headband,3256811344156812,Fashion Potable No Heat Hair Curler Heatless Curling Rod Headband Hair Rollers Silk Curl Sleeping Lazy Soft Cu,0.99,10.17,90,128 sold,4.8,"$0.94 each, ≥ 2 pieces | New shoppers save $9.18",CN,si,https://www.aliexpress.us/item/3256811344156812.html,https://ae-pic-a1.aliexpress-media.com/kf/S394bb3260e9143249c84e92cd3679462W.jpg
heatless curling rod headband,3256811570216995,Removable Flexible Heatless Hair Curlers DIY Sleeping Overnight Hair Rollers Hair Styling Tools Soft Curling H,0.99,4.59,78,177 sold,4.7,New shoppers save $3.6,CN,si,https://www.aliexpress.us/item/3256811570216995.html,https://ae-pic-a1.aliexpress-media.com/kf/Se53d8a7921364e05b0fb221109f447035.png
heatless curling rod headband,3256810250328623,Heatless Hair Curling Rod Headband No Heat Soft Flexi Rollers Lazy Curls with Hook Sleeping Hair Styling Tool ,0.99,6.85,85,42 sold,4,"$0.94 each, ≥ 3 pieces | New shoppers save $5.86",CN,si,https://www.aliexpress.us/item/3256810250328623.html,https://ae-pic-a1.aliexpress-media.com/kf/Sf71a24defc044d1aa89f802fd45c22e3M.jpg
heatless curling rod headband,3256806852282643,Heatless Curling Rod Headband No Heat Hair Curler Lazy Hair Rollers Soft Hair Curlers Sleeping Curls Curling H,3.44,6.88,50,"1,000+ sold",4.9,Delivery: Oct 05 - 13 | Extra 2% off with coins,CN,si,https://www.aliexpress.us/item/3256806852282643.html,https://ae-pic-a1.aliexpress-media.com/kf/S2e1b83b0ff4c45c2b03c3df9a2d9acb6i.jpg
heatless curling rod headband,3256804706075345,Heatless Curling Headband 12/10pcs No Heat Hair Curls Ribbon Hair Rollers Sleeping Soft Headband Hair Curlers ,0.99,4.54,78,76 sold,5,New shoppers save $3.55 | Extra 5% off with coins,CN,si,https://www.aliexpress.us/item/3256804706075345.html,https://ae-pic-a1.aliexpress-media.com/kf/Scb129d10d8a34bbd98be9f99ba943480I.jpg
heatless curling rod headband,3256807798202945,Heatless Curling Rod Headband No Heat Silk Curls Ribbon Hair Rollers Sleeping Soft Headband Lazy Hair Curlers ,0.99,23.69,95,92 sold,4.8,New shoppers save $22.7 | Delivery: Oct 05 - 13,CN,si,https://www.aliexpress.us/item/3256807798202945.html,https://ae-pic-a1.aliexpress-media.com/kf/S40b3a051eb7b4c03b29cdf52e7e700ccA.jpg
heatless curling rod headband,3256806646498975,2 Sets Heatless Hair Curlers Silk Satin Hair Rollers Rod Wave No Heat Hair Curls Soft Sleeping Headband Ribbon,0.99,7.16,86,7 sold,5,New shoppers save $6.17 | Extra 5% off with coins,CN,si,https://www.aliexpress.us/item/3256806646498975.html,https://ae-pic-a1.aliexpress-media.com/kf/S7b2da4404e24419a801607e66e701d86g.jpg
heatless curling rod headband,3256810332547834,1.6m No Heat Hair Rollers Heatless Curling Rod Headband Soft Hair Curlers Lazy Silk Curls Sleeping Headband Ha,0.99,2.71,63,22 sold,5,New shoppers save $1.72,CN,si,https://www.aliexpress.us/item/3256810332547834.html,https://ae-pic-a1.aliexpress-media.com/kf/Sef9b714db782455eaa5af0d6b2bfa3b5l.jpg
heatless curling rod headband,3256809348927857,Octopus Heatless Curling Rod Headband Curls Silk Ribbon Sleeping Wave Formers No Heat Curls Ribbon Lazy Hair C,0.99,4.36,77,144 sold,4.8,New shoppers save $3.37,CN,si,https://www.aliexpress.us/item/3256809348927857.html,https://ae-pic-a1.aliexpress-media.com/kf/S77b87e96200e46059e4eef1e480d6344b.jpg
heatless curling rod headband,3256809741555026,1 Sets Heatless Curling Rod Headband No Heat Rollers Sleeping Overnight Soft Flexi Rods Lazy Hair Curlers Hair,0.99,3.14,68,21 sold,5,New shoppers save $2.15,CN,si,https://www.aliexpress.us/item/3256809741555026.html,https://ae-pic-a1.aliexpress-media.com/kf/S3f65534cabef44c385fd157ed945bf79x.jpg
car bumper repair adhesive,3256811596315988,"Car Bumper Repair Glue - Plastic-Specific Adhesive, for Repairing Plastic Parts, Rearview Mirror Bases, Damage",3.07,6.14,50,"1,000+ sold",4.9,Delivery: Oct 05 - 13 | Extra 2% off with coins,CN,si,https://www.aliexpress.us/item/3256811596315988.html,https://ae-pic-a1.aliexpress-media.com/kf/S93c995602a6247e08778639c78c92526z.jpg
car bumper repair adhesive,3256812355930303,"Heavy-Duty Car Bumper Plastic Adhesive - Structural Repair Adhesive for Cracks, Chips, and Impact Damage - No ",,,,158 sold,4.9,,,,https://www.aliexpress.us/item/3256812355930303.html,https://ae-pic-a1.aliexpress-media.com/kf/S45bf9332decc4b56ae3d3ae648bb11892.jpg
car bumper repair adhesive,3256811920542169,LOOLIFL480 20g Cyanoacrylate Adhesive High Temp Resistant Impact Resistant Bond Plastic Metal Rubber For Auto ,1.09,8.46,87,"5,000+ sold",4.8,"$1.04 each, ≥ 2 pieces | New shoppers save $7.37",CN,si,https://www.aliexpress.us/item/3256811920542169.html,https://ae-pic-a1.aliexpress-media.com/kf/Se94fab6413ae4c529523471d357dbdede.png
car bumper repair adhesive,3256810168384215,"Automotive Plastic Adhesive - Car Bumper Repair, Strong Bond, Flexible, Easy to Apply, Weatherproof, Quick-Dry",,,,600+ sold,4.6,,,,https://www.aliexpress.us/item/3256810168384215.html,https://ae-pic-a1.aliexpress-media.com/kf/S7a2eb6e1b5f34e8f849cf52ee02fa7f62.png
car bumper repair adhesive,3256812952660617,"Car Bumper Repair Glue, Strong Plastic Adhesive, Fixes Cracks & Damages, for Rearview Mirror Base, Universal A",1.09,12.01,90,1 sold,,"New shoppers save $10.92 | Early bird deal, only 1 left",CN,si,https://www.aliexpress.us/item/3256812952660617.html,https://ae-pic-a1.aliexpress-media.com/kf/S3210691c642b4ffcbde5c7f220712ee0F.png
car bumper repair adhesive,3256810499226722,"Car Plastic Adhesive - Exterior Body Repair Glue, Bumper Hardener, Strong Adhesive for Lights and Rearview Mir",1.09,7.48,85,22 sold,5,New shoppers save $6.39 | Extra 1% off with coins,CN,si,https://www.aliexpress.us/item/3256810499226722.html,https://ae-pic-a1.aliexpress-media.com/kf/S9515301438544e37afa7adedb21b4fd6H.jpg
car bumper repair adhesive,3256812513685198,KJM Multipurpose Clear Repair Glue Fast Curing Waterproof Adhesive for Car Headlight Bumper Air Conditioner Pl,1.09,9.27,88,2 sold,,New shoppers save $8.18 | Extra 1% off with coins,CN,si,https://www.aliexpress.us/item/3256812513685198.html,https://ae-pic-a1.aliexpress-media.com/kf/S32956a7cd5994e0cb7d521b7be9ade73c.png
car bumper repair adhesive,3256812503954287,"Car Bumper Plastic Repair Glue, Strong Welding Adhesive for Broken Cracks, Side Mirror Base and Car Shell Plas",1.09,9.12,88,412 sold,4.8,New shoppers save $8.03 | Lowest price in 90 days,CN,si,https://www.aliexpress.us/item/3256812503954287.html,https://ae-pic-a1.aliexpress-media.com/kf/Sb7fd103df9244fa2a54b1a82da32b41em.jpg
car bumper repair adhesive,3256812361463924,480 20g Cyanoacrylate Adhesive High Temp Resistant Impact Resistant Bond Plastic Metal Rubber For Auto Body Bu,9.86,46.94,79,16 sold,5,,CN,si,https://www.aliexpress.us/item/3256812361463924.html,https://ae-pic-a1.aliexpress-media.com/kf/S4accbc4f5ed34d039031c2b5e02070a3q.jpg
car bumper repair adhesive,3256812105641921,"Plastic Repair Glue, Super Adhesive High Strength Bond, Quick-Drying Formula, No Drilling Required for Univers",1.09,11.14,90,49 sold,5,New shoppers save $10.05 | Lowest price in 90 days,CN,si,https://www.aliexpress.us/item/3256812105641921.html,https://ae-pic-a1.aliexpress-media.com/kf/S71fb4cdbd58f45ec89ff359c0bb1fbb9v.png
car bumper repair adhesive,3256810534531262,"Car Bumper Glue - Special Adhesive for Plastic, Strong Adhesive for Hard Plastic, Universal Welding, Repair of",1.09,5.74,81,339 sold,4.4,New shoppers save $4.65 | Lowest price in 90 days,CN,si,https://www.aliexpress.us/item/3256810534531262.html,https://ae-pic-a1.aliexpress-media.com/kf/Sc0b9abc853794c678a0e892cc4a09278N.jpg
car bumper repair adhesive,3256812308933665,Quick Cure Windshield Crack Repair Fluid Invisible Restore Resin Windscreen Scratch Fix Liquid Glass Curing Gl,1.09,10.66,89,"2,000+ sold",4.6,New shoppers save $9.57 | Lowest price in 90 days,CN,si,https://www.aliexpress.us/item/3256812308933665.html,https://ae-pic-a1.aliexpress-media.com/kf/S6373263b9afe4517b30bfb509760c0d2C.jpg
car bumper repair adhesive,3256811778087107,"Car Bumper Repair Glue - Heavy Duty Flexible Adhesive, Fixes Cracked Plastic Bumpers, Door Panels and Auto Int",1.09,8.57,87,11 sold,4.5,New shoppers save $7.48 | Extra 1% off with coins,CN,si,https://www.aliexpress.us/item/3256811778087107.html,https://ae-pic-a1.aliexpress-media.com/kf/S7c9f358066da4269859d6692a2980657b.jpg
car bumper repair adhesive,3256812950527513,Car Bumper Plastic Repair Adhesive Quick Dry Strong Bonding Glue For Auto Exterior Trim Mirror Base DIY Crack ,1.09,8.17,86,5 sold,,"New shoppers save $7.08 | Early bird deal, only 15 left",CN,si,https://www.aliexpress.us/item/3256812950527513.html,https://ae-pic-a1.aliexpress-media.com/kf/Sb95f721746d349cba15dcc8ed1812900o.jpg
car bumper repair adhesive,3256811874793852,Automotive Bumper Plastic Adhesive: Repairs Cracks & Bonds Rearview Mirror Base,3.92,7.83,49,143 sold,4.9,Delivery: Oct 05 - 13 | Extra 2% off with coins,CN,si,https://www.aliexpress.us/item/3256811874793852.html,https://ae-pic-a1.aliexpress-media.com/kf/S6b48617361cb43248895ffcf326b7332w.jpg
car bumper repair adhesive,3256812434403017,"Car interior anti scratch frost - car scratch repair | tire polishing repair, interior plastic surface repair,",14.13,28.26,50,138 sold,5,Top selling on AliExpress,CN,si,https://www.aliexpress.us/item/3256812434403017.html,https://ae-pic-a1.aliexpress-media.com/kf/Sdca3604ff85a4236b9c5b5b00cb76d64U.jpg
car bumper repair adhesive,3256812207283782,High Strength Casting Glue Metal Repair Paste Waterproof Liquid Welding Epoxy for Auto Bumper Fuel Tank Leak R,1.09,9.72,88,27 sold,5,New shoppers save $8.63 | Extra 1% off with coins,CN,si,https://www.aliexpress.us/item/3256812207283782.html,https://ae-pic-a1.aliexpress-media.com/kf/Sbc8069b889314968869c94f2dbb1cd98a.png
car bumper repair adhesive,3256811564037854,"Automotive Plastic Adhesive - Quick-Drying Universal Glue for Permanent Repairs on Car Bumpers, Trim, Dashboar",1.09,13.26,91,22 sold,5,New shoppers save $12.17 | Extra 1% off with coins,CN,si,https://www.aliexpress.us/item/3256811564037854.html,https://ae-pic-a1.aliexpress-media.com/kf/S2ca7d1bd94204f5fb8825df121ec7e1aM.png
car bumper repair adhesive,3256811918363784,"Car Leather Repair Adhesive,Multifunctional Auto Interior Leather Glue For Seat Door Panel Bumper,Strong Bondi",1.09,8.31,86,24 sold,4.2,New shoppers save $7.22 | Extra 1% off with coins,CN,si,https://www.aliexpress.us/item/3256811918363784.html,https://ae-pic-a1.aliexpress-media.com/kf/Sfc8cc42cf9eb4d38829ec46e762c7e79u.png
car bumper repair adhesive,3256810198334956,Car Interior Leather Repair Glue Adhesive Strong for Automotive Seats Steering Wheel Sofa & Furniture Quick Dr,1.09,10.51,89,"1,000+ sold",4.6,"$1.04 each, ≥ 2 pieces | New shoppers save $9.42",CN,si,https://www.aliexpress.us/item/3256810198334956.html,https://ae-pic-a1.aliexpress-media.com/kf/S2797370e2af74dd6bb417d7410ac4a13u.jpg
car bumper repair adhesive,3256812320491081,Auto Bumper Repair Glue Kit High Strength Quick Dry Waterproof Anti Corrosion Adhesive Fix Loose Exterior Trim,,,,16 sold,5,,,,https://www.aliexpress.us/item/3256812320491081.html,https://ae-pic-a1.aliexpress-media.com/kf/Se7f169b0fa2b421889b904a31e03f69ao.jpg
car bumper repair adhesive,3256811932170945,20ML Automotive Plastic Adhesive Strong Glue For Car Bumper Trim Rubber Seal Interior Exterior Parts Repair,1.09,8.44,87,10 sold,5,New shoppers save $7.35 | Extra 1% off with coins,CN,si,https://www.aliexpress.us/item/3256811932170945.html,https://ae-pic-a1.aliexpress-media.com/kf/Sc795a6c3a2864ba19e559ca68980e4b0M.png
car bumper repair adhesive,3256813019485717,Universal Plastic Repair Adhesive 20ml Quick Dry Strong Glue For Car Bumper Plastic Item Crack Repair 1/2/3/5/,1.09,9.88,89,1 sold,,"New shoppers save $8.79 | Early bird deal, only 3 left",CN,si,https://www.aliexpress.us/item/3256813019485717.html,https://ae-pic-a1.aliexpress-media.com/kf/Sd666b36c5ba3411895794ba2dca720f0y.png
car bumper repair adhesive,3256812373244460,Headliner Repair Glue 100ml Strong Bond Roof Liner Quick Repair Adhesive Glue Car Roof Fabric Adhesive Upholst,1.09,12.18,90,800+ sold,4.7,New shoppers save $11.09 | Lowest price in 90 days,CN,si,https://www.aliexpress.us/item/3256812373244460.html,https://ae-pic-a1.aliexpress-media.com/kf/S0ed9787530ea46688d585eb8bc1c61cbp.jpg
car bumper repair adhesive,3256810168971363,"Universal Car Plastic Glue - Automotive Bumper Repair, Strong Adhesive, Flexible, Quick-Drying, Weatherproof, ",1.09,8.8,87,131 sold,4.2,New shoppers save $7.71 | Lowest price in 90 days,CN,si,https://www.aliexpress.us/item/3256810168971363.html,https://ae-pic-a1.aliexpress-media.com/kf/Sefd9a037bd2e4b4faeff524dce910222c.png
car bumper repair adhesive,3256812675226345,5PCS 20mL 380High Strength Flexible Car Bumper Repair Adhesive Waterproof Automotive Sealant For PP PVC Plasti,3.47,7.55,54,3 sold,,Extra 1% off with coins,CN,si,https://www.aliexpress.us/item/3256812675226345.html,https://ae-pic-a1.aliexpress-media.com/kf/S9f331ba3e9d24377a5b57f895d0a34006.png
car bumper repair adhesive,3256812407190125,KJM 20g Cyanoacrylate Adhesive High Temp Resistant Impact Resistant Bond Plastic Metal Rubber For Auto Body Bu,1.09,12.51,91,10 sold,5,New shoppers save $11.42 | Extra 1% off with coins,CN,si,https://www.aliexpress.us/item/3256812407190125.html,https://ae-pic-a1.aliexpress-media.com/kf/S5ed266b602564bd69aa01090b2f9086et.png
car bumper repair adhesive,3256807945092838,Windshield Crack Repair Fluid Car Window Repair Resin Windscreen Scratch Crack Restore Fluid Glass Curing Glue,21.16,26.16,19,"2,000+ sold",4.3,New shoppers save $5,CN,si,https://www.aliexpress.us/item/3256807945092838.html,https://ae-pic-a1.aliexpress-media.com/kf/Sef7b23a51e1c477cadafeb22806afd05j.jpg
car bumper repair adhesive,3256810132763249,Strong Plastic Repair Glue for Motorcycle Auto Bumper Mirror ABS PP PVC Crack Fix Quick Dry Waterproof Adhesiv,3.47,9.39,63,172 sold,4.8,"$3.3 each, ≥ 2 pieces | Lowest price in 90 days",CN,si,https://www.aliexpress.us/item/3256810132763249.html,https://ae-pic-a1.aliexpress-media.com/kf/S492d7887294d4708a2afeb3b6d50d26aW.png
car bumper repair adhesive,3256812513417144,Heavy Duty Clear Crack Repair Adhesive Waterproof Heat Resistant Glue 25ml for Auto Headlight Bumper AC Panel ,1.09,9.16,88,1 sold,,New shoppers save $8.07 | Extra 1% off with coins,CN,si,https://www.aliexpress.us/item/3256812513417144.html,https://ae-pic-a1.aliexpress-media.com/kf/S1516a76f6cf142b4a5d56890d1b1e17bx.png
car bumper repair adhesive,3256812324992114,Auto Interior Liquid Adhesive Heat Resistant Instant Bond Car Roof Dashboard Door Panel Armrest Bumper Fix No ,1.09,8.45,87,51 sold,5,New shoppers save $7.36 | Extra 1% off with coins,CN,si,https://www.aliexpress.us/item/3256812324992114.html,https://ae-pic-a1.aliexpress-media.com/kf/S747c4787699c4d91a9ce42e362ec8a43k.jpg
car bumper repair adhesive,3256811587921776,Windshield Crack Repair Fluid Car Window Repair Resin Windscreen Scratch Crack Restore Fluid Glass Curing Glue,12.88,53.64,76,197 sold,4.9,,CN,si,https://www.aliexpress.us/item/3256811587921776.html,https://ae-pic-a1.aliexpress-media.com/kf/S4067e5d9a01b4f44b2d53607d95de7fcv.jpg
car bumper repair adhesive,3256811786516752,100ML Heavy Duty Casting Repair Glue for Car Metal Plastic Bumper Crack Fix,1.09,7.99,86,38 sold,4.8,New shoppers save $6.9 | Lowest price in 90 days,CN,si,https://www.aliexpress.us/item/3256811786516752.html,https://ae-pic-a1.aliexpress-media.com/kf/Sca0c54243ac645b79d74c4095c31b3fej.jpg
car bumper repair adhesive,3256808634754078,Original TEROSON PU 9225 SF ME 50ML Fast Cure 2K Polyurethane Plastic Repair Adhesive for Car Bumper Automotiv,11.48,22.97,50,322 sold,4.9,,CN,si,https://www.aliexpress.us/item/3256808634754078.html,https://ae-pic-a1.aliexpress-media.com/kf/S5cf75aaf0539474199aca34e99b634b9Z.png
car bumper repair adhesive,3256812800177262,"Heavy-Duty Car Bumper Plastic Adhesive - Structural Repair Adhesive for Cracks, Chips, and Impact Damage - No ",1.09,7.88,86,2 sold,,New shoppers save $6.79 | Extra 1% off with coins,CN,si,https://www.aliexpress.us/item/3256812800177262.html,https://ae-pic-a1.aliexpress-media.com/kf/S8e40a957fd8d449b94e7efddfe7b8fadM.jpg
car bumper repair adhesive,3256811748612796,Car Wheel Rim Scratch Repair Paste  Aluminum Alloy Rim Refurbishment Paint for Scratches,14.59,29.19,50,600+ sold,4.3,,CN,si,https://www.aliexpress.us/item/3256811748612796.html,https://ae-pic-a1.aliexpress-media.com/kf/S17efd15e501f47db81a55fa6b166aa06R.jpg
car bumper repair adhesive,3256812438509907,"Car Bumper Plastic Repair Adhesive, No-Weld Bonding Glue for Cracks, Chips, Impact Damage and Exterior Trim Re",1.09,8.34,86,7 sold,5,New shoppers save $7.25 | Extra 1% off with coins,CN,si,https://www.aliexpress.us/item/3256812438509907.html,https://ae-pic-a1.aliexpress-media.com/kf/S6a4ca6cd09374bae8ebcffcc4cee6d647.jpg
car bumper repair adhesive,3256812675074057,"Loolifl 401 Instant Strong Adhesive, Universal Plastic Repair Adhesive, Fast Curing, Suitable for Repairing Ca",1.09,5.29,79,9 sold,,New shoppers save $4.2 | Extra 1% off with coins,CN,si,https://www.aliexpress.us/item/3256812675074057.html,https://ae-pic-a1.aliexpress-media.com/kf/Sd597257024e144058ca1c30eeb08419aZ.jpg
car bumper repair adhesive,3256808419168493,Car Plastic Special Adhesive Glue for Bumper Seal Electric Car Plastic Shell Broken Special Strong Automotive ,1.09,4.92,77,100 sold,4.5,New shoppers save $3.83,CN,si,https://www.aliexpress.us/item/3256808419168493.html,https://ae-pic-a1.aliexpress-media.com/kf/S90568070ae86444590fa439db1e6eae8T.jpg
car bumper repair adhesive,3256811424075283,Car Glass Crack Repair Resin Kit Windshield Scratch Fix Curing Adhesive Tool,12.39,22.52,45,"1,000+ sold",4.6,,CN,si,https://www.aliexpress.us/item/3256811424075283.html,https://ae-pic-a1.aliexpress-media.com/kf/S6fde450db9124d7a8aa749f4d219f675p.jpg
car bumper repair adhesive,3256812418862988,JXVX Strong Plastic Repair Glue for Motorcycle Auto Bumper Mirror ABS PP PVC Crack Fix Quick Dry Waterproof Ad,1.09,7.04,84,9 sold,1,New shoppers save $5.95 | Lowest price in 90 days,CN,si,https://www.aliexpress.us/item/3256812418862988.html,https://ae-pic-a1.aliexpress-media.com/kf/S0fbf851cf0064c469c05151a261d865ar.jpg
car bumper repair adhesive,3256812356462775,"Automotive Bumper Plastic Adhesive - Crack and Gap, Impact Damage Repair Adhesive - No Welding Repair Required",10.14,48.32,79,12 sold,5,,CN,si,https://www.aliexpress.us/item/3256812356462775.html,https://ae-pic-a1.aliexpress-media.com/kf/Scd2f0f98280440ca8569b6e46cddf26fd.jpg
car bumper repair adhesive,3256810578329169,"LOOLIFL 496 Super glue,universal strong repair glue,car bumper repair,rearview mirror base,damaged crack repai",1.09,5.02,78,465 sold,4.6,New shoppers save $3.93 | Lowest price in 90 days,CN,si,https://www.aliexpress.us/item/3256810578329169.html,https://ae-pic-a1.aliexpress-media.com/kf/S2c6a83bd372344cb8469fc4633fe7265S.jpg
car bumper repair adhesive,3256811764164051,"Car Interior Maintenance Cream, Leather & Plastic Restorer Repair Paste for Seats, Steering Wheel, Dashboard &",9.51,35.21,73,500+ sold,5,Top selling on AliExpress,CN,si,https://www.aliexpress.us/item/3256811764164051.html,https://ae-pic-a1.aliexpress-media.com/kf/S55cb075c58ec4df48b7a96b1e09375b8p.jpg
car bumper repair adhesive,3256812561756107,"Heavy-Duty Car Bumper Plastic Repair Glue – Strong Structural Adhesive, Repairs Cracks, Chips, and Impact Dama",1.09,6.85,84,9 sold,,New shoppers save $5.76 | Extra 1% off with coins,CN,si,https://www.aliexpress.us/item/3256812561756107.html,https://ae-pic-a1.aliexpress-media.com/kf/S0105db9ccfd344a6b10c0a34e645528aR.jpeg
car bumper repair adhesive,3256812380434781,JXVX Automotive Plastic Adhesive Strong Glue Black Glue For Car Bumper Trim Rubber Seal Interior Exterior Part,1.09,6.64,83,500+ sold,4.6,New shoppers save $5.55 | Lowest price in 90 days,CN,si,https://www.aliexpress.us/item/3256812380434781.html,https://ae-pic-a1.aliexpress-media.com/kf/Sa6c6568e4efb4e28b200969d353aa678N.jpg
car bumper repair adhesive,3256813019277336,"JXVX 496 Super glue,universal strong repair glue,car bumper repair,rearview mirror base,damaged crack repair,c",2.26,4.51,50,404 sold,5,Delivery: Oct 05 - 13 | Extra 2% off with coins,CN,si,https://www.aliexpress.us/item/3256813019277336.html,https://ae-pic-a1.aliexpress-media.com/kf/S0034315e86bf45c08d81be3da149ec409.png
car bumper repair adhesive,3256810031695694,Car Tire Repair Adhesive Strong Glue Waterproof Heat Resistant Instant Liquid Vehicle Accessories,9.07,15.11,40,59 sold,4.8,,CN,si,https://www.aliexpress.us/item/3256810031695694.html,https://ae-pic-a1.aliexpress-media.com/kf/Scefd8b46aa12461e90306f76fd5489577.jpg
car bumper repair adhesive,3256811717516472,"Liquid Plastic Repair Adhesive Glue - Heavy-Duty Instant Bond Suitable for Car Bumper, Exterior Body Panels, C",1.09,9.08,88,15 sold,5,New shoppers save $7.99 | Lowest price in 90 days,CN,si,https://www.aliexpress.us/item/3256811717516472.html,https://ae-pic-a1.aliexpress-media.com/kf/Sd8f2bd135ee94eb193840a56833780aeW.png
car bumper repair adhesive,3256812536557604,Heavy-Duty Car Bumper Plastic Adhesive Structural Repair Glue for Cracks Breaks And Impact Damage Suitable for,1.09,10.67,89,4 sold,,New shoppers save $9.58 | Extra 1% off with coins,CN,si,https://www.aliexpress.us/item/3256812536557604.html,https://ae-pic-a1.aliexpress-media.com/kf/S0bcbdb313f134aeda4c9f02e3f064025v.png
car bumper repair adhesive,3256812932239899,"Car Bumper Repair Glue - Special Adhesive for Plastics,Corrosion‑resistant anti‑loosening adhesive",11.86,35.95,67,,,,CN,si,https://www.aliexpress.us/item/3256812932239899.html,https://ae-pic-a1.aliexpress-media.com/kf/S436b6832b9724f92bd79dfd41904d80d5.jpg
car bumper repair adhesive,3256809252144477,Car Tire Repair Adhesive Strong Glue Waterproof Heat Resistant Instant Liquid Vehicle Accessories,10.13,23.02,56,600+ sold,4.9,Top selling on AliExpress,CN,si,https://www.aliexpress.us/item/3256809252144477.html,https://ae-pic-a1.aliexpress-media.com/kf/S1c0b52f0e7334fa7ab5fa5fe0d0b6c86w.jpg
car bumper repair adhesive,3256812506831969,"Car Bumper Plastic Repair Glue, Strong Welding Adhesive for Broken Cracks, Side Mirror Base and Car Shell Plas",1.09,8.43,87,3 sold,,New shoppers save $7.34 | Extra 1% off with coins,CN,si,https://www.aliexpress.us/item/3256812506831969.html,https://ae-pic-a1.aliexpress-media.com/kf/S270f761c3bf645a488aa277995e12578n.jpg
car bumper repair adhesive,3256811789277310,"Professional Auto Casting Repair Glue Stronger Than Welding for Bumper, Engine & Exterior Parts",1.09,10.94,90,2 sold,5,New shoppers save $9.85 | Extra 1% off with coins,CN,si,https://www.aliexpress.us/item/3256811789277310.html,https://ae-pic-a1.aliexpress-media.com/kf/S29d53ad892c0413c99e5d5a8d04ee419K.jpg
car bumper repair adhesive,3256812307513856,"480 20g Cyanoacrylate Adhesive, High Temperature & Impact Resistant, Bonds Plastic, Metal and Rubber for Car B",12.8,42.68,70,,,,CN,si,https://www.aliexpress.us/item/3256812307513856.html,https://ae-pic-a1.aliexpress-media.com/kf/S30c24aafef7a457aa06fab7dad770d8bU.jpg
car bumper repair adhesive,3256802970145406,Rubber Car Seals Edge Sealing Strips Auto Roof Windshield Sealant Protector Window Seal Strips Sound Insulatio,1.09,3.27,66,"1,000+ sold",4.6,New shoppers save $2.18 | Top selling on AliExpress,CN,si,https://www.aliexpress.us/item/3256802970145406.html,https://ae-pic-a1.aliexpress-media.com/kf/Hb8d142b7e2ba4b14b314418da0aa0845C.jpg
car bumper repair adhesive,3256810394702550,Seamless Gel Adhesive: High-Viscosity Clear No-Drip Glue for Headlight/Bumper & Diamond Painting Repairs,1.09,9.49,88,23 sold,5,New shoppers save $8.4 | Extra 1% off with coins,CN,si,https://www.aliexpress.us/item/3256810394702550.html,https://ae-pic-a1.aliexpress-media.com/kf/Sda95bd9b904b413eb8bf736f6222edb11.jpg
car bumper repair adhesive,3256813108760327,"Car Bumper Repair Adhesive 20ml, Fast Curing Strong Bond Glue for Auto Exterior Body & Loose Trim Fixing",2.95,9.82,70,,,"Early bird deal, only 1 left | Delivery: Oct 05 - 13",CN,si,https://www.aliexpress.us/item/3256813108760327.html,https://ae-pic-a1.aliexpress-media.com/kf/S1f430dccbb2b4ad5ac64600800c9bc97m.jpg
car bumper repair adhesive,3256813059316608,Automotive Plastic Adhesive Strong Glue Black Glue For Car Bumper Trim Rubber Seal Interior Exterior Parts Rep,2.64,9.67,72,,,"Early bird deal, only 1 left | Extra 1% off with coins",CN,si,https://www.aliexpress.us/item/3256813059316608.html,https://ae-pic-a1.aliexpress-media.com/kf/S79049a22017a4319bd25cad775dee076M.jpg
car bumper repair adhesive,3256804391055062,4Meter Butyl Rubber Glue Headlight Sealant Retrofit Reseal Hid Headlamps Taillight Shield Glue Tapes Car Door ,15.32,25.12,39,93 sold,5,Free shipping,CN,si,https://www.aliexpress.us/item/3256804391055062.html,https://ae-pic-a1.aliexpress-media.com/kf/S44823e9911904654bfbf0b2ec6a657b9Q.jpg
hair towel wrap,3256807158848595,1pc Quickly Dry Hair Hat Super Absorbent Soft Bathroom Women Head Towels Girls Cute Hair Towel Hair Dry Wrap B,0.33,3.54,90,"5,000+ sold",4.9,Delivery: Oct 05 - 13,CN,si,https://www.aliexpress.us/item/3256807158848595.html,https://ae-pic-a1.aliexpress-media.com/kf/Sd1fc67be0d1e48e7822f62bc1ad64438e.jpg
hair towel wrap,3256809274325275,"Solid color hair towel Textured dry hair cap 9.8 ""X 25.5"" absorbent hair towel wrap for button-down women",2.9,6.05,52,"50,000+ sold",4.9,Delivery: Oct 05 - 13 | Extra 2% off with coins,CN,si,https://www.aliexpress.us/item/3256809274325275.html,https://ae-pic-a1.aliexpress-media.com/kf/S0bcf0ef9e61a4def888ae9b96287c025g.png
hair towel wrap,3256807203140834,1Pc Microfiber Hair Drying Towels Head Wrap with Bow-Knot Shower Cap Hair Turban HairWrap Bath Cap for Curly L,0.33,5.37,93,"1,000+ sold",4.9,Delivery: Oct 05 - 13,CN,si,https://www.aliexpress.us/item/3256807203140834.html,https://ae-pic-a1.aliexpress-media.com/kf/See87533d94b14123be34a62592458a2bT.jpg
hair towel wrap,3256810316123022,"Microfiber Hair Towel Extra Large Wrap Quick Dry Hair Towel Wrap With Elastic Band , Ultra Absorbent Soft Hair",,,,"2,000+ sold",4.5,,,,https://www.aliexpress.us/item/3256810316123022.html,https://ae-pic-a1.aliexpress-media.com/kf/S4b6df3483c34400c82c39c3e7970f826g.jpg
hair towel wrap,3256807203035068,"Solid Color Hair Towel Textured Dry Hair Cap 9.8 ""X 25.5"" Absorbent Hair Towel Wrap for Button-down Women",0.33,5.44,93,"4,000+ sold",4.9,Delivery: Oct 05 - 13,CN,si,https://www.aliexpress.us/item/3256807203035068.html,https://ae-pic-a1.aliexpress-media.com/kf/S579c47d34d714090bda30b4a97d7f25fB.jpg
hair towel wrap,3256812288046573,"Solid Color Absorbent Hair Towel Wrap 9.8"" X 25.5"" Textured Dry Hair Cap for Button-Down Women",1.09,6.87,84,67 sold,4.8,"$1.04 each, ≥ 2 pieces | New shoppers save $5.78",CN,si,https://www.aliexpress.us/item/3256812288046573.html,https://ae-pic-a1.aliexpress-media.com/kf/S360f3b5b0a094675b0a9ee5580236f64S.jpg
hair towel wrap,3256811931593330,"1pc Microfiber Hair Drying Towel, Super Absorbent Quick-Dry Shower Cap Turban with Button Closure, Soft Multi-",1.09,6.36,82,3 sold,5,"$1.04 each, ≥ 2 pieces | New shoppers save $5.27",CN,si,https://www.aliexpress.us/item/3256811931593330.html,https://ae-pic-a1.aliexpress-media.com/kf/S1acf6e5ba37a484e9fa61082c4a88297y.jpeg
hair towel wrap,3256807013004281,Solid Color Hair Towel Textured Dry Hair Cap 9.8' X 25.5' Absorbent Hair Towel Wrap for Button-Down Women,0.33,6.84,95,"50,000+ sold",4.8,Top selling on AliExpress | Delivery: Oct 05 - 13,CN,si,https://www.aliexpress.us/item/3256807013004281.html,https://ae-pic-a1.aliexpress-media.com/kf/S6880c4f4d64d4f11af0367eec5d173e7y.jpg
hair towel wrap,3256810215590622,Hair Towel Wrap Fast Dry Hair Towel Super Absorbent Microfiber Coral Velvet Hair Drying Towel Quick Dry Hair T,1.09,6.26,82,15 sold,5,"$1.04 each, ≥ 2 pieces | New shoppers save $5.17",CN,si,https://www.aliexpress.us/item/3256810215590622.html,https://ae-pic-a1.aliexpress-media.com/kf/S4feb255bd9cd4710bb95d4889c3084f9s.jpg
hair towel wrap,3256812095659527,Microfiber Drying Hair Caps For Women Girls Quick Dry Hair Towel Turban Hat Bathing Soft Hair Towel Wrap With ,1.09,7.3,85,1 sold,,"$1.04 each, ≥ 2 pieces | New shoppers save $6.21",CN,si,https://www.aliexpress.us/item/3256812095659527.html,https://ae-pic-a1.aliexpress-media.com/kf/S64f5c8af00fd44ba8d663c8d6ccbc1a5a.jpg
hair towel wrap,3256807383457800,Women Long Hair Quick-Dry Hair Towel Soft Microfiber Towels Shower Cap Towel Bath Hats for Women Dry Hair Cap ,1.09,2.33,53,27 sold,3,New shoppers save $1.24 | Lowest price in 90 days,CN,si,https://www.aliexpress.us/item/3256807383457800.html,https://ae-pic-a1.aliexpress-media.com/kf/Seb8ee7e70a9742608714aa1d18369bc2B.jpg
hair towel wrap,3256810199368895,Button Up Hair Towel Wrap High Absorbency Microfiber Towels Curly Hair Girls' Quick Drying Towels Hair Drying ,1.09,5.85,81,221 sold,4.9,New shoppers save $4.76 | Lowest price in 90 days,CN,si,https://www.aliexpress.us/item/3256810199368895.html,https://ae-pic-a1.aliexpress-media.com/kf/Sc3324525961f49b0a005344f0f2e9206J.jpg
hair towel wrap,3256812756817066,"Women's New Absorbent Hair Drying Turban Towel, Solid-Colored Vertical Stripe Bath Cap for Wrapping and Drying",1.09,15.8,93,1 sold,2,"$1.04 each, ≥ 2 pieces | New shoppers save $14.71",CN,si,https://www.aliexpress.us/item/3256812756817066.html,https://ae-pic-a1.aliexpress-media.com/kf/S0415d1bf21b949678bf12d790733bed5Y.jpg
hair towel wrap,3256813009725548,"1pc of Wide-tail Large Hair Turban, Super Absorbent Quick-dry Women's Shower Cap, Head Towel",3.49,7.42,53,,,"Early bird deal, only 15 left | Delivery: Oct 05 - 13",CN,si,https://www.aliexpress.us/item/3256813009725548.html,https://ae-pic-a1.aliexpress-media.com/kf/S5889359ae0654083939b35ba5c0bf60bf.jpg
hair towel wrap,3256813015649702,1/2/5Pcs Microfiber Hair Dry Cap Absorbent Quick Dry Hair Towel Wrap For Women Shower Hat With Button Travel B,2.7,7.56,64,1 sold,,"Early bird deal, only 4 left | Delivery: Oct 05 - 13",CN,si,https://www.aliexpress.us/item/3256813015649702.html,https://ae-pic-a1.aliexpress-media.com/kf/S489d40868aa94ca18a8f61b9c3b83d5eq.png
hair towel wrap,3256809399139990,"1pc Hair Drying Towel with Bow-Knot, Elastic Bath Cap Turban, Dry Fast Drying Hair Caps for Women",1.09,5.26,79,52 sold,4.7,New shoppers save $4.17 | Lowest price in 90 days,CN,si,https://www.aliexpress.us/item/3256809399139990.html,https://ae-pic-a1.aliexpress-media.com/kf/S220c646ffb54469aa25d34607c9797dcS.jpg
hair towel wrap,3256812509223938,Hair Towel Soft Anti Frizz Super Absorbent Hair Turban Towel for Women Shower Travel Bathroom Apartment Wet Cu,1.09,17.63,93,2 sold,,"$1.04 each, ≥ 2 pieces | New shoppers save $16.54",CN,si,https://www.aliexpress.us/item/3256812509223938.html,https://ae-pic-a1.aliexpress-media.com/kf/S835b3dbcafdf4b78831d99e744eb998fu.jpg
hair towel wrap,3256813045286997,"Thickened, Soft Hair-Drying Towel – Women's Quick-Drying, Highly Absorbent Hair Wrap; Ideal for Travel and Chr",3.78,13.83,72,,,"Early bird deal, only 1 left | Delivery: Oct 05 - 13",CN,si,https://www.aliexpress.us/item/3256813045286997.html,https://ae-pic-a1.aliexpress-media.com/kf/S9821000aedaf4c7f918c02b5a0675793K.jpg
hair towel wrap,3256810558735450,"Coral Fleece Adjustable Hair Drying Cap, Soft Skin-Friendly Reusable Anti-Frizz Hair Towel Wrap for Hotel Spa ",,,,"3,000+ sold",4.6,,,,https://www.aliexpress.us/item/3256810558735450.html,https://ae-pic-a1.aliexpress-media.com/kf/A730ee99e39b44cccbb5ae232e962d454P.jpg
hair towel wrap,3256808501214958,Quick Dry Shower Cap Turban for Women Girls Bathroom Super Absorbent Soft Towel Hair Dry Wrap Bonnets Cute Hai,,,,"1,000+ sold",4.7,,,,https://www.aliexpress.us/item/3256808501214958.html,https://ae-pic-a1.aliexpress-media.com/kf/S40510b36a4fe4466bfa093a7081533a86.jpg
hair towel wrap,3256812762540864,Cute Princess-Style Hair-Drying Turban Oversized Bow Thickened Absorbent and Quick-Drying Towel Non-Shedding f,5.56,11.35,51,,,"$5.28 each, ≥ 2 pieces | Delivery: Oct 05 - 13",CN,si,https://www.aliexpress.us/item/3256812762540864.html,https://ae-pic-a1.aliexpress-media.com/kf/Sefdb4dec891344189642a879642ca5ebq.jpg
hair towel wrap,3256813038634564,Quickly Hair Dry Towel Super Absorbent Soft Bathroom Women Head Microfiber Towels Girl Spa Hair Towel Hair Dry,4.28,13.37,68,,,"Early bird deal, only 1 left | Delivery: Oct 05 - 13",CN,si,https://www.aliexpress.us/item/3256813038634564.html,https://ae-pic-a1.aliexpress-media.com/kf/S4d327da1d7104f4ab8bb3beb328f3b89L.jpg
hair towel wrap,3256812560867916,Super Absorbent Quick Dry Hair Wrap Towel Soft Women Bath Head Turban Hat Shower Drying Bonnets Accessory,1.09,6.15,82,1 sold,4,"$1.03 each, ≥ 2 pieces | New shoppers save $5.06",CN,si,https://www.aliexpress.us/item/3256812560867916.html,https://ae-pic-a1.aliexpress-media.com/kf/S7e4ce155c4934ebe81cff3d38d134533w.jpg
hair towel wrap,3256812391430518,"Solid Color Hair Towel Wrap Textured Dry Hair Cap 9.8"" X 25.5"" for Button-Down Women",1.09,11.63,90,3 sold,,"$1.04 each, ≥ 2 pieces | New shoppers save $10.54",CN,si,https://www.aliexpress.us/item/3256812391430518.html,https://ae-pic-a1.aliexpress-media.com/kf/S290bf4fad6e145e281070434f53eb9747.jpg
hair towel wrap,3256813076079773,1/5Pcs Microfiber Hair Towel 63x105cm Extra Large Hair Turban Wrap With Elastic Band Absorbent Quick Dry Towel,3.65,12.57,70,,,"Early bird deal, only 1 left | Delivery: Oct 05 - 13",CN,si,https://www.aliexpress.us/item/3256813076079773.html,https://ae-pic-a1.aliexpress-media.com/kf/S226ed18820b846d280b07d0b26cb7b24o.jpg
hair towel wrap,3256812294620025,1/2PCS Quickly Dry Hair Hat Towels Super Absorbent Soft Bathroom Women Head Towels Cute Hair Towel Hair Dry Wr,1.09,7.09,84,2 sold,5,"$1.04 each, ≥ 2 pieces | New shoppers save $6",CN,si,https://www.aliexpress.us/item/3256812294620025.html,https://ae-pic-a1.aliexpress-media.com/kf/S3e66a69fdb1f4dc58d6746f9fdc37a75l.png
hair towel wrap,3256808061711087,1pcs Dry Hair Towel Quick-Drying Hair Cap Shower Cap for Women Striped Pattern Super Absorbent Bath Accessorie,0.33,5.89,94,"2,000+ sold",4.9,Delivery: Oct 05 - 13,CN,si,https://www.aliexpress.us/item/3256808061711087.html,https://ae-pic-a1.aliexpress-media.com/kf/S0ac204586a5e4e978dbbc3184dbd9761u.jpg
hair towel wrap,3256811475319543,Dry Hair Cap For Women Thickened And Super Absorbent Headscarf For Wiping Hair Quick Drying Cap Dry Hair Towel,1.09,8.21,86,15 sold,4.5,"$1.04 each, ≥ 2 pieces | New shoppers save $7.12",CN,si,https://www.aliexpress.us/item/3256811475319543.html,https://ae-pic-a1.aliexpress-media.com/kf/S1ad1ffade2334bc8bf4fb9add80f2784h.jpg
hair towel wrap,3256812325257322,1Pcs Quick-drying Headband for Ladies Soft and Absorbent Bathroom Towel Cute Hair Scarf Hat for Drying Hair an,1.09,7.29,85,2 sold,,"$1.04 each, ≥ 2 pieces | New shoppers save $6.2",CN,si,https://www.aliexpress.us/item/3256812325257322.html,https://ae-pic-a1.aliexpress-media.com/kf/S5916261408a14db9be37eaa33085a6f0s.jpg
hair towel wrap,3256812888159627,High‑Density Coral Fleece Dry Hair Cap Big Bow Princess Shower Cap Thickened Super Absorbent Quick Dry Hair Wr,1.09,6.12,82,4 sold,,New shoppers save $5.03 | Delivery: Oct 05 - 13,CN,si,https://www.aliexpress.us/item/3256812888159627.html,https://ae-pic-a1.aliexpress-media.com/kf/Sa293affca029498086405f85a9125178v.jpg
hair towel wrap,3256811879715841,"Microfiber Hair Drying Cap, Quick Dry Hair Towel Wrap, Super Absorbent Hair Turban with Bow Design, Soft Showe",3.27,6.67,51,,,"$3.11 each, ≥ 2 pieces | Delivery: Oct 05 - 13",CN,si,https://www.aliexpress.us/item/3256811879715841.html,https://ae-pic-a1.aliexpress-media.com/kf/S0a2128f8e6d34432b16fa622ce9f46d8p.jpg
hair towel wrap,3256808197018015,Children Thickened Dry Hair Hat Cute Unicorn Rabbit Quick-Drying Hat Coral Plush Soft Strong Water Absorbent W,1.09,11.16,90,91 sold,4.2,"$1.04 each, ≥ 2 pieces | New shoppers save $10.07",CN,si,https://www.aliexpress.us/item/3256808197018015.html,https://ae-pic-a1.aliexpress-media.com/kf/S09d00e1cd4234438ae07bfe767fb08baR.jpg
hair towel wrap,3256812921007124,"Solid color hair towel Textured dry hair cap 9.8 ""X 25.5"" absorbent hair towel wrap for button-down women",4.38,14.62,70,,,"Early bird deal, only 1 left | Delivery: Oct 05 - 13",CN,si,https://www.aliexpress.us/item/3256812921007124.html,https://ae-pic-a1.aliexpress-media.com/kf/S7d01e34730c64e41aa2f8e6120123fdai.jpg
hair towel wrap,3256812773783494,"Cartoon-Cute Hair Drying Cap, Quick-Absorbing and Fast-Drying Hair Towel Cute Hair-Drying Towel,Hair-Washing H",6.15,12.3,50,,,"$5.84 each, ≥ 2 pieces | Delivery: Oct 05 - 13",CN,si,https://www.aliexpress.us/item/3256812773783494.html,https://ae-pic-a1.aliexpress-media.com/kf/S1a433b601e114f89a2b64c98fe2155d9M.jpg
hair towel wrap,3256812577789450,"Women's Quick-Dry Hair Towel Wrap Compatible for Thick/Curly Hair -High-Absorbency Microfiber Turban,Post-Swim",4.54,9.46,52,,,"$4.31 each, ≥ 2 pieces | Delivery: Oct 05 - 13",CN,si,https://www.aliexpress.us/item/3256812577789450.html,https://ae-pic-a1.aliexpress-media.com/kf/S582f9e885c004084b269e2b010b71e78d.jpg
hair towel wrap,3256812482941817,60x100cm Quick Dry Hair Cap Super Absorbent Hair Towel Ultra Soft Hair Towel Wrap with Elastic Loop Large Size,1.09,8.48,87,1 sold,,"$1.04 each, ≥ 2 pieces | New shoppers save $7.39",CN,si,https://www.aliexpress.us/item/3256812482941817.html,https://ae-pic-a1.aliexpress-media.com/kf/S5b8802683444462586cb2130a11e148fq.jpg
hair towel wrap,3256810598002868,1pc Quickly Dry Hair Hat Super Absorbent Soft Bathroom Women Head Towels Girls Cute Hair Towel Hair Dry Wrap B,1.09,6.54,83,21 sold,5,"$1.04 each, ≥ 2 pieces | New shoppers save $5.45",CN,si,https://www.aliexpress.us/item/3256810598002868.html,https://ae-pic-a1.aliexpress-media.com/kf/Sb3c38c9a1b7d4745b14ebc6b16494639s.jpg
hair towel wrap,3256812531110711,"1pc Satin Hair Wrap Towel, Double Layer Hair Turban - Satin Hair Drying Towel Quick-drying Water-absorbing Thi",15.43,32.15,52,,,"$14.66 each, ≥ 2 pieces | Delivery: Oct 05 - 13",CN,si,https://www.aliexpress.us/item/3256812531110711.html,https://ae-pic-a1.aliexpress-media.com/kf/S36af8ca13c1f48638a6b27c38e27fff5b.jpg
hair towel wrap,3256811811187418,"Microfiber Hair Towel Extra Large Wrap Quick Dry Hair Towel Wrap With Elastic Band , Ultra Absorbent Soft Hair",1.09,8.67,87,13 sold,4,"$1.04 each, ≥ 2 pieces | New shoppers save $7.58",CN,si,https://www.aliexpress.us/item/3256811811187418.html,https://ae-pic-a1.aliexpress-media.com/kf/Scd7d22d6897641bdb9e2c8edb8bf44b7Q.jpg
hair towel wrap,3256811520797250,1/3/4 Pcs Quick-Drying Microfiber Hair Drying Cap Absorbent Soft Anti-Frizz Hair Towel Wrap for Women Home Bat,2.79,6.25,55,600+ sold,4.8,Delivery: Oct 05 - 13,CN,si,https://www.aliexpress.us/item/3256811520797250.html,https://ae-pic-a1.aliexpress-media.com/kf/S3bfa1d0767a44b9eb6382b31bcafe1897.jpg
hair towel wrap,3256810021680016,Microfiber Hair Towel Magic Fast Drying Dryer Towel Women Wrap Head Absorption Water Bath Hat,1.09,6.43,83,27 sold,5,"$1.04 each, ≥ 2 pieces | New shoppers save $5.34",CN,si,https://www.aliexpress.us/item/3256810021680016.html,https://ae-pic-a1.aliexpress-media.com/kf/Sb397bd2755cc4ff5ac4c11e8b7372698o.jpg
hair towel wrap,3256812171582819,"1pc Coral Velvet Women's Hair Drying Cap, Super Absorbent, Soft, Fashionable Turban For Quick Drying",1.09,10.38,89,4 sold,,"$1.04 each, ≥ 2 pieces | New shoppers save $9.29",CN,si,https://www.aliexpress.us/item/3256812171582819.html,https://ae-pic-a1.aliexpress-media.com/kf/S4d935e0177dd486c9fc3d47f7e2a066ds.jpg
hair towel wrap,3256807573881223,1pcs Women Hair Towel Wrap Drying Hair Turban Quick-dry Polyester Hair Towel Cap Hat Bath Hat Solid Towel Cap ,,,,453 sold,4.7,,,,https://www.aliexpress.us/item/3256807573881223.html,https://ae-pic-a1.aliexpress-media.com/kf/Sb763a9acb93b4416aae51f0cde919da3m.jpg
hair towel wrap,3256811888209082,"1-Pack Quick-Dry Hair Towel Wrap – Highly Absorbent, Suitable for Long & Short Hair, Ideal for Post-Shower Use",6.97,13.94,50,,,"$6.62 each, ≥ 2 pieces | Delivery: Oct 05 - 13",CN,si,https://www.aliexpress.us/item/3256811888209082.html,https://ae-pic-a1.aliexpress-media.com/kf/Sdb6b2c33b97e4c9083cc95d3c65ab579b.jpg
hair towel wrap,3256812781372525,1pc Quickly Dry Hair Hat Microfiber Towels Anti Frizz Dry Hair Soft Bathroom Women Head Towels Girls Cute Hair,3.92,,,,,,CN,si,https://www.aliexpress.us/item/3256812781372525.html,https://ae-pic-a1.aliexpress-media.com/kf/S54d2a9190ce343d5b1d6735f6e93567dT.jpg
hair towel wrap,3256812631331294,Cute Cartoon Rainbow Embroidered Hair Drying Cap Microfiber Super Absorbent Quick Dry Hair Turban For Women Lo,5.77,12.01,52,,,"$5.48 each, ≥ 2 pieces | Delivery: Oct 05 - 13",CN,si,https://www.aliexpress.us/item/3256812631331294.html,https://ae-pic-a1.aliexpress-media.com/kf/S05d9aa60c3be4be6b9251a442107fea47.jpg
hair towel wrap,3256812349238537,【Xia2】1/3Pcs Double Layer Microfiber Hair Drying Cap Absorbent Hair Turban With Button Quick Drying Towel For ,1.09,8.14,86,7 sold,,"$1.04 each, ≥ 2 pieces | New shoppers save $7.05",CN,si,https://www.aliexpress.us/item/3256812349238537.html,https://ae-pic-a1.aliexpress-media.com/kf/Se0dc1b3471344b018fdc0b3dd91ce8b0X.jpg
hair towel wrap,3256812875843039,Cute Bow Super Absorbent Quick Drying Hair Cap Thickened Shower Cap Women's Coral Fleece Wrapped Hair Dryer To,1.78,2.38,25,,,"Early bird deal, only 1 left",CN,si,https://www.aliexpress.us/item/3256812875843039.html,https://ae-pic-a1.aliexpress-media.com/kf/S510df83b2aa14d91b2d27c1a171ca013K.jpg
hair towel wrap,3256812183063127,1PC Ultra-Soft Microfiber Hair Towel Wrap Quick-Dry Lightweight Elastic Band Absorbent for All Hair Types Curl,1.09,18.85,94,2 sold,,"$1.04 each, ≥ 2 pieces | New shoppers save $17.76",CN,si,https://www.aliexpress.us/item/3256812183063127.html,https://ae-pic-a1.aliexpress-media.com/kf/S6609383c3f48444d83e6aa8cb57e5391c.jpg
hair towel wrap,3256811495434839,Microfiber Bath Towel Hair Dry Quick Drying Lady Bath towel soft shower cap hat for lady man Turban Head Wrap ,1.09,8.72,87,12 sold,,"$1.04 each, ≥ 2 pieces | New shoppers save $7.63",CN,si,https://www.aliexpress.us/item/3256811495434839.html,https://ae-pic-a1.aliexpress-media.com/kf/Sb8e68e6f1a3749ddba56367705439452d.jpg
hair towel wrap,3256807203090912,Super Absorbent Hair Drying Bath Towel Cap Cute Cartoon Bear Microfiber Soft Dry Hair Wrap Bathroom Accessorie,2.15,4.48,52,"3,000+ sold",4.9,Lowest price in 90 days | Delivery: Oct 05 - 13,CN,si,https://www.aliexpress.us/item/3256807203090912.html,https://ae-pic-a1.aliexpress-media.com/kf/S6c0cb79587b24f419e46e204018d1c0fM.jpg
hair towel wrap,3256812861898408,75*35 Stripe Coral Fleece Towel Thick Soft Absorbent Non-shedding Quick-drying Unisex Home Use Dry Hair Towel ,1.09,10.79,89,1 sold,,New shoppers save $9.7 | Delivery: Oct 05 - 13,CN,si,https://www.aliexpress.us/item/3256812861898408.html,https://ae-pic-a1.aliexpress-media.com/kf/Sa8cfb47e88274a3cb46dfb185104c2648.jpg
hair towel wrap,3256809849491779,"Satin Soft Microfiber Dry Hair Cap for Ladies - Double Sided Usable Shower Hair Towel, Ultra-Soft for Quick & ",1.09,10.54,89,45 sold,4.8,"$1.04 each, ≥ 2 pieces | New shoppers save $9.45",CN,si,https://www.aliexpress.us/item/3256809849491779.html,https://ae-pic-a1.aliexpress-media.com/kf/S05e5beb8ca9f4bb9952839991fc422bda.jpg
hair towel wrap,3256810300990911,"Women's Quick-Dry Dry Hair Hat - Coral Fleece Thickened Wrap Bonnet, Super Absorbent & Soft, Essential Bathroo",2.45,4.91,50,278 sold,4.9,Delivery: Oct 05 - 13 | Extra 2% off with coins,CN,si,https://www.aliexpress.us/item/3256810300990911.html,https://ae-pic-a1.aliexpress-media.com/kf/S33368536b3624a629e6910b419e51643T.jpg
hair towel wrap,3256807404622680,Women Long Hair Quick-Dry Hair Towel Soft Microfiber Towels Shower Cap Towel Bath Hats for Women Dry Hair Cap ,1.93,2.41,20,3 sold,,,CN,si,https://www.aliexpress.us/item/3256807404622680.html,https://ae-pic-a1.aliexpress-media.com/kf/Sc87358968f7c49028f35b90f0fda93d3H.jpg
hair towel wrap,3256809936165992,Dry Hair Towel Microfiber Coral Velvet Striped Pattern Hair Cap for Women Turban Water-Absorbent Quick-Drying ,,,,600+ sold,4.9,,,,https://www.aliexpress.us/item/3256809936165992.html,https://ae-pic-a1.aliexpress-media.com/kf/S801dea200fb24259bf092a06b427ea23f.jpg
hair towel wrap,3256811906465910,Quick Dry Hair Towel Wrap Coral Velvet Parent-Child Shower Cap for Women Kids Soft Bath Hat,5.73,12.19,53,3 sold,,"$5.44 each, ≥ 2 pieces | Delivery: Oct 05 - 13",CN,si,https://www.aliexpress.us/item/3256811906465910.html,https://ae-pic-a1.aliexpress-media.com/kf/Sffcf72b452134800844c6aed29113554Q.jpg
hair towel wrap,3256812843884782,Solid Color Hair Towel Textured Dry Hair Cap 9.8' X 25.5' Absorbent Hair Towel Wrap for Button-Down Women,5.29,33.08,84,,,"Early bird deal, only 1 left | Free shipping",US,si,https://www.aliexpress.us/item/3256812843884782.html,https://ae-pic-a1.aliexpress-media.com/kf/Sd62dd5eb733249f5bcf77b283cb00922l.jpg
hair towel wrap,3256811723210880,1 Pc Flower Dried Hair Cap Set Coral Fleece Absorbent Shower Hair Drying Towels Quick Dry Soft Hair Wraps,1.09,9.77,88,5 sold,,"$1.04 each, ≥ 2 pieces | New shoppers save $8.68",CN,si,https://www.aliexpress.us/item/3256811723210880.html,https://ae-pic-a1.aliexpress-media.com/kf/S422d319056e2424ba7a4cec4f04b066bH.jpg
hair towel wrap,3256810058834864,"Large Microfiber Hair Towel, Soft Absorbent Elastic Head Wrap for Wet Curly Long Hair, Anti-Frizz Dry Hair Car",1.09,17.01,93,4 sold,5,"$1.04 each, ≥ 2 pieces | New shoppers save $15.92",CN,si,https://www.aliexpress.us/item/3256810058834864.html,https://ae-pic-a1.aliexpress-media.com/kf/Sb105780f906e4b83a74067caebd78301K.jpeg
ice roller,3256811863400402,"Ice Face Roller, Reusable Silicone Mold Face Massage Eye Facial Beauty Skin Care Tools Apply Ice for Shrink Po",0.33,6.78,95,"1,000+ sold",4.9,Delivery: Oct 05 - 13,CN,si,https://www.aliexpress.us/item/3256811863400402.html,https://ae-pic-a1.aliexpress-media.com/kf/S0d5360bca9fe462293eecab00404cbe6p.jpg
ice roller,3256812628459882,"Ice Face Roller Set With 1 Ice Roller, 1 Storage Bag, 1 Gua Sha Board For Glowing Skin, Silicone Ice Face Roll",10.16,35.14,71,700+ sold,5,New shoppers save $24.98 | Free shipping,US,si,https://www.aliexpress.us/item/3256812628459882.html,https://ae-pic-a1.aliexpress-media.com/kf/S54f1807625a941dba8495a689fac08b5T.jpg
ice roller,3256809774048377,"1/2/3pcs Ice Face Roller Facial Skincare Ice Roller Set,Facial Roller GuaSha FaceTool Set,Face Massage Roller ",0.33,6.38,94,"10,000+ sold",4.9,Delivery: Oct 05 - 13,CN,si,https://www.aliexpress.us/item/3256809774048377.html,https://ae-pic-a1.aliexpress-media.com/kf/Sd1d0a22723bc49e6b78fd255acbb0e897.png
ice roller,3256810511340972,1/2/3pcs Ice Face Roller Facial Skincare Ice Roller Facial Roller GuaSha Face Tool Set Face Massage Roller Lif,0.33,7,95,"5,000+ sold",4.7,Top selling on AliExpress | Delivery: Oct 05 - 13,CN,si,https://www.aliexpress.us/item/3256810511340972.html,https://ae-pic-a1.aliexpress-media.com/kf/Sc892dfaf1123466bb7dc61fc01e1cd676.jpg
ice roller,3256806851819427,Silicone Ice Cube Trays Beauty Lifting Ice Ball Face Massager Contouring Eye Roller Facial Treatment Reduce Ac,0.33,4.84,93,"4,000+ sold",4.9,Delivery: Oct 05 - 13,CN,si,https://www.aliexpress.us/item/3256806851819427.html,https://ae-pic-a1.aliexpress-media.com/kf/S561cdf2f6a85476f95e5122b7c85df047.jpg
ice roller,3256810467019956,Facial Beauty Ice Roller And Gua Sha Set Eye And Face Massager Skin Care Tool Cold Therapy Facial Cube for Ski,1.09,2.67,59,"5,000+ sold",4.9,New shoppers save $1.58 | Delivery: Oct 05 - 13,CN,si,https://www.aliexpress.us/item/3256810467019956.html,https://ae-pic-a1.aliexpress-media.com/kf/S4f985211b28946e9b11f8af688747a74t.jpg
ice roller,3256812896012465,Household Small Mini 2-In-1 Lifting Roller Ice Therapy Device – Facial Firming Massage Beauty Instrument For C,5.54,34.63,84,,,"Early bird deal, only 1 left | Free shipping",US,si,https://www.aliexpress.us/item/3256812896012465.html,https://ae-pic-a1.aliexpress-media.com/kf/S1cb02fbc849540a6a93b1b7cc40e7e67T.jpg
ice roller,3256810203188308,Silicone Ice Cube Trays Facial Eye Roller Ice Ball Beauty Face Lifting Massager Contouring Reduce Acne Skin Ca,1.57,6.57,76,54 sold,4.8,New shoppers save $5 | Lowest price in 90 days,CN,si,https://www.aliexpress.us/item/3256810203188308.html,https://ae-pic-a1.aliexpress-media.com/kf/S37e1dc3daf9d453592a3d12f9c284027p.jpg
ice roller,3256811979870180,Silicone Ice Mold 1Pcs Shell Pattern For Face Ice Roller Beauty Soothing Skin Tightening Puffiness Cooling At ,1.09,6.75,83,2 sold,5,"$1.04 each, ≥ 2 pieces | New shoppers save $5.66",CN,si,https://www.aliexpress.us/item/3256811979870180.html,https://ae-pic-a1.aliexpress-media.com/kf/S52cb6f83bda74422bcf9028930564997H.jpg
ice roller,3256808209210496,SOICY S40 Metal Ice Roller for Under Eye Massage Face Massager Skincare Tools with 2 Stainless Steel Heads,13.93,38.63,63,2 sold,,New shoppers save $24.7 | Lowest price in 90 days,CN,si,https://www.aliexpress.us/item/3256808209210496.html,https://ae-pic-a1.aliexpress-media.com/kf/S706affb35a2f4daa9e34cfcbccca46c8s.jpg
ice roller,3256813044424144,【B】1PC Silicone Face Ice Ball Mold For Beauty And Skin Care Silicon Face Ice Roller With Cleansing Brush,2.15,6,64,2 sold,,"Early bird deal, only 3 left | Delivery: Oct 05 - 13",CN,si,https://www.aliexpress.us/item/3256813044424144.html,https://ae-pic-a1.aliexpress-media.com/kf/Sfee449cb463244d2a47e2a8818016409D.jpg
ice roller,3256809589734378,2Pcs Box LCE Globes For Facials Cooling LCE Balls For Face LCE RollerFacial Massager Freezer LCE Globes Tool F,6.43,,,447 sold,4.7,Extra 5% off with coins,CN,si,https://www.aliexpress.us/item/3256809589734378.html,https://ae-pic-a1.aliexpress-media.com/kf/S35948faa6cca41c0bbf5b1bb61143a69q.jpg
ice roller,3256810608459587,"Ice Face Roller Stainless Steel Face Roller Gua Sha Tool,Facial Ice Roller Mold for Face Eye Skincare Tools Li",1.09,8.39,87,9 sold,5,"$1.04 each, ≥ 2 pieces | New shoppers save $7.3",CN,si,https://www.aliexpress.us/item/3256810608459587.html,https://ae-pic-a1.aliexpress-media.com/kf/Sf44617d5d7544a33a9f0a4049e8e4b092.jpg
ice roller,3256812666368776,【M】Cold Compress Device Double Headed Roller 2-in-1 Ice Massage Device Multi Functional Massager For Relieving,1.09,11.52,90,1 sold,,New shoppers save $10.43 | Delivery: Oct 05 - 13,CN,si,https://www.aliexpress.us/item/3256812666368776.html,https://ae-pic-a1.aliexpress-media.com/kf/S60a6cc7d3b0647babe47e4db1b0922dal.jpg
ice roller,3256806523773889,Ice Face Roller Ice Cube Beauty Massage Silicone Ice Mold For Eye Puffiness Ice Facial Roller Shrink Pores,,,,"5,000+ sold",4.8,,,,https://www.aliexpress.us/item/3256806523773889.html,https://ae-pic-a1.aliexpress-media.com/kf/Sb88ad216e4954ea1a5540b63b68356acX.jpg
ice roller,3256812953145785,1Pcs Reusable Facial Massage Silicone Face Ice Mold For Beauty Skin Care Face Ice Roller With Cleansing Brush,2.09,5.98,65,,,"Early bird deal, only 1 left | Delivery: Oct 05 - 13",CN,si,https://www.aliexpress.us/item/3256812953145785.html,https://ae-pic-a1.aliexpress-media.com/kf/Sa721612d1cbd41c6b85f67da827951e3m.jpg
ice roller,3256812537930056,Double Ended Ice Roller for Face & Eye Puffiness 2 in 1 Facial Cold Compress Skin Care Tool Portable Body Gua ,3.03,16.73,81,1 sold,,New shoppers save $13.7 | Extra 1% off with coins,CN,si,https://www.aliexpress.us/item/3256812537930056.html,https://ae-pic-a1.aliexpress-media.com/kf/S8d50840813e14ae0a79ab1003f2b2c78A.jpg
ice roller,3256812349102170,Ice Roller Facial Massager with Ice Head Cooling Face Lift Tighten Skin Puffiness Relief Eye Care Beauty Tool ,1.09,9.94,89,1 sold,5,New shoppers save $8.85 | Delivery: Oct 05 - 13,CN,si,https://www.aliexpress.us/item/3256812349102170.html,https://ae-pic-a1.aliexpress-media.com/kf/Sfe915fc8b2ad4ab1b0c3d1cd5f228187A.jpg
ice roller,3256810093151488,"Large Ice Roller/Massager Facial Cooling Beauty Tool,Ice Roller for Face And Eye, Athome Spa,Skincare Routine,",2.33,8.22,71,461 sold,4.9,Delivery: Oct 05 - 13,CN,si,https://www.aliexpress.us/item/3256810093151488.html,https://ae-pic-a1.aliexpress-media.com/kf/Sc0b5ab58934f4a9aaba5a39235d4491f3.jpg
ice roller,3256812387581637,Ice Compress Hammer Facial Cooling Massager Ice Roller Face Depuffing Tool Pore Tightener Cold Therapy Skin Ca,2.67,9.52,71,1 sold,,New shoppers save $6.85 | Extra 10% off with coins,CN,si,https://www.aliexpress.us/item/3256812387581637.html,https://ae-pic-a1.aliexpress-media.com/kf/Sdb2d5fb8a9cb4b35876af0eb73c71c51s.png
ice roller,3256812773999444,2PcsFacial Ice Globes Cooling Face Roller for Eye Neck Puffy Dark Circles Relief Cryo Sticks Skin Care Massage,7.24,15.08,52,,,Delivery: Oct 05 - 13 | Extra 1% off with coins,CN,si,https://www.aliexpress.us/item/3256812773999444.html,https://ae-pic-a1.aliexpress-media.com/kf/S2b54d5ee3a0e4418ba9f67ca5ea06b2aw.jpeg
ice roller,3256807636322472,Cool Facial Eye Massage Face Ice Roller Double Roller Relieve Fatigue Pain Redness Skin Tighten Face Lift Redu,1.47,20.88,92,8 sold,,New shoppers save $19.41 | Delivery: Oct 05 - 13,CN,si,https://www.aliexpress.us/item/3256807636322472.html,https://ae-pic-a1.aliexpress-media.com/kf/Sd5635a7259c1431b8088bcab4a91eddd5.jpg
ice roller,3256812263795536,Ice Massager Roller Face Lifting Tighten Massager Mutil-Body Stress Release Massage Rollings Women Skin Care B,1.09,12.46,91,7 sold,,New shoppers save $11.37 | Delivery: Oct 05 - 13,CN,si,https://www.aliexpress.us/item/3256812263795536.html,https://ae-pic-a1.aliexpress-media.com/kf/S171318bd3b524a8ba0d09a7339dc589dz.jpg
ice roller,3256812061482419,Unbreakable Steel Cryo Face Massager Ice Globes Cooling Roller for Puffiness And Dark Circles Skin Care Tool,1.94,16.9,88,5 sold,,"$1.84 each, ≥ 2 pieces | New shoppers save $14.96",CN,si,https://www.aliexpress.us/item/3256812061482419.html,https://ae-pic-a1.aliexpress-media.com/kf/S960ac819dbd24f4b8d6ead8898621c31n.png
ice roller,3256812034198854,"Ice Face Roller Facial Skincare Ice Roller Set, Facial Roller GuaSha Face Tool Set Face Massage Roller Lifting",1.09,7.12,84,36 sold,4.8,New shoppers save $6.03 | Delivery: Oct 05 - 13,CN,si,https://www.aliexpress.us/item/3256812034198854.html,https://ae-pic-a1.aliexpress-media.com/kf/Se4b380f09b1d475da15b157302c9c422n.jpg
ice roller,3256812096514009,1Pcs Gift For Women Skin Care Freezer Reusable Shell Pattern Silicone Ice Mold For Face Facial Beauty Ice Roll,1.09,3.86,71,2 sold,,New shoppers save $2.77 | Extra 2% off with coins,CN,si,https://www.aliexpress.us/item/3256812096514009.html,https://ae-pic-a1.aliexpress-media.com/kf/S6edf20a6e4fa45f4902defc063c1b45bX.jpg
ice roller,3256810356663909,1pc silicone face ice cube mold for Beauty and Skin Care silicon face ice roller,0.33,4.84,93,"1,000+ sold",4.8,Delivery: Oct 05 - 13,CN,si,https://www.aliexpress.us/item/3256810356663909.html,https://ae-pic-a1.aliexpress-media.com/kf/S8801ccbf9cf04d7bad209136a7ec149e0.jpg
ice roller,3256806497769127,Ice Face Roller Massager Facial Lifting Massager Body Handheld Rolling Massager Wrinkle Remover Massager Skin ,1.09,12.27,91,273 sold,4.8,"$1.04 each, ≥ 2 pieces | New shoppers save $11.18",CN,si,https://www.aliexpress.us/item/3256806497769127.html,https://ae-pic-a1.aliexpress-media.com/kf/S7c91bd8560ac4693a8116559dd35114cD.jpg
ice roller,3256806696880767,"Face and Eye Ice Roller, Face Beauty Ice Roller, Facial Ice Massage Beauty Silicone, Reusable Leakproof Skin C",,,,900+ sold,4.6,,,,https://www.aliexpress.us/item/3256806696880767.html,https://ae-pic-a1.aliexpress-media.com/kf/S7b1e706177484fe8b04288df8c11ab67T.jpg
ice roller,3256812883739131,Portable Cooling Massage Roller Face Body Ice Roller Manual Multi-Lobe Massager Protective Case for Neck Arms ,8.89,12.63,29,,,"Early bird deal, only 5 left | Extra 10% off with coins",CN,si,https://www.aliexpress.us/item/3256812883739131.html,https://ae-pic-a1.aliexpress-media.com/kf/S4d060fa9becc4687a027adc6133421aeZ.png
ice roller,3256811907049661,Face Roller Facial Lifting Contouring Tools Silicone Ice Cube Trays Ice Globe Balls Eye Face Massager Beauty S,1.09,8.45,87,5 sold,,"$1.04 each, ≥ 2 pieces | New shoppers save $7.36",CN,si,https://www.aliexpress.us/item/3256811907049661.html,https://ae-pic-a1.aliexpress-media.com/kf/S4c051609d06643f1a4e2e737fffa23e3z.jpg
ice roller,3256811853148756,Cube Tray Shape Face Facial Reusable Ice Roller Massage Silicone Face Massage Roller Facial Ice Face Roller Sk,1.09,7.32,85,6 sold,,"$1.04 each, ≥ 2 pieces | New shoppers save $6.23",CN,si,https://www.aliexpress.us/item/3256811853148756.html,https://ae-pic-a1.aliexpress-media.com/kf/Se2ac3857a0234b3a9a329925a4246c922.jpg
ice roller,3256809592478515,1PCS Face Roller Tightening Redness Soothing Salon Wrinkle Remover Ice Globes Facial Massager Ice Roller Skin ,1.52,7.52,79,20 sold,,New shoppers save $6,CN,si,https://www.aliexpress.us/item/3256809592478515.html,https://ae-pic-a1.aliexpress-media.com/kf/S4df6573e8ab7423a9cf216b4fa19965bX.jpg
ice roller,3256807734205151,"Silicone Ice Roller Massager for Face, Eyes - Natural Skin Care, Cooling and Eliminating Eye Bags, Reusable an",1.33,9.18,85,600+ sold,4.6,Delivery: Oct 05 - 13,CN,si,https://www.aliexpress.us/item/3256807734205151.html,https://ae-pic-a1.aliexpress-media.com/kf/S670e486dc08a4443b4b1c2a59d4494e0L.png
ice roller,3256808604318715,1/3pcs Ice Face Roller Facial Skincare Ice Roller Stainless Steel Facial Roller Gua Sha Tool Reusable Silicone,1.09,9.12,88,22 sold,5,"$1.04 each, ≥ 2 pieces | New shoppers save $8.03",CN,si,https://www.aliexpress.us/item/3256808604318715.html,https://ae-pic-a1.aliexpress-media.com/kf/S72f05bdc97434978afda44a2706d6e71K.jpg
ice roller,3256812294765035,"3in 1 Ice Face Roller Facial Skincare Ice Roller Set,Facial Roller Gua Sha Face Tool Set,Care Tool Beauty Set ",1.09,9.33,88,5 sold,5,New shoppers save $8.24 | Lowest price in 90 days,CN,si,https://www.aliexpress.us/item/3256812294765035.html,https://ae-pic-a1.aliexpress-media.com/kf/Sebe10a8391494db5855ee9f117765b51T.jpg
ice roller,3256812249016987,Upgraded Silicone Ice Roller for Face Reusable Face Lifting Facial Massager Beauty Skin Care Tools Ice Mold Ey,1.09,5.61,80,2 sold,,New shoppers save $4.52,CN,si,https://www.aliexpress.us/item/3256812249016987.html,https://ae-pic-a1.aliexpress-media.com/kf/S4685c3a193bc4ae9928178f2e44dc7a56.jpg
ice roller,3256812711766497,"One Silicone Ice Face Roller Mold - Reusable Tray For Reducing Puffiness, Enhancing Skin Care And Facial Massa",,,,15 sold,5,,,,https://www.aliexpress.us/item/3256812711766497.html,https://ae-pic-a1.aliexpress-media.com/kf/S1e7c6c47e07c495ca473ed300160ea09w.jpg
ice roller,3256812156662268,1pc Silicone Ice Roller for Face Portable Facial Ice Mold for Skin Care Pore Reducing Massage Tool,1.09,5.76,81,53 sold,4.7,New shoppers save $4.67 | Delivery: Oct 05 - 13,CN,si,https://www.aliexpress.us/item/3256812156662268.html,https://ae-pic-a1.aliexpress-media.com/kf/S10b2875621f5482797f801d6178cbd84t.jpg
ice roller,3256808949482888,Silicone Ice Roller for Face Beauty Skin Care Tools Face Lifting Contouring Facial Massager Reusable Ice Cube ,1.09,5.94,81,222 sold,4.6,New shoppers save $4.85 | Delivery: Oct 05 - 13,CN,si,https://www.aliexpress.us/item/3256808949482888.html,https://ae-pic-a1.aliexpress-media.com/kf/S732f4501431d44dfa12cb8bce191caa7N.jpg
ice roller,3256807189530411,Ice Roller for Face Ice Cube Facial Roller Massager Reusable Silicone Face/Eyes/Neck Ice Mold for Skin Care Id,1.09,8.34,86,4 sold,5,"$1.04 each, ≥ 2 pieces | New shoppers save $7.25",CN,si,https://www.aliexpress.us/item/3256807189530411.html,https://ae-pic-a1.aliexpress-media.com/kf/S03bdb6a5ad714e2dbcf617aac3c860c6e.jpg
ice roller,3256808975072126,"1/3 Piece Ice Face Roller Facial Skin Care Tools, Stainless Steel Facial Roller Scraping Board Ice Tray Skin C",4.46,20.56,78,142 sold,4.8,"$4.24 each, ≥ 2 pieces | New shoppers save $16.1",CN,si,https://www.aliexpress.us/item/3256808975072126.html,https://ae-pic-a1.aliexpress-media.com/kf/Sd41fa28a925147469f5521706eb586fdk.jpg
ice roller,3256813078286962,【WA】New Silicone Ice Face Roller Massager Facial Lifting Non Electric Handheld Rolling Massager Reduce Swellin,7.88,11.76,33,,,Extra 5% off with coins,CN,si,https://www.aliexpress.us/item/3256813078286962.html,https://ae-pic-a1.aliexpress-media.com/kf/Scbfa2dc4f9bb43ca99079b565f51d85dZ.jpg
ice roller,3256813001526514,Ice Cooling Globes Face Massage Roller Cryo Sticks Skin Rejuvenation Tightening Pores Beauty Care Facial Equip,8.82,25.19,65,,,,CN,si,https://www.aliexpress.us/item/3256813001526514.html,https://ae-pic-a1.aliexpress-media.com/kf/Sd036ab1abfbc4a6ea3d10c2392b9b28e3.png
ice roller,3256808790553872,"Cryo Ice Facial Roller - Cooling Silicone Massager for Puffiness & Wrinkles | Fragrance-Free, Battery-Free All",1.09,7.63,85,200 sold,4,"$1.03 each, ≥ 2 pieces | New shoppers save $6.54",CN,si,https://www.aliexpress.us/item/3256808790553872.html,https://ae-pic-a1.aliexpress-media.com/kf/Se369865e171a435a86c48dc9c292e0d44.jpg
ice roller,3256805845644878,Mini Stainless Steel Cooling Face Roller Skin Cooling Ice Roller Eye Facial Massager Anti-aging Face Lift Pain,1.09,3.86,71,80 sold,5,New shoppers save $2.77 | Extra 6% off with coins,CN,si,https://www.aliexpress.us/item/3256805845644878.html,https://ae-pic-a1.aliexpress-media.com/kf/S9727355dd9ca4909a9ff4d28e0e108afs.jpg
ice roller,3256811797850049,"Ice Roller for Face,Eyes Therapeutic Cooling Complexion Reduce Wrinkles Massager Under Eye Puffiness Skin Care",,,,129 sold,4.8,,,,https://www.aliexpress.us/item/3256811797850049.html,https://ae-pic-a1.aliexpress-media.com/kf/S4f0738509824444ab74202d0299cd10cl.jpg
ice roller,3256809459909883,Ice Facial Roller Skin Care Beauty Lifting Contouring Tools Ice Cube Trays Ice Globe Balls Face Massager Skin ,,,,"2,000+ sold",4.8,,,,https://www.aliexpress.us/item/3256809459909883.html,https://ae-pic-a1.aliexpress-media.com/kf/Sd3f98c07f74c4a30a8fa74514ad26c57u.jpg
ice roller,3256808509829616,"Silicone Ice Face Roller, Beauty Face Ice Roller,Ice Roller For Face, Eye And Neck",1.09,6.42,83,392 sold,4.7,"$1.04 each, ≥ 2 pieces | New shoppers save $5.33",CN,si,https://www.aliexpress.us/item/3256808509829616.html,https://ae-pic-a1.aliexpress-media.com/kf/S15aad17558db40b283b72b70c47d8470B.jpg
ice roller,3256808260803250,"Ice Face Roller & Stainless Steel Gua Sha Tool Set, Facial Massager Ice Roller Skin Care Tool Beauty Set Lifti",1.33,12.55,89,44 sold,4.8,Delivery: Oct 05 - 13,CN,si,https://www.aliexpress.us/item/3256808260803250.html,https://ae-pic-a1.aliexpress-media.com/kf/S0755c28d1acb49bebaed6d80e7c4f482V.jpg
ice roller,3256813032972518,"Pink Facial Cleansing and Massage Set with Face Cleansing Brush, Reusable Ice Face Roller & Gua Sha Set Self S",20.94,33.77,38,,,Free shipping | Extra 2% off with coins,CN,si,https://www.aliexpress.us/item/3256813032972518.html,https://ae-pic-a1.aliexpress-media.com/kf/S8b25e48b14ae44e38a7c3c682a232bfc3.jpg
ice roller,3256812218651179,"Gel Ice Face Roller Reusable Handheld Massager For Facial Lifting, Puffiness, Shrink Pores, Wrinkle Remove Bod",3.54,9.22,61,3 sold,,New shoppers save $5.68 | Extra 10% off with coins,CN,si,https://www.aliexpress.us/item/3256812218651179.html,https://ae-pic-a1.aliexpress-media.com/kf/Sbd81f4bcfc3641c68bb71775f4ee4197d.png
ice roller,3256806990240194,1Pc Face Roller Tightening Redness Soothing Salon Wrinkle Remover Ice Globes Facial Massager Ice Roller Skin C,1.09,5.92,81,148 sold,4.9,New shoppers save $4.83 | Lowest price in 90 days,CN,si,https://www.aliexpress.us/item/3256806990240194.html,https://ae-pic-a1.aliexpress-media.com/kf/S81d1e193063f4390a9c275727cf9ade6S.jpg
ice roller,3256809913006411,"8-piece silicone skincare set with ice roller and cold compress mask - pink and white two-tone facial spa set,",4.21,19.6,78,115 sold,4.9,"$4 each, ≥ 2 pieces | New shoppers save $15.39",CN,si,https://www.aliexpress.us/item/3256809913006411.html,https://ae-pic-a1.aliexpress-media.com/kf/S534598ed00fc4cfc848bfc39976d97605.jpg
ice roller,3256812496884458,"1/2/3pcs Ice Face Roller Facial Skincare Ice Roller Set,Facial Roller GuaSha FaceTool Set,Face Massage Roller ",,,,23 sold,5,,,,https://www.aliexpress.us/item/3256812496884458.html,https://ae-pic-a1.aliexpress-media.com/kf/S6161b318356146a3b0a57f1ac7f84bbd8.jpg
ice roller,3256812903425840,Facial Ice Globes Cooling Roller Massager for Face Neck Eyes Puffiness Relief Skin Firming Wide Application Bo,7.33,,,,,,CN,si,https://www.aliexpress.us/item/3256812903425840.html,https://ae-pic-a1.aliexpress-media.com/kf/S45d6955dd62942f9831437552f258be9R.jpg
ice roller,3256812849114052,Stainless Steel Beauty Ice Roller Face Massage 360 Rotating  Cold & Hot Facial Massager Ball,3.66,17.31,78,2 sold,,New shoppers save $13.65 | Extra 1% off with coins,CN,si,https://www.aliexpress.us/item/3256812849114052.html,https://ae-pic-a1.aliexpress-media.com/kf/Sfe3e829335d4461da5aca4f2212f963dd.jpg
ice roller,3256807124346301,Ice Roller for Face Beauty Ice Roller With Cosmetic Brush Scrubber Mat Pad Cleaning Tool Skin Care Tools Perfe,1.09,13.8,92,119 sold,4.8,"$1.04 each, ≥ 2 pieces | New shoppers save $12.71",CN,si,https://www.aliexpress.us/item/3256807124346301.html,https://ae-pic-a1.aliexpress-media.com/kf/Scfaaf3ac12e6462dad8819cfc7455d49M.jpg
ice roller,3256809561060776,"3-piece facial cleansing tool set, stainless steel heart-shaped scraping board, ice cube facial roller, roller",1.88,14.33,86,61 sold,4.4,"$1.79 each, ≥ 2 pieces | New shoppers save $12.45",CN,si,https://www.aliexpress.us/item/3256809561060776.html,https://ae-pic-a1.aliexpress-media.com/kf/S219d919ae6e14dc6ad578e00ad389205r.jpg
ice roller,3256809596110894,"6-piece facial cleansing tool set, including a stainless steel scraping board, ice roller, cloth bag, etc.",1.09,7.23,84,310 sold,4.3,"$1.04 each, ≥ 2 pieces | New shoppers save $6.14",CN,si,https://www.aliexpress.us/item/3256809596110894.html,https://ae-pic-a1.aliexpress-media.com/kf/S37d9faf70f78460598a67b97efc7fe8eY.jpg
wireless wall sconce,3256811990713879,Wall Sconces Battery Operated Wireless USB Rechargeable Wall Lights with Remote Control 360° Rotation LED Dimm,22.4,,59,378 sold,4.9,,CN,si,https://www.aliexpress.us/item/3256811990713879.html,https://ae-pic-a1.aliexpress-media.com/kf/Sb446c7291e5b43d8aaddeb486a25a9eaB.png
wireless wall sconce,3256811909412436,"Battery-Powered Wall Light, Wireless Charging Wall Light with Remote Control, Dimmable, 15Rgb, Timer, Suitable",18.18,,60,592 sold,4.9,,CN,si,https://www.aliexpress.us/item/3256811909412436.html,https://ae-pic-a1.aliexpress-media.com/kf/Sc9dc3a587f93493e9ded92d5732c2d81L.jpg
wireless wall sconce,3256812350757864,Led Wall Light Touch Dimming USB Remote Control Wireless Rechargeable Wall Lamp for Picture Light Indoor Art D,21.87,,63,,,,CN,si,https://www.aliexpress.us/item/3256812350757864.html,https://ae-pic-a1.aliexpress-media.com/kf/S3025fe671bf74270beaebcbe844bb031r.jpg
wireless wall sconce,3256807616797766,Rechargeable LED Wall Lamp Flexible Adjustable Wall Light Fixtures 40cm Internal Wall Sconce Wireless Picture ,24.52,,60,481 sold,4.8,,CN,si,https://www.aliexpress.us/item/3256807616797766.html,https://ae-pic-a1.aliexpress-media.com/kf/S572ab72ee4c5471ab842670d4e6aef3a5.jpg
wireless wall sconce,3256812845142821,"Battery-Powered Wall Light, Gold Wireless Charging Wall Light with 2000Mah Dimmable Detachable Bulb and Remote",21.36,,59,32 sold,5,,CN,si,https://www.aliexpress.us/item/3256812845142821.html,https://ae-pic-a1.aliexpress-media.com/kf/S0da5d7413856462aa69f72cd833f16bbp.jpg
wireless wall sconce,3256807605437850,Wireless Rechargeable Battery Powered Wall Light Motion Sensor Magnetic LED Wall Light Bedroom Corridor Stairc,22.24,,52,67 sold,4.9,,CN,si,https://www.aliexpress.us/item/3256807605437850.html,https://ae-pic-a1.aliexpress-media.com/kf/S9cfffb814aaa420aa58f1dc82bdbdefc9.jpg
wireless wall sconce,3256810551539523,2PCS Wireless Wall Lamp USB Rechargeable Wall Light Battery With Switch LED Battery Powered Wall Lamp Indoor T,30.41,,59,,,,CN,si,https://www.aliexpress.us/item/3256810551539523.html,https://ae-pic-a1.aliexpress-media.com/kf/S1d4bbc69f29946c986961b0d35c235deY.jpg
wireless wall sconce,3256806875613444,Creative LED Wall Sconce Minimalist Design Wireless Charging USB Interface Night Lamp Indoor Lighting For Livi,50.16,,,,,,CN,si,https://www.aliexpress.us/item/3256806875613444.html,https://ae-pic-a1.aliexpress-media.com/kf/S2689ddfec4774bc4ba6cec340ff4406dM.jpg
wireless wall sconce,3256810323672207,"LED Night Light with Wireless Charger,Human Motion Sensor,EU/USB/Battery-Powered Wall Lamp for Bedroom,Corrido",1.09,,86,104 sold,4.4,,CN,si,https://www.aliexpress.us/item/3256810323672207.html,https://ae-pic-a1.aliexpress-media.com/kf/Sa9cdf53b02b24bd6bad48d5e3fc6cdf1Z.jpg
wireless wall sconce,3256811863440292,LED Wall Sconces with Remote 3 Colors Solid Wood Wall Reading Light Type C Rechargeable Bedside Lamp Mirror La,19.19,,60,139 sold,4.9,,CN,si,https://www.aliexpress.us/item/3256811863440292.html,https://ae-pic-a1.aliexpress-media.com/kf/S7356959eda5541f6b4c61f486c3c76438.jpg
wireless wall sconce,3256810598526546,Mini Rechargeable Wall Light Three Color or RGB Adjustable Bedroom Bathroom Doorway LED Wireless Magnetic Spot,1.39,,89,,,,CN,si,https://www.aliexpress.us/item/3256810598526546.html,https://ae-pic-a1.aliexpress-media.com/kf/S795b10134ecc4edfac3140a0910f74dc6.jpg
wireless wall sconce,3256812735032722,Modern Nordic Hotel Headboard Wall Lights Sconce USB Wireless Phone Charging Bedside Reading LED Wall Lamp,72.13,,55,,,,CN,si,https://www.aliexpress.us/item/3256812735032722.html,https://ae-pic-a1.aliexpress-media.com/kf/S58f111c9c4c0443b8e71856f2a8363d7f.jpg
wireless wall sconce,3256809763044183,Battery Operated Wall Sconce Magnetic Cordless Night Light Indoor Motion Sensor LED Wall Lights Bedrooms Corri,5.96,,74,377 sold,4.2,,CN,si,https://www.aliexpress.us/item/3256809763044183.html,https://ae-pic-a1.aliexpress-media.com/kf/S58f5f4d088e247d9a7b8740fe348b9deZ.jpg
wireless wall sconce,3256811372380900,6000mAh USB Rechargeable LED Wall Lamps with Remote Control 3CCT Operated Battery Wall Lights Wireless Dimmabl,41.13,,58,1 sold,5,,CN,si,https://www.aliexpress.us/item/3256811372380900.html,https://ae-pic-a1.aliexpress-media.com/kf/S8203232b89464eb89b11fbfa5d05b2ffb.jpg
wireless wall sconce,3256811387186437,Wall Sconces Battery Operated Wireless USB Rechargeable Wall Lights with Remote Control 360° Rotation LED Dimm,20.53,,63,314 sold,4.5,,CN,si,https://www.aliexpress.us/item/3256811387186437.html,https://ae-pic-a1.aliexpress-media.com/kf/Sb446c7291e5b43d8aaddeb486a25a9eaB.png
wireless wall sconce,3256811645767478,"Battery-Powered Wall Light, Wireless Charging Wall Light with Remote Control, Dimmable, 15Rgb, Timer, Suitable",18.29,,64,579 sold,4.6,,CN,si,https://www.aliexpress.us/item/3256811645767478.html,https://ae-pic-a1.aliexpress-media.com/kf/Sc9dc3a587f93493e9ded92d5732c2d81L.jpg
wireless wall sconce,3256808032532896,Wireless Battery Powered Wall Lamp Rechargeable Wall Lamp Dimmable Detachable Bulb Remote Control 15 Color Wir,22.57,,73,798 sold,4.6,,CN,si,https://www.aliexpress.us/item/3256808032532896.html,https://ae-pic-a1.aliexpress-media.com/kf/S146770e5b56e457ab509ffbcec70f932z.jpg
wireless wall sconce,3256809383687732,LED USB Rechargeable Wall Light 4000mAh Motion Sensor Indoor Wireless Hanging Wall Lamp Bedroom Bedside Lighti,24.06,,59,,,,CN,si,https://www.aliexpress.us/item/3256809383687732.html,https://ae-pic-a1.aliexpress-media.com/kf/S037dc3df407b48789e4ea1eadf2432448.jpg
wireless wall sconce,3256813102472233,"Battery-powered wall lamp, wireless charging wall lamp with 15-color bulbs, dimmable wall lamp with remote con",22.28,,60,51 sold,5,,CN,si,https://www.aliexpress.us/item/3256813102472233.html,https://ae-pic-a1.aliexpress-media.com/kf/S3b64d153144041698228ac4da5694a89X.jpg
wireless wall sconce,3256812822291256,"Battery-powered wall lamp, wireless charging wall lamp with 15-color bulbs, dimmable wall lamp with remote con",18.77,,64,51 sold,5,,CN,si,https://www.aliexpress.us/item/3256812822291256.html,https://ae-pic-a1.aliexpress-media.com/kf/S3b64d153144041698228ac4da5694a89X.jpg
wireless wall sconce,3256813091636707,"Battery-powered wall lamp, wireless wall lamp with 2000mAh dimmable bulb and remote control, LED 15-color rech",23.31,,58,24 sold,5,,CN,si,https://www.aliexpress.us/item/3256813091636707.html,https://ae-pic-a1.aliexpress-media.com/kf/S7ab95976067d45878393775849d84524P.jpg
wireless wall sconce,3256809218466729,350° Rotatable Rechargeable Battery LED Wall Lamps with Remote Control Wireless Wall Sconce Touch Switch Dimma,59.02,,9,25 sold,5,,CN,si,https://www.aliexpress.us/item/3256809218466729.html,https://ae-pic-a1.aliexpress-media.com/kf/S50e0034db9ec42c7b0f77f35ce9c384eg.jpg
wireless wall sconce,3256809329415665,LED Magnetic Rechargeable Wall Sconce Touching Square For Living Room Bedroom Hallway Study Room Cloakroom Ind,33.56,,59,19 sold,5,,CN,si,https://www.aliexpress.us/item/3256809329415665.html,https://ae-pic-a1.aliexpress-media.com/kf/S75ecd9ea301742139a61cfb3695874d12.jpg
wireless wall sconce,3256807979080642,Background Home Decoration Wall Lamps Plastic Ball Lampshade G9 Bulb Round Sconce Light LED Bedroom Corridor N,24.51,,71,856 sold,4.3,,CN,si,https://www.aliexpress.us/item/3256807979080642.html,https://ae-pic-a1.aliexpress-media.com/kf/Se2fa989caeb945e08ed32b1788745f33V.jpg
wireless wall sconce,3256812484474824,Smart Motion Sensor Night Lights USB Rechargeable Magnetic LED Wall Lights Wireless Portable Ambient Lights fo,1.14,,91,,,,CN,si,https://www.aliexpress.us/item/3256812484474824.html,https://ae-pic-a1.aliexpress-media.com/kf/Sf076c289cfe14d99b93c66bb11e2d2b7J.jpg
wireless wall sconce,3256812052481802,1PC/2PCS Battery Operated Wall Sconces Wireless Golden Rechargeable Lamp with Remote Control Dimmable Cordless,23.98,,62,15 sold,4.4,,CN,si,https://www.aliexpress.us/item/3256812052481802.html,https://ae-pic-a1.aliexpress-media.com/kf/S58eb0f7d6ecc487a95bccbcbf109ded7f.png
wireless wall sconce,3256812292024977,Bedside Led Wall Lamp Touch Indoor Wireless Spotlights USB Charging Wall Lamp Magnetic LED Cordless Wall Sconc,2.83,,82,,,,CN,si,https://www.aliexpress.us/item/3256812292024977.html,https://ae-pic-a1.aliexpress-media.com/kf/S93f0b5e350dd445d907fd690b7f41319P.jpg
wireless wall sconce,3256809766054559,Dimmable Garden Wall Lamp Modern Black Outdoor LED Light Waterproof Exterior Sconce for House Facade IP65,26,,50,,,,CN,si,https://www.aliexpress.us/item/3256809766054559.html,https://ae-pic-a1.aliexpress-media.com/kf/Sc4727b3a23d34bbf9ebf1b203f1ee625C.jpg
wireless wall sconce,3256808910562793,Led Double Head Wall Lamp Touch Control Remote 360 Rotatable USB Recharge Wireless Portable Night Light For Be,9.7,,39,4K+ sold,4.7,,CN,si,https://www.aliexpress.us/item/3256808910562793.html,https://ae-pic-a1.aliexpress-media.com/kf/Sb6f17e7e33c8448f98d61cf5d80798a8f.jpg
wireless wall sconce,3256812405333380,American Vintage Wireless Wall Lamp Detachable Rechargeable Battery Touch Dimmable Fabric Shade Bedside Bedroo,62.45,,8,,,,CN,si,https://www.aliexpress.us/item/3256812405333380.html,https://ae-pic-a1.aliexpress-media.com/kf/S4b6d023a23a34a6381d61158b90331cao.png
wireless wall sconce,3256807290712387,Magnetic Base USB Rechargeable LED Cordless Wall Light with Touch Switch Black White Magnet Dimmable Bedside L,7.42,,52,7K+ sold,4.9,,CN,si,https://www.aliexpress.us/item/3256807290712387.html,https://ae-pic-a1.aliexpress-media.com/kf/Sef3e68615ce44f4180ee0dec093fb318i.jpg
wireless wall sconce,3256809232252173,Nordic Design Yellow Travertine Wall Lamp Wood Stone Sconce Light LED Lighting Fixture Bedroom Living Room Bed,58.49,,50,28 sold,5,,CN,si,https://www.aliexpress.us/item/3256809232252173.html,https://ae-pic-a1.aliexpress-media.com/kf/S4656b476869a406f83ce212169528c5f6.jpg
wireless wall sconce,3256810293198666,"Remote Control & USB Rechargeable Magnet Wall Light,Dimmable Cordless LED Night Light w/Touch Switch,for Bedsi",5.41,,74,39 sold,4.8,,CN,si,https://www.aliexpress.us/item/3256810293198666.html,https://ae-pic-a1.aliexpress-media.com/kf/S889f6a94e4f341fea6834b50b6453000F.jpg
wireless wall sconce,3256807956948458,Magnetic LED Wall Lamp USB Rechargeable Touch Switch Wall Lights Spotlight Cordless Dimmable Bedroom Bedside L,3.09,,86,694 sold,4.9,,CN,si,https://www.aliexpress.us/item/3256807956948458.html,https://ae-pic-a1.aliexpress-media.com/kf/S206c554796214632a9abb7003f0b30c21.jpg
wireless wall sconce,3256808405634286,Indoor Wall Lamp Charging Touch Switch Remote Control Wireless USB Charging Bedroom Kitchen Dining Room Living,7.38,,70,386 sold,4.4,,CN,si,https://www.aliexpress.us/item/3256808405634286.html,https://ae-pic-a1.aliexpress-media.com/kf/S49440d9d33c7454684aa2e6db1daf0eb5.jpg
wireless wall sconce,3256809366430859,Modern Round LED Wall Lamp Acrylic LED Sconce for Living Dining Room Hallway Bedroom Bathroom Home Decor Light,38.65,,13,63 sold,4.3,,CN,si,https://www.aliexpress.us/item/3256809366430859.html,https://ae-pic-a1.aliexpress-media.com/kf/Sc61586e37fe848f4b9c58c6e3589b4c2F.jpg
wireless wall sconce,3256811659462361,5200mAh Rechargeable Battery LED Picture Light 3CCT USB Wireless Touch Switch Dimmable Wall Lights Wall Lamp w,47.88,,11,7 sold,5,,CN,si,https://www.aliexpress.us/item/3256811659462361.html,https://ae-pic-a1.aliexpress-media.com/kf/S81f6110f539b484a8cb1aaaa862778ddl.jpg
wireless wall sconce,3256810303758348,Magnetic Base USB Rechargeable LED Cordless Wall Light with Touch Switch Black White Magnet Dimmable Bedside L,2.15,,85,294 sold,4.5,,CN,si,https://www.aliexpress.us/item/3256810303758348.html,https://ae-pic-a1.aliexpress-media.com/kf/Sa473234ee38341baae2fea75906017d0l.jpg
wireless wall sconce,3256809973574609,Rechargeable LED Wall Lamp 40CM Wireless Lamp 4400mAh Picture Light with Remote Control Interior Wall Light,34.11,,57,5 sold,5,,CN,si,https://www.aliexpress.us/item/3256809973574609.html,https://ae-pic-a1.aliexpress-media.com/kf/S8406311a9a4947d88996b316df6dae749.jpg
wireless wall sconce,3256807352183537,Modern Black Gold LED Wall Lamp Hallway Aisle Bedroom Bedside Study Stair Wall Sconce Luster Lighting Fixture ,20.58,,22,8 sold,4,,CN,si,https://www.aliexpress.us/item/3256807352183537.html,https://ae-pic-a1.aliexpress-media.com/kf/S6db3e691409847038a9fda312834fb71f.jpg
wireless wall sconce,3256808908332250,Wireless Rechargeable Battery LED Wall Lamps Wall Sconce for Bedroom 3CCT Touch Dimmable Wall Lights With Remo,33.06,,60,146 sold,4.7,,CN,si,https://www.aliexpress.us/item/3256808908332250.html,https://ae-pic-a1.aliexpress-media.com/kf/S962d384eba424ad79fff3350b66fbef3D.jpg
wireless wall sconce,3256805743067346,Wooden Cordless Mirror Light LED Night Light Adjustable Reading Lighting Design Bedside Wall Lamp,13.71,,77,508 sold,4.7,,CN,si,https://www.aliexpress.us/item/3256805743067346.html,https://ae-pic-a1.aliexpress-media.com/kf/Sd77415a8e46c466298ddf6e2c6e3e876D.jpg
wireless wall sconce,3256812550646419,4000mAh Rechargeable Wall Sconce Wireless Installation For Living Room Bedroom Hallway Study Stairwell Other I,27.31,,60,,,,CN,si,https://www.aliexpress.us/item/3256812550646419.html,https://ae-pic-a1.aliexpress-media.com/kf/S27fc7b2867c9456696d4bc4b1e1493d7f.jpeg
wireless wall sconce,3256803260444460,Wall Lamp Bedroom Bedside Lamp Modern Minimalist Nordic Creative Wall Sconce Lamp Living Room Background Wall ,45.36,,55,,,,CN,si,https://www.aliexpress.us/item/3256803260444460.html,https://ae-pic-a1.aliexpress-media.com/kf/Hc1b4e88e788f426d9910db6c466f4637D.jpg
wireless wall sconce,3256811355352506,Battery Wall Lamp Black Gold 66cm Rechargeable Cordless LED Wall Lamp Remote Dimming Modern Bedroom Decor Ligh,48.05,,58,,,,CN,si,https://www.aliexpress.us/item/3256811355352506.html,https://ae-pic-a1.aliexpress-media.com/kf/S3d7e05bb1a6f4f3a91da963c64e23934d.jpg
wireless wall sconce,3256805328490197,Motion Sensor Wireless LED Wall Lamp USB Rechargeable Acrylic Bedside Sconce Stairway Bedroom Decor Indoor Wal,23.34,,37,28 sold,3.8,,CN,si,https://www.aliexpress.us/item/3256805328490197.html,https://ae-pic-a1.aliexpress-media.com/kf/Sb03da9cf2bf743ebb9aea044fdc2b4473.jpg
wireless wall sconce,3256811999322357,"Wireless LED Picture Light with Remote Control, 360° Adjustable Magnetic Wall Lamp, Rechargeable USB, 3 Color ",15.71,,65,112 sold,4.1,,CN,si,https://www.aliexpress.us/item/3256811999322357.html,https://ae-pic-a1.aliexpress-media.com/kf/S33e43561ea63486a913e00d50453b01a2.jpg
wireless wall sconce,3256809071527526,Modern Minimalist Marble Wall Lamp Bedside Lamp Bedroom Italian Style Light Luxury Designer Personalized Livin,237.28,,29,339 sold,5,,CN,si,https://www.aliexpress.us/item/3256809071527526.html,https://ae-pic-a1.aliexpress-media.com/kf/S39d166672d0f42d7aaab8ffe6bd21f117.png
wireless wall sconce,3256809276710433,Rechargeable Wall Sconces Lights Wireless Wall Lamp Battery Powered 4400mAh LED Wall Light for Home Corridor D,46.7,,11,24 sold,5,,CN,si,https://www.aliexpress.us/item/3256809276710433.html,https://ae-pic-a1.aliexpress-media.com/kf/Sc9c091b4e6574a3a84a82f2f45b8e3bbf.jpg
wireless wall sconce,3256811873118557,5V USB Type-C Rechargeable LED Wall Light 40CM 4400mAh Modern Picture Light with Remote Control Wireless Insid,42.44,,59,5 sold,5,,CN,si,https://www.aliexpress.us/item/3256811873118557.html,https://ae-pic-a1.aliexpress-media.com/kf/Sd68bdf1aadc04ef199d59c1c302683e8S.jpg
wireless wall sconce,3256806331482154,Led Wall Lamp Touch Control IR Remote 360 Rotatable USB Recharge Wireless Portable Night Light For Bedside Bed,14.96,,74,16 sold,4.7,,CN,si,https://www.aliexpress.us/item/3256806331482154.html,https://ae-pic-a1.aliexpress-media.com/kf/S223881347e4d4ba789681c99547d713e1.jpg
wireless wall sconce,3256809564031174,"Nordic Vintage Copper Wall Lamp Luxury Sconce Light for Bedroom, Living Room, Hotel, Cafe, Bar Brass Wall Ligh",162.16,,50,,,,CN,si,https://www.aliexpress.us/item/3256809564031174.html,https://ae-pic-a1.aliexpress-media.com/kf/S2c7674e4e78e4c25b2e22e3141aa1d93y.jpg
wireless wall sconce,3256806763615533,Led Double Head Wall Lamp Touch Control Remote 360 Rotatable USB Recharge Wireless Portable Night Light For Be,10.87,,35,371 sold,4.9,,CN,si,https://www.aliexpress.us/item/3256806763615533.html,https://ae-pic-a1.aliexpress-media.com/kf/Sa3e0cccf155249258daaabf6130e60907.jpg
wireless wall sconce,3256810278706646,10-50cm Motion Sensor Light Night Wireless LED Lamp USB Battery Rechargeable Wall For Home House Room Bedroom ,1.09,,71,442 sold,4.2,,CN,si,https://www.aliexpress.us/item/3256810278706646.html,https://ae-pic-a1.aliexpress-media.com/kf/S8ceff817010d4253932e5d49b874ac400.jpg
wireless wall sconce,3256806464810923,Nordic Wood Wall Lamp With 360 Rotate Dimmable Wall Sconce Touchable Magnetic For Bedroom Cordless Wall Mount ,14.83,,75,281 sold,4.9,,CN,si,https://www.aliexpress.us/item/3256806464810923.html,https://ae-pic-a1.aliexpress-media.com/kf/S6fbd7f009ef94efa94444e85a2df44dbQ.jpg
wireless wall sconce,3256808282505602,Wabi Sabi Style Yellow Travertine Wall Lamp Vintage Stone and Wood Sconce Light for Bedroom Bedside Living Roo,53.92,,54,684 sold,4.7,,CN,si,https://www.aliexpress.us/item/3256808282505602.html,https://ae-pic-a1.aliexpress-media.com/kf/Sa23f00cf700c4a3c83c3da64d3d007c9t.jpg
wireless wall sconce,3256807585807422,HPH Intelligent Human Sensor Wall Lamp Wireless Wall Light Dimmable Led Spotlight for Rechargeable Lighting Pa,8.08,,39,1K+ sold,4.9,,CN,si,https://www.aliexpress.us/item/3256807585807422.html,https://ae-pic-a1.aliexpress-media.com/kf/S6d94456be8694313997c2223335bddcbk.png
wireless wall sconce,3256807939000713,KFV Rechargeable Intelligent Human Sensing Wireless Wall Light Dimmable  3 Colors Led Spotlight for Lighting P,8.14,,39,1K+ sold,4.8,,CN,si,https://www.aliexpress.us/item/3256807939000713.html,https://ae-pic-a1.aliexpress-media.com/kf/S3fe2e38ab79545609f365a00411f2857l.png
wireless wall sconce,3256806675335234,Indoor LED Wall Lamp With USB Interface And Wireless Charging Modern 360° Rotatable Wall Light With Switch Bed,46.33,,50,814 sold,4.9,,CN,si,https://www.aliexpress.us/item/3256806675335234.html,https://ae-pic-a1.aliexpress-media.com/kf/S7747865407e243c7a9706d9cd2d57b4ac.jpg
wireless wall sconce,3256812054220372,Marble Wall Lamp For Bedroom Bedside Living Room Bathroom Foyer Corridor Natural Stone Copper Luxury Decor LED,92.93,,52,,,,CN,si,https://www.aliexpress.us/item/3256812054220372.html,https://ae-pic-a1.aliexpress-media.com/kf/S2d7c24c6b26140c185cad47c63f34b7ch.png
diamond painting kit,3256809578751312,Evershine DIY Santa Claus Diamond Painting Christmas Tree Landscape New Arrival Winter Diamond Mosaic Deer Hol,1.09,,88,10 sold,3,,CN,si,https://www.aliexpress.us/item/3256809578751312.html,https://ae-pic-a1.aliexpress-media.com/kf/S1d03bc2d1633472a9386abd4ae18104ek.jpg
diamond painting kit,3256809620577489,"Charming DIY 5D Owl Diamond Painting Set on Tree Branches - Unique Shaped Crystals and Acrylic Diamonds, Frame",1.09,,71,1K+ sold,4.9,,CN,si,https://www.aliexpress.us/item/3256809620577489.html,https://ae-pic-a1.aliexpress-media.com/kf/Sca9baf0e87404d96b7a58ca288d49e088.jpg
diamond painting kit,3256810343638151,Evershine New Arrival Diamond Embroidery House Landscape Mosaic Winter DIY Diamond Painting Street Tree Christ,4.37,,50,317 sold,4.9,,CN,si,https://www.aliexpress.us/item/3256810343638151.html,https://ae-pic-a1.aliexpress-media.com/kf/S15c3ba8cf9bf4e6fa4644f8da4a0abdfQ.jpg
diamond painting kit,3256809573705083,EverShine Photo Custom DIY 5D Diamond Painting Embroidery Full Square Round Drill Mosaic Crafts Supplies Kit P,1.09,,91,1K+ sold,4.3,,CN,si,https://www.aliexpress.us/item/3256809573705083.html,https://ae-pic-a1.aliexpress-media.com/kf/Sdfcd17c6edcb424b9fd56f3d34b6e38fa.jpg
diamond painting kit,3256809047093296,"DIY Diamond Painting Kit, ""I Love Your Mother"" - a blooming crystal like flower with unique irregular and circ",,,,301 sold,4.9,,,,https://www.aliexpress.us/item/3256809047093296.html,https://ae-pic-a1.aliexpress-media.com/kf/Sb0edf603e2df4eeaaa669c96ae93aa76I.jpg
diamond painting kit,3256812929338321,"DIY 5D Diamond Painting, Cute Christmas Elf Maiden Fantasy Art, Hobby Craft for Home Wall Decor, Ideal Gift fo",3.62,,69,,,,CN,si,https://www.aliexpress.us/item/3256812929338321.html,https://ae-pic-a1.aliexpress-media.com/kf/S562f25dd545a4604841a0943d89d752cl.jpg
diamond painting kit,3256806984331236,8-piece Set of DIY Diamond Painted Coasters with Blue and White Porcelain Pattern and Complimentary Cup Holder,5.59,,52,509 sold,4.9,,CN,si,https://www.aliexpress.us/item/3256806984331236.html,https://ae-pic-a1.aliexpress-media.com/kf/Sff0d7aa62a9e4421a2b4e67550c864fcD.jpg
diamond painting kit,3256806706138552,Diamond Painting Fairy Dust AB Embroidery Noctilucent Beach Scenery Cross Stitch Kit 5D DIY Moon Full Drill Ar,4.92,,19,18 sold,5,,CN,si,https://www.aliexpress.us/item/3256806706138552.html,https://ae-pic-a1.aliexpress-media.com/kf/S5acee79b8e1546c5acf0a9dd3ee1ffd9h.jpg
diamond painting kit,3256812968790966,"Christmas Pearl Diamond Painting Pendant Kit,Christmas bell Pearl Art Window Pendant Craft Kit For Garden Hang",4.67,,74,,,,CN,si,https://www.aliexpress.us/item/3256812968790966.html,https://ae-pic-a1.aliexpress-media.com/kf/Sd176064fb62c49ca9e2c6e25bd260990s.jpg
diamond painting kit,3256812965478418,"Christmas Pearl Diamond Painting Pendant Kit,Carousel DIY Pearl Art Window Pendant Craft Kit For Garden Hangin",5.54,,73,,,,CN,si,https://www.aliexpress.us/item/3256812965478418.html,https://ae-pic-a1.aliexpress-media.com/kf/Sbb9e56f22d574cdab165a626b5c36005i.jpg
diamond painting kit,3256812976216238,"Christmas Pearl Diamond Painting Pendant Kit,Christmas Dog Pearl Art Window Pendant Craft Kit For Garden Hangi",7.39,,64,,,,CN,si,https://www.aliexpress.us/item/3256812976216238.html,https://ae-pic-a1.aliexpress-media.com/kf/Sae4e0d5548cb4171a3cb8109b0c596a9j.jpg
diamond painting kit,3256809025155656,HUACAN Custom Photo Diamond Painting 5D Art Kit To Customize Your Own Picture Diamond Mosaic Home Wall Decor U,7.3,,51,2K+ sold,4.6,,CN,si,https://www.aliexpress.us/item/3256809025155656.html,https://ae-pic-a1.aliexpress-media.com/kf/S31716b49c0a346f58157ef0bf8b50e772.jpg
diamond painting kit,3256808473979684,Black and White Animal Diamond Art Painting Dog 5D Full Diamond Mosaic Embroidery Cross Stitch Set Home Decora,3.68,,50,188 sold,4.9,,CN,si,https://www.aliexpress.us/item/3256808473979684.html,https://ae-pic-a1.aliexpress-media.com/kf/Sddb7c648dac5407d9742e0b14cff29f0Q.jpg
diamond painting kit,3256812856706572,"DIY 5D Diamond Painting, Day of the Dead Sugar Skull Art, Hobby Craft for Home Wall Decor, Ideal Gift for Art ",19.28,,52,,,,CN,si,https://www.aliexpress.us/item/3256812856706572.html,https://ae-pic-a1.aliexpress-media.com/kf/S85970ae9d7f942318d2e9b2e17b130fbK.jpg
diamond painting kit,3256812309576595,RUOPOTY Buddha Statue 5d Diamond Painting Home Decor Gift Diamond Art Embroidery Landscape Full Round Diamond ,1.09,,86,,,,CN,si,https://www.aliexpress.us/item/3256812309576595.html,https://ae-pic-a1.aliexpress-media.com/kf/S1ba25f6bb51b4f708cb8aef5e8af6ac5f.jpg
diamond painting kit,3256808819670541,5D Diy Diamond Painting Embroidery Animal Cat Full Square Round Mosaic Flower Complete Kit Art Wall Decoration,4.98,,35,137 sold,4.7,,CN,si,https://www.aliexpress.us/item/3256808819670541.html,https://ae-pic-a1.aliexpress-media.com/kf/S4eab52787f7c42f6ac8a0eeac650021dL.jpg
diamond painting kit,3256809509638480,DIY Diamond painting Japanese Natural Landscape Full Diamond Mosaic Rhinestone Embroidery Sakura Art Cross Sti,3.61,,52,1K+ sold,4.9,,CN,si,https://www.aliexpress.us/item/3256809509638480.html,https://ae-pic-a1.aliexpress-media.com/kf/S1385e55720224d3984ec40eedd616cbdo.jpg
diamond painting kit,3256812942844055,DIY Rhinestone Acrylic Christmas Ornaments Double Sided Diamond Painting Xmas Hanging Pendants Holiday 10pcs,8.36,,50,,,,CN,si,https://www.aliexpress.us/item/3256812942844055.html,https://ae-pic-a1.aliexpress-media.com/kf/S1adf6bb025c74718b142e523acb4f74c0.jpg
diamond painting kit,3256812801135180,"DIY Pearl Spider Web Diamond Painting, Gothic Vintage Art With Delicate Pink Peony Blossoms for Living Room De",4.88,,52,,,,CN,si,https://www.aliexpress.us/item/3256812801135180.html,https://ae-pic-a1.aliexpress-media.com/kf/S497d762b667140edbefd9dd1df7cf07a2.jpg
diamond painting kit,3256811356855842,5d Diy Diamond Painting Animal Full Embroidery Cat Diamond Mosaic Art Funny Home Decoration Picture Craft Kit,10.65,,35,64 sold,4.6,,CN,si,https://www.aliexpress.us/item/3256811356855842.html,https://ae-pic-a1.aliexpress-media.com/kf/S94c445cb01b14866bd3a81731278e170e.jpg
diamond painting kit,3256812646056138,"1-Piece Diamond Painting set Bookmark Christmas pattern acrylic Material suitable for School season, Christmas",3.94,,52,,,,CN,si,https://www.aliexpress.us/item/3256812646056138.html,https://ae-pic-a1.aliexpress-media.com/kf/S6cf43f9bf5e148d0a7ef21f6f1822e33k.jpg
diamond painting kit,3256812936240072,HUACAN Diamond Art Mosaic Deer Christmas Square Round Drill Painting 5D Animal Winter Full Kits Unique Gift Wa,2.69,,72,,,,CN,si,https://www.aliexpress.us/item/3256812936240072.html,https://ae-pic-a1.aliexpress-media.com/kf/S073ad2277b8b4b3396a61ccbdb7bcc9fp.jpg
diamond painting kit,3256812926300696,HUACAN Diamond Painting Aurora Landscape Full Kits Mosaic Christmas Deer Mountain Square Round Drill Handmade,2.62,,70,,,,CN,si,https://www.aliexpress.us/item/3256812926300696.html,https://ae-pic-a1.aliexpress-media.com/kf/Sedfa814bf42c42af843c5c7f0f32de31n.jpg
diamond painting kit,3256812212357494,"5D Diamond Painting Kit for Adults, Black Cat Full Drill Diamond Art, DIY Mosaic Cross Stitch, Home Wall Decor",10.38,,35,3 sold,5,,CN,si,https://www.aliexpress.us/item/3256812212357494.html,https://ae-pic-a1.aliexpress-media.com/kf/S4f0591ffe19a48ac811cffd018bfd7ebA.jpg
diamond painting kit,3256812976082168,"Christmas Pearl Diamond Painting Pendant Kit,The Snow Queen Pearl Art Window Pendant Craft Kit For Garden Hang",5.54,,73,,,,CN,si,https://www.aliexpress.us/item/3256812976082168.html,https://ae-pic-a1.aliexpress-media.com/kf/S412060cc379e4aad994de15b9af46c07d.jpg
diamond painting kit,3256812979866946,"2D flat diamond painting kit for Christmas pattern acrylic hanging decorations, 3D mixed size pearl crafts, ho",5,,63,,,,CN,si,https://www.aliexpress.us/item/3256812979866946.html,https://ae-pic-a1.aliexpress-media.com/kf/Sc5f2857fc62e439bb9991685f72ce975w.jpg
diamond painting kit,3256812858160946,"DIY 5D Diamond Painting, Day of the Dead Sugar Skull Art, Hobby Craft for Home Wall Decor, Ideal Gift for Art ",19.28,,52,,,,CN,si,https://www.aliexpress.us/item/3256812858160946.html,https://ae-pic-a1.aliexpress-media.com/kf/Sb2ab512fdce44b8ab247f4d6fb1e245ah.jpg
diamond painting kit,3256806670795173,Fairy Dust Diamond Painting AB Abstract Ring Art Retro Full Drill Kit Vintage Film Mordor Castle Lord Magic Ki,5.06,,19,125 sold,4.9,,CN,si,https://www.aliexpress.us/item/3256806670795173.html,https://ae-pic-a1.aliexpress-media.com/kf/Sa9d817ca7fb64c0e807147ed3e271bc5f.jpg
diamond painting kit,3256812331101786,1pc Enchanting Butterfly and Flower Pattern Diamond Painting Kit - Unique Shaped Crystal and Acrylic Diamond F,,,,41 sold,5,,,,https://www.aliexpress.us/item/3256812331101786.html,https://ae-pic-a1.aliexpress-media.com/kf/Sf4447d8335da4f4f9c044ce5d9a1dd63I.jpg
diamond painting kit,3256808466848221,"DIY Easter egg  Special Shape Diamond Art Painting Kit for Adult Beginner,Crystal Diamond Dot Kit for Home Wal",1.09,,87,48 sold,4.5,,CN,si,https://www.aliexpress.us/item/3256808466848221.html,https://ae-pic-a1.aliexpress-media.com/kf/S43dc16d6a7e34418b81e2d1b8e4cec4f0.jpg
diamond painting kit,3256812913052940,Halloween 3D Diamond Painting Kit for Adults Kids DIY Hand‑craft Wall Art Home Halloween Wall Decoration Holid,6.74,,62,,,,CN,si,https://www.aliexpress.us/item/3256812913052940.html,https://ae-pic-a1.aliexpress-media.com/kf/S8b611851fa414c09be0443cede609a429.jpg
diamond painting kit,3256807575018860,New Arrivals Diamond Embroidery Animal Kit Diy Drill Painting Cat Full Mosaic Moon Home Decor Art Handmade Gif,5.01,,35,192 sold,4.9,,CN,si,https://www.aliexpress.us/item/3256807575018860.html,https://ae-pic-a1.aliexpress-media.com/kf/S801d972df5584d5c8df2ad1a04e3ad65e.jpg
diamond painting kit,3256810609693016,Terrifier Movie The Horror Clown Diamond Painting Holiday Horror Decor Diy Diamond Embroidery Mosaic Painting ,4.43,,52,6 sold,4,,CN,si,https://www.aliexpress.us/item/3256810609693016.html,https://ae-pic-a1.aliexpress-media.com/kf/Sf5ffbea3d8954e57b5fd6e27afa6431ft.jpg
diamond painting kit,3256812948731582,"6-Piece Diamond Painting set, Greeting card, Christmas series, paper Materials, Christmas Eve gifts, writing C",5.4,,62,,,,CN,si,https://www.aliexpress.us/item/3256812948731582.html,https://ae-pic-a1.aliexpress-media.com/kf/Sc3c566c6031d46678a63a0e616f14e654.jpg
diamond painting kit,3256810190161494,Momoart Diamond Mosaic Ship Suitable For Beginners Mountain Diamond Painting House Landscape DIY Kit Embroider,5.1,,52,939 sold,4.9,,CN,si,https://www.aliexpress.us/item/3256810190161494.html,https://ae-pic-a1.aliexpress-media.com/kf/S3042566b4e874a15964dff6491924779e.jpg
diamond painting kit,3256812503715286,Full Square Round Diamond Painting Rich Gold Phoenix Animal Craft Kit Mosaic DIY Embroidery Bird Acrylic Craft,14.48,,30,,,,CN,si,https://www.aliexpress.us/item/3256812503715286.html,https://ae-pic-a1.aliexpress-media.com/kf/S402a6e213a0c4cee9e3034a73181a718w.jpg
diamond painting kit,3256812323549324,Evershine New Arrival Diamond Embroidery Mountain Landscape Rhinestones Painting Tree Needlework Mosaic Moon H,1.36,,91,3 sold,5,,CN,si,https://www.aliexpress.us/item/3256812323549324.html,https://ae-pic-a1.aliexpress-media.com/kf/Sd73a7249f98a45b39057d18cd2176fad6.jpg
diamond painting kit,3256809726798837,Momoart Skeleton Diamond Painting Portrait DIY New Arrival Horror Embroidery Rose Flower Diamond Mosaic Sunflo,2.88,,84,32 sold,4,,CN,si,https://www.aliexpress.us/item/3256809726798837.html,https://ae-pic-a1.aliexpress-media.com/kf/S749cc47ce67648a8bf167911f67a3c015.jpg
diamond painting kit,3256810564338751,EverShine DIY 5D Diamond Painting Bottle Full Drill Embroidery Tree Mosaic Landscape Crafts And Art Supplies H,1.09,,89,6 sold,5,,CN,si,https://www.aliexpress.us/item/3256810564338751.html,https://ae-pic-a1.aliexpress-media.com/kf/Sb20518df2a8a481895ee85e7e3de75091.jpg
diamond painting kit,3256812421793653,Printed Canvas Border Symbol Stickers 120 Colors Resin Diamond Painting Mountain Forest Lake Sunset Nature Sce,19.98,,24,,,,CN,si,https://www.aliexpress.us/item/3256812421793653.html,https://ae-pic-a1.aliexpress-media.com/kf/S1912de13955a4763bd53363366e31954N.jpg
diamond painting kit,3256810102644152,Evershine DIY Diamond Mosaic House Landscape Painting Christmas Tree Picture Rhinestones Embroidery Winter Hom,1.09,,88,13 sold,4.3,,CN,si,https://www.aliexpress.us/item/3256810102644152.html,https://ae-pic-a1.aliexpress-media.com/kf/S3f81afa94b1c4d8d9dcc7a2ae967a742N.jpg
diamond painting kit,3256809556287842,Momoart New Arrival Diamond Embroidery Ring Painting Rose Flower DIY Picture Rhinestones Love Heart Mosaic Sce,1.09,,89,58 sold,4.8,,CN,si,https://www.aliexpress.us/item/3256809556287842.html,https://ae-pic-a1.aliexpress-media.com/kf/Sb0621991f64b4299a6c3fb53f512694aG.jpg
diamond painting kit,3256812939206736,DIY Diamond Painting Acrylic Christmas Ornaments 6pcs Pearl Rhinestone Pendant Kit Pre-drilled Holes Jute Rope,6.68,,50,,,,CN,si,https://www.aliexpress.us/item/3256812939206736.html,https://ae-pic-a1.aliexpress-media.com/kf/S2b0d57f3f2224c7499b8ae91bf06ac41b.jpg
diamond painting kit,3256807241476280,60ML/120ML/200ML Diamond Painting Sealer with 3 Pcs Brushes Diamond Painting Glue Permanent Hold & Shine Effec,1.09,,92,6K+ sold,4.8,,CN,si,https://www.aliexpress.us/item/3256807241476280.html,https://ae-pic-a1.aliexpress-media.com/kf/Scec0a85fe33a46f195c7c1d6b069cddcw.jpg
diamond painting kit,3256809603640019,Evershine Diamond Painting butterfly animal DIY Embroidery flower Full Square Round Diamond Mosaic wall decora,1.09,,87,51 sold,4.8,,CN,si,https://www.aliexpress.us/item/3256809603640019.html,https://ae-pic-a1.aliexpress-media.com/kf/S68482cbc8d3c47ba8ab0f85042eabc1cA.jpg
diamond painting kit,3256809572524231,EverShine 5D Diamond Painting Gnome Pumpkin Full Drill Embroidery Dwarf DIY Mosaic Cartoon Portrait Halloween ,1.09,,87,14 sold,5,,CN,si,https://www.aliexpress.us/item/3256809572524231.html,https://ae-pic-a1.aliexpress-media.com/kf/S5cce1c43c4c04d129f3edb38ebba9d00f.jpg
diamond painting kit,3256812976182902,Diamond Painting Christmas Wreath Pendant Ornament DIY Kit Double Sided PET Rhinestone Metal Chain 20cm Set,8.45,,50,,,,CN,si,https://www.aliexpress.us/item/3256812976182902.html,https://ae-pic-a1.aliexpress-media.com/kf/S1811f86513f04bc4b53dda5dc99cfe55g.jpg
diamond painting kit,3256808689704843,Night Landscape 120 Colors Resin Diamond Painting With Sticker Legend Full Drills Rhinestones 5D DIY Art Kits ,18.71,,,,,,CN,si,https://www.aliexpress.us/item/3256808689704843.html,https://ae-pic-a1.aliexpress-media.com/kf/S07d66fa176014acc8726175b238a728d3.jpg
diamond painting kit,3256812426247984,Diamond Painting Sweet and Cool Cartoon Characters Mosaic Handmade Artwork Full Round/Square Diamonds Gift Hom,1.09,,88,7 sold,4,,CN,si,https://www.aliexpress.us/item/3256812426247984.html,https://ae-pic-a1.aliexpress-media.com/kf/S57fd067b6b704cc6b88758f1fd1bc738s.jpg
diamond painting kit,3256809902859639,Momoart Car Diamond Painting Landscape DIY Full Square Round Diamond Mosaic Street New Arrival Embroidery Flow,1.09,,90,925 sold,4.9,,CN,si,https://www.aliexpress.us/item/3256809902859639.html,https://ae-pic-a1.aliexpress-media.com/kf/S7c9a11e4d59f42b8b0fd53b029c61488B.jpg
diamond painting kit,3256810356906906,5D Diamond Mosaic Cartoon Black Cat Drinking Full Round/Square DIY Diamond Painting Complete Kit Home Decorati,1.09,,86,18 sold,3,,CN,si,https://www.aliexpress.us/item/3256810356906906.html,https://ae-pic-a1.aliexpress-media.com/kf/Sabf3307e7c774d30896de159cec58a5e8.jpg
diamond painting kit,3256812455696426,Symbol Stickers 120 Colors Resin Diamond Painting Printed Canvas Border Coffee Mug Sunflower Good Morning Text,19.39,,24,,,,CN,si,https://www.aliexpress.us/item/3256812455696426.html,https://ae-pic-a1.aliexpress-media.com/kf/S4838e6e28cc341cd900a9eda42967483U.jpg
diamond painting kit,3256809595369848,Evershine Seaside Diamond Mosaic Sunset Landscape Full Square Round Diamond Painting Tree DIY Embroidery Decor,1.09,,93,37 sold,5,,CN,si,https://www.aliexpress.us/item/3256809595369848.html,https://ae-pic-a1.aliexpress-media.com/kf/S49ffedc0a14e431ea0cd36f3c432d581W.jpg
diamond painting kit,3256808719379224,Huacan Full Diamond Painting Art Kit Rose Flower Full Round Square Diamond With Accessories Mosaic Decor For H,1.09,,90,80 sold,4.6,,CN,si,https://www.aliexpress.us/item/3256808719379224.html,https://ae-pic-a1.aliexpress-media.com/kf/S5c90038225a6414b9a66fcfd7d39b8694.jpg
diamond painting kit,3256810202884459,Evershine 5D DIY Diamond Embroidery Santa Claus Portrait New Arrival Painting House Winter Cross Stitch Mosaic,1.09,,87,9 sold,5,,CN,si,https://www.aliexpress.us/item/3256810202884459.html,https://ae-pic-a1.aliexpress-media.com/kf/Sa2f54fee242143ca8d2f3d7735c9e83fH.jpg
diamond painting kit,3256812416246516,120 Colors Resin Printed Canvas Border Diamond Painting Symbol Stickers European Town Street Village Landscape,14.36,,24,,,,CN,si,https://www.aliexpress.us/item/3256812416246516.html,https://ae-pic-a1.aliexpress-media.com/kf/S4bc5ce527ab04906af0e206ef4290e85k.jpg
diamond painting kit,3256812221032862,"5D Full Round Drill Diamond Painting Cute Garfield Cartoon Picture, DIY Home Wall Decoration Ideal Children Gi",1.09,,88,,,,CN,si,https://www.aliexpress.us/item/3256812221032862.html,https://ae-pic-a1.aliexpress-media.com/kf/Sa72caeeb14df408ca5682c5cc7e21c7aI.jpg
diamond painting kit,3256808609923685,"4pcs Diamond Art Painting Bookmarks Kit for Adults,DIY Hummingbirds Bookmark Bling Crystal Pendant Bookmark fo",9.78,,53,13 sold,5,,CN,si,https://www.aliexpress.us/item/3256808609923685.html,https://ae-pic-a1.aliexpress-media.com/kf/Sce9eaa21d7a54667a3438616b176e8d7K.jpg
diamond painting kit,3256807060056200,8pcs/10pcs Diamond Painting Coaster Set Mandala Coasters Diy Diamond Art Crafts Supplies For Beginners Dining ,6.56,,78,6 sold,5,,CN,si,https://www.aliexpress.us/item/3256807060056200.html,https://ae-pic-a1.aliexpress-media.com/kf/S26d4663a92c04de9accaf197558471b3B.jpg
diamond painting kit,3256808404265493,HUACAN Photo Custom Diamond Painting DIY Rhinestone Pictures Full Square Round Diamond Mosaic Embroidery Wall ,1.09,,90,3K+ sold,4.6,,CN,si,https://www.aliexpress.us/item/3256808404265493.html,https://ae-pic-a1.aliexpress-media.com/kf/Sf53684e9d05045a3a1b43a4c1c9873945.jpg
